Date,Nifty Microcap 250 Historical Data,Gold Futures Historical Data,India 10-Year Bond Yield Historical Data (1),Nifty Auto Historical Data (2),Nifty India Manufacturing Historical Data (2),Nifty Midcap 50 Historical Data,Nifty Bank Historical Data,Nifty Alpha Low-Volatility 30 Historical Data,Nifty 50 Historical Data (3),S&P BSE 250 LargeMidCap Historical Data,Nifty Midcap 150 Historical Data (1),Nifty 500 Historical Data,Nifty Alpha 50 Historical Data,India 2-Year Bond Yield Historical Data,Nifty 100 Historical Data
2005-01-01,,,6.795,,,,,,,,,,,,
2005-01-03,,429.70,6.538,,,,,,"2,115.00",,,"1,834.75",,,
2005-01-04,,429.20,6.485,,,,,,"2,103.75",,,"1,831.30",,,
2005-01-05,,427.30,6.567,,,,,,"2,032.20",,,"1,769.20",,,
2005-01-06,,421.60,6.605,,,,,,"1,998.35",,,"1,741.10",,,
2005-01-07,,419.50,6.548,,,,,,"2,015.50",,,"1,758.05",,,
2005-01-08,,,6.566,,,,,,,,,,,,
2005-01-10,,419.70,6.588,,,,,,"1,982.00",,,"1,738.40",,,
2005-01-11,,422.40,6.554,,,,,,"1,952.05",,,"1,705.90",,,
2005-01-12,,426.60,6.581,,,,,,"1,913.60",,,"1,662.00",,,
2005-01-13,,425.10,6.566,,,,,,"1,954.55",,,"1,700.35",,,
2005-01-14,,423.30,6.648,,,,,,"1,931.10",,,"1,683.55",,,
2005-01-15,,,6.726,,,,,,,,,,,,
2005-01-17,,,6.69,,,,,,"1,932.90",,,"1,679.80",,,
2005-01-18,,423.50,6.717,,,,,,"1,934.05",,,"1,683.80",,,
2005-01-19,,423.30,6.758,,,,,,"1,926.65",,,"1,676.00",,,
2005-01-20,,422.60,6.719,,,,,,"1,925.30",,,"1,668.30",,,
2005-01-21,,426.90,,,,,,,,,,,,,
2005-01-22,,,6.738,,,,,,,,,,,,
2005-01-24,,427.10,6.748,,,,,,"1,909.00",,,"1,653.80",,,
2005-01-25,,422.10,6.755,,,,,,"1,931.85",,,"1,672.60",,,
2005-01-26,,426.90,,,,,,,,,,,,,
2005-01-27,,426.30,6.756,,,,,,"1,955.00",,,"1,692.80",,,
2005-01-28,,428.10,6.736,,,,,,"2,008.30",,,"1,732.70",,,
2005-01-29,,,6.712,,,,,,,,,,,,
2005-01-31,,424.10,6.703,,,,,,"2,057.60",,,"1,768.25",,,
2005-02-01,,422.90,6.723,,,,,,"2,059.85",,,"1,775.00",,,
2005-02-02,,423.00,6.679,,,,,,"2,052.25",,,"1,775.90",,,
2005-02-03,,418.50,6.727,,,,,,"2,079.45",,,"1,799.80",,,
2005-02-04,,415.90,6.731,,,,,,"2,077.95",,,"1,798.20",,,
2005-02-05,,,6.714,,,,,,,,,,,,
2005-02-07,,415.40,6.582,,,,,,"2,055.10",,,"1,786.70",,,
2005-02-08,,414.30,6.544,,,,,,"2,055.15",,,"1,788.85",,,
2005-02-09,,414.50,6.534,,,,,,"2,070.00",,,"1,805.15",,,
2005-02-10,,418.70,6.48,,,,,,"2,063.35",,,"1,803.00",,,
2005-02-11,,422.00,6.452,,,,,,"2,082.05",,,"1,817.50",,,
2005-02-12,,,6.454,,,,,,,,,,,,
2005-02-14,,427.30,6.499,,,,,,"2,098.25",,,"1,828.65",,,
2005-02-15,,427.30,6.516,,,,,,"2,089.95",,,"1,819.05",,,
2005-02-16,,426.90,6.532,,,,,,"2,068.80",,,"1,803.45",,,
2005-02-17,,428.60,6.507,,,,,,"2,061.90",,,"1,797.25",,,
2005-02-18,,428.40,6.498,,,,,,"2,055.55",,,"1,794.10",,,
2005-02-19,,,6.512,,,,,,,,,,,,
2005-02-21,,,6.508,,,,,,"2,043.20",,,"1,781.50",,,
2005-02-22,,435.80,6.502,,,,,,"2,058.40",,,"1,793.20",,,
2005-02-23,,436.10,6.507,,,,,,"2,057.10",,,"1,794.95",,,
2005-02-24,,435.70,6.506,,,,,,"2,055.30",,,"1,794.55",,,
2005-02-25,,436.10,6.495,,,,,,"2,060.90",,,"1,796.30",,,
2005-02-26,,,6.473,,,,,,,,,,,,
2005-02-28,,437.60,6.549,,,,,,"2,103.25",,,"1,827.40",,,
2005-03-01,,433.90,6.651,,,,,,"2,084.40",,,"1,811.90",,,
2005-03-02,,433.80,6.634,,,,,,"2,093.25",,,"1,825.30",,,
2005-03-03,,430.80,6.62,,,,,,"2,128.85",,,"1,854.30",,,
2005-03-04,,435.10,6.625,,,,,,"2,148.15",,,"1,871.95",,,
2005-03-05,,,6.578,,,,,,,,,,,,
2005-03-07,,435.80,6.533,,,,,,"2,160.10",,,"1,883.60",,,
2005-03-08,,441.10,,,,,,,"2,168.95",,,"1,893.20",,,
2005-03-09,,442.90,6.55,,,,,,"2,160.80",,,"1,881.80",,,
2005-03-10,,443.40,6.578,,,,,,"2,167.40",,,"1,889.00",,,
2005-03-11,,446.80,6.559,,,,,,"2,154.00",,,"1,880.85",,,
2005-03-12,,,6.562,,,,,,,,,,,,
2005-03-14,,441.60,6.574,,,,,,"2,146.35",,,"1,871.80",,,
2005-03-15,,441.40,6.623,,,,,,"2,128.95",,,"1,860.60",,,
2005-03-16,,444.20,6.626,,,,,,"2,125.55",,,"1,859.65",,,
2005-03-17,,439.10,6.694,,,,,,"2,098.50",,,"1,835.95",,,
2005-03-18,,439.70,6.661,,,,,,"2,109.15",,,"1,838.35",,,
2005-03-19,,,6.664,,,,,,,,,,,,
2005-03-21,,431.40,6.709,,,,,,"2,096.60",,,"1,829.30",,,
2005-03-22,,431.60,6.715,,,,,,"2,061.60",,,"1,793.30",,,
2005-03-23,,425.40,6.728,,,,,,"2,026.40",,,"1,758.50",,,
2005-03-24,,424.80,6.673,,,,,,"2,015.40",,,"1,748.60",,,
2005-03-28,,426.00,6.653,,,,,,"2,029.45",,,"1,762.60",,,
2005-03-29,,426.00,6.666,,,,,,"1,983.85",,,"1,724.65",,,
2005-03-30,,429.50,6.668,,,,,,"1,993.70",,,"1,737.45",,,
2005-03-31,,431.10,6.676,,,,,,"2,035.65",,,"1,772.85",,,
2005-04-01,,428.30,6.678,,,,,,"2,067.65",,,"1,805.30",,,
2005-04-02,,,6.73,,,,,,,,,,,,
2005-04-04,,426.00,6.75,,,,,,"2,063.40",,,"1,804.05",,,
2005-04-05,,426.60,6.73,,,,,,"2,052.55",,,"1,793.05",,,
2005-04-06,,429.20,6.822,,,,,,"2,069.30",,,"1,807.00",,,
2005-04-07,,428.40,6.975,,,,,,"2,052.85",,,"1,798.40",,,
2005-04-08,,428.80,7.015,,,,,,"2,031.20",,,"1,783.30",,,
2005-04-11,,430.40,7.002,,,,,,"2,008.20",,,"1,764.35",,,
2005-04-12,,429.30,7.002,,,,,,"2,024.95",,,"1,778.20",,,
2005-04-13,,431.00,7.002,,,,,,"2,025.45",,,"1,779.35",,,
2005-04-14,,425.60,,,,,,,,,,,,,
2005-04-15,,426.50,6.992,,,,,,"1,956.30",,,"1,726.75",,,
2005-04-16,,,7.089,,,,,,,,,,,,
2005-04-18,,429.00,,,,,,,"1,927.80",,,"1,706.45",,,
2005-04-19,,434.40,7.071,,,,,,"1,909.40",,,"1,693.55",,,
2005-04-20,,436.70,7.082,,,,,,"1,929.70",,,"1,707.00",,,
2005-04-21,,434.40,7.082,,,,,,"1,948.55",,,"1,727.15",,,
2005-04-22,,435.60,,,,,,,"1,967.35",,,"1,742.15",,,
2005-04-23,,,7.102,,,,,,,,,,,,
2005-04-25,,435.80,7.123,,,,,,"1,970.95",,,"1,748.30",,,
2005-04-26,,439.00,7.123,,,,,,"1,957.10",,,"1,740.60",,,
2005-04-27,,434.10,7.11,,,,,,"1,935.40",,,"1,723.05",,,
2005-04-28,,432.40,7.225,,,,,,"1,941.30",,,"1,718.15",,,
2005-04-29,,436.10,7.239,,,,,,"1,902.50",,,"1,688.65",,,
2005-04-30,,,7.357,,,,,,,,,,,,
2005-05-02,,430.50,7.301,,,,,,"1,916.75",,,"1,695.25",,,
2005-05-03,,427.70,7.239,,,,,,"1,920.70",,,"1,698.40",,,
2005-05-04,,430.00,7.232,,,,,,"1,942.60",,,"1,717.65",,,
2005-05-05,,430.70,7.239,,,,,,"1,963.30",,,"1,737.60",,,
2005-05-06,,426.90,7.26,,,,,,"1,977.50",,,"1,748.55",,,
2005-05-07,,,7.252,,,,,,,,,,,,
2005-05-09,,426.90,7.252,,,,,,"2,000.75",,,"1,769.70",,,
2005-05-10,,427.90,7.204,,,,,,"1,994.30",,,"1,765.90",,,
2005-05-11,,427.90,7.204,,,,,,"1,985.95",,,"1,760.30",,,
2005-05-12,,422.20,7.194,,,,,,"1,993.15",,,"1,768.90",,,
2005-05-13,,420.70,7.169,,,,,,"1,988.30",,,"1,768.25",,,
2005-05-14,,,7.169,,,,,,,,,,,,
2005-05-16,,419.30,7.197,,,,,,"2,012.60",,,"1,785.95",,,
2005-05-17,,419.80,7.161,,,,,,"1,990.80",,,"1,766.35",,,
2005-05-18,,421.90,7.162,,,,,,"1,982.75",,,"1,761.60",,,
2005-05-19,,420.80,7.066,,,,,,"1,990.85",,,"1,770.60",,,
2005-05-20,,417.70,7.005,,,,,,"1,992.40",,,"1,771.30",,,
2005-05-21,,,7.032,,,,,,,,,,,,
2005-05-23,,416.90,,,,,,,"2,013.90",,,"1,788.15",,,
2005-05-24,,417.70,6.917,,,,,,"2,028.60",,,"1,797.95",,,
2005-05-25,,418.90,6.924,,,,,,"2,043.85",,,"1,808.50",,,
2005-05-26,,418.00,6.971,,,,,,"2,074.70",,,"1,822.25",,,
2005-05-27,,419.80,6.971,,,,,,"2,076.40",,,"1,824.75",,,
2005-05-28,,,6.995,,,,,,,,,,,,
2005-05-30,,,7.002,,,,,,"2,072.40",,,"1,819.20",,,
2005-05-31,,418.90,6.979,,,,,,"2,087.55",,,"1,834.85",,,
2005-06-01,,417.70,6.923,,,,,,"2,087.55",,,"1,838.45",,,
2005-06-02,,424.80,6.92,,,,,,"2,064.65",,,"1,821.45",,,
2005-06-03,,425.80,6.896,,,,,,"2,094.25",,,"1,843.05",,,
2005-06-04,,,6.902,,,,,,"2,092.35",,,"1,844.85",,,
2005-06-06,,428.40,6.896,,,,,,"2,092.80",,,"1,849.20",,,
2005-06-07,,426.70,6.855,,,,,,"2,098.15",,,"1,856.50",,,
2005-06-08,,426.60,6.804,,,,,,"2,112.40",,,"1,867.30",,,
2005-06-09,,426.10,6.828,,,,,,"2,103.20",,,"1,862.15",,,
2005-06-10,,429.30,6.848,,,,"3,593.55",,"2,090.60",,,"1,851.00",,,
2005-06-11,,,6.875,,,,,,,,,,,,
2005-06-13,,431.10,6.888,,,,"3,642.90",,"2,102.75",,,"1,858.15",,,
2005-06-14,,429.30,6.915,,,,"3,689.80",,"2,112.35",,,"1,863.10",,,
2005-06-15,,430.90,6.902,,,,"3,683.85",,"2,128.65",,,"1,874.75",,,
2005-06-16,,437.90,6.949,,,,"3,618.80",,"2,123.70",,,"1,862.75",,,
2005-06-17,,440.00,6.962,,,,"3,595.80",,"2,123.40",,,"1,854.60",,,
2005-06-18,,,6.949,,,,,,,,,,,,
2005-06-20,,440.00,6.935,,,,"3,531.75",,"2,144.35",,,"1,861.65",,,
2005-06-21,,440.50,6.874,,,,"3,577.50",,"2,170.00",,,"1,877.50",,,
2005-06-22,,439.70,6.834,,,,"3,560.90",,"2,187.35",,,"1,889.05",,,
2005-06-23,,443.20,6.82,,,,"3,610.10",,"2,183.85",,,"1,890.80",,,
2005-06-24,,442.00,6.867,,,,"3,599.10",,"2,194.35",,,"1,901.35",,,
2005-06-25,,,6.864,,,,,,,,,,,,
2005-06-27,,441.70,6.935,,,,"3,596.50",,"2,199.80",,,"1,903.30",,,
2005-06-28,,437.70,6.901,,,,"3,557.80",,"2,169.85",,,"1,875.80",,,
2005-06-29,,438.60,6.894,,,,"3,586.65",,"2,191.65",,,"1,892.85",,,
2005-06-30,,437.10,6.907,,,,"3,638.40",,"2,220.60",,,"1,906.20",,,
2005-07-01,,428.80,6.962,,,,"3,678.90",,"2,211.90",,,"1,912.35",,,
2005-07-02,,,7.071,,,,,,,,,,,,
2005-07-04,,,7.063,,,,"3,721.50",,"2,230.65",,,"1,933.35",,,
2005-07-05,,423.90,7.05,,,,"3,702.05",,"2,210.75",,,"1,917.95",,,
2005-07-06,,424.50,7.119,,,,"3,759.30",,"2,228.20",,,"1,939.30",,,
2005-07-07,,424.20,7.158,,,,"3,721.15",,"2,179.40",,,"1,903.05",,,
2005-07-08,,423.80,7.193,,,,"3,772.20",,"2,196.20",,,"1,924.40",,,
2005-07-09,,,7.188,,,,,,,,,,,,
2005-07-11,,426.30,7.237,,,,"3,844.95",,"2,218.85",,,"1,945.00",,,
2005-07-12,,427.10,7.227,,,,"3,892.25",,"2,220.80",,,"1,948.55",,,
2005-07-13,,424.60,7.227,,,,"3,897.55",,"2,204.05",,,"1,942.80",,,
2005-07-14,,420.20,7.208,,,,"3,841.90",,"2,185.10",,,"1,933.60",,,
2005-07-15,,421.30,7.17,,,,"3,834.85",,"2,212.55",,,"1,955.05",,,
2005-07-16,,,7.202,,,,,,,,,,,,
2005-07-18,,421.00,7.16,,,,"3,849.50",,"2,234.00",,,"1,976.75",,,
2005-07-19,,420.20,7.181,,,,"3,877.75",,"2,237.30",,,"1,982.30",,,
2005-07-20,,422.10,7.174,,,,"3,891.15",,"2,241.90",,,"1,989.70",,,
2005-07-21,,425.70,7.158,,,,"3,847.85",,"2,230.50",,,"1,979.45",,,
2005-07-22,,425.00,7.163,,,,"3,949.45",,"2,265.60",,,"2,007.40",,,
2005-07-23,,,7.174,,,,,,,,,,,,
2005-07-25,,425.90,7.165,,,,"4,105.25",,"2,291.75",,,"2,027.95",,,
2005-07-26,,423.50,6.999,,,,"4,189.50",,"2,303.15",,,"2,028.80",,,
2005-07-27,,424.80,,,,,"4,298.00",,"2,319.10",,,"2,038.35",,,
2005-07-28,,433.30,,,,,,,,,,,,,
2005-07-29,,435.80,6.96,,,,"4,361.15",,"2,312.30",,,"2,027.40",,,
2005-07-30,,,6.994,,,,,,,,,,,,
2005-08-01,,437.70,7.015,,,,"4,336.00",,"2,318.05",,,"2,039.60",,,
2005-08-02,,437.70,6.98,,,,"4,320.00",,"2,353.65",,,"2,073.50",,,
2005-08-03,,442.70,6.974,,,,"4,316.00",,"2,357.00",,,"2,073.35",,,
2005-08-04,,443.70,6.98,,,,"4,297.35",,"2,367.80",,,"2,083.65",,,
2005-08-05,,442.80,6.987,,,,"4,277.15",,"2,361.20",,,"2,086.00",,,
2005-08-06,,,7.001,,,,,,,,,,,,
2005-08-08,,440.30,7.009,,,,"4,117.25",,"2,324.40",,,"2,055.40",,,
2005-08-09,,439.80,7.052,,,,"4,110.85",,"2,318.70",,,"2,051.00",,,
2005-08-10,,442.00,7.021,,,,"4,213.10",,"2,360.15",,,"2,086.45",,,
2005-08-11,,450.90,7.017,,,,"4,265.25",,"2,380.90",,,"2,103.20",,,
2005-08-12,,451.40,7.028,,,,"4,263.25",,"2,361.55",,,"2,093.20",,,
2005-08-13,,,7.059,,,,,,,,,,,,
2005-08-15,,447.60,,,,,,,,,,,,,
2005-08-16,,451.50,7.079,,,,"4,213.00",,"2,369.80",,,"2,103.65",,,
2005-08-17,,445.20,7.077,,,,"4,224.55",,"2,403.15",,,"2,129.60",,,
2005-08-18,,444.70,7.07,,,,"4,222.75",,"2,388.45",,,"2,119.15",,,
2005-08-19,,442.20,7.072,,,,"4,174.90",,"2,383.45",,,"2,116.50",,,
2005-08-22,,443.00,7.074,,,,"4,113.15",,"2,367.85",,,"2,104.30",,,
2005-08-23,,444.30,7.085,,,,"4,036.05",,"2,326.10",,,"2,066.25",,,
2005-08-24,,442.20,7.097,,,,"4,014.20",,"2,322.50",,,"2,056.40",,,
2005-08-25,,443.10,7.09,,,,"4,038.05",,"2,354.55",,,"2,080.35",,,
2005-08-26,,442.10,7.081,,,,"4,042.25",,"2,357.05",,,"2,094.90",,,
2005-08-27,,,7.069,,,,,,,,,,,,
2005-08-29,,441.40,7.088,,,,"3,981.20",,"2,337.65",,,"2,083.00",,,
2005-08-30,,435.50,7.086,,,,"4,046.40",,"2,367.75",,,"2,110.40",,,
2005-08-31,,438.10,7.094,,,,"4,062.60",,"2,384.65",,,"2,126.35",,,
2005-09-01,,446.50,7.083,,,,"4,064.65",,"2,405.75",,,"2,143.60",,,
2005-09-02,,448.50,7.043,,,,"4,089.45",,"2,415.80",,,"2,150.90",,,
2005-09-03,,,7.033,,,,,,,,,,,,
2005-09-05,,,7.034,,,,"4,129.35",,"2,422.95",,,"2,157.75",,,
2005-09-06,,448.60,7.025,,,,"4,169.10",,"2,428.65",,,"2,161.50",,,
2005-09-07,,449.00,,,,,,,,,,,,,
2005-09-08,,450.70,7.034,,,,"4,222.05",,"2,454.45",,,"2,179.50",,,
2005-09-09,,453.00,7.034,,,,"4,314.15",,"2,455.45",,,"2,179.15",,,
2005-09-10,,,7.034,,,,,,,,,,,,
2005-09-12,,453.70,7.031,,,,"4,363.15",,"2,484.15",,,"2,205.70",,,
2005-09-13,,450.00,7.018,,,,"4,408.05",,"2,500.35",,,"2,220.85",,,
2005-09-14,,453.70,7.013,,,,"4,424.80",,"2,492.45",,,"2,211.40",,,
2005-09-15,,459.30,6.999,,,,"4,452.30",,"2,523.95",,,"2,236.65",,,
2005-09-16,,463.30,7.019,,,,"4,485.15",,"2,552.35",,,"2,258.15",,,
2005-09-17,,,7.012,,,,,,,,,,,,
2005-09-19,,470.40,6.998,,,,"4,538.00",,"2,567.10",,,"2,275.00",,,
2005-09-20,,470.00,7.005,,,,"4,612.00",,"2,578.00",,,"2,278.45",,,
2005-09-21,,472.60,7.005,,,,"4,568.15",,"2,567.30",,,"2,260.25",,,
2005-09-22,,470.30,7.045,,,,"4,420.25",,"2,476.50",,,"2,167.10",,,
2005-09-23,,467.20,7.06,,,,"4,397.95",,"2,477.75",,,"2,174.65",,,
2005-09-24,,,7.039,,,,,,,,,,,,
2005-09-26,,469.50,7.039,,,,"4,486.45",,"2,557.35",,,"2,245.40",,,
2005-09-27,,466.20,7.088,,,,"4,549.50",,"2,574.85",,,"2,259.35",,,
2005-09-28,,473.10,7.074,,,,"4,604.05",,"2,598.05",,,"2,280.35",,,
2005-09-29,,475.80,7.095,,,,"4,600.05",,"2,611.20",,,"2,281.75",,,
2005-09-30,,472.30,7.101,,,,"4,622.10",,"2,601.40",,,"2,274.00",,,
2005-10-01,,,7.101,,,,,,,,,,,,
2005-10-03,,469.30,7.155,,,,"4,622.40",,"2,630.05",,,"2,299.45",,,
2005-10-04,,469.30,7.144,,,,"4,692.85",,"2,663.35",,,"2,327.75",,,
2005-10-05,,469.30,7.144,,,,"4,601.45",,"2,644.40",,,"2,313.25",,,
2005-10-06,,475.00,7.179,,,,"4,465.25",,"2,579.15",,,"2,270.05",,,
2005-10-07,,477.70,7.179,,,,"4,414.25",,"2,574.05",,,"2,264.10",,,
2005-10-10,,478.00,7.178,,,,"4,370.80",,"2,566.85",,,"2,253.60",,,
2005-10-11,,479.80,7.157,,,,"4,489.40",,"2,589.55",,,"2,264.00",,,
2005-10-12,,476.60,,,,,,,,,,,,,
2005-10-13,,473.80,7.143,,,,"4,390.70",,"2,537.30",,,"2,226.25",,,
2005-10-14,,471.80,7.129,,,,"4,274.85",,"2,484.40",,,"2,181.05",,,
2005-10-17,,476.60,7.136,,,,"4,271.60",,"2,485.15",,,"2,172.60",,,
2005-10-18,,474.60,7.178,,,,"4,233.45",,"2,468.20",,,"2,157.90",,,
2005-10-19,,465.80,7.171,,,,"4,152.90",,"2,412.45",,,"2,105.65",,,
2005-10-20,,463.20,7.178,,,,"4,077.95",,"2,395.45",,,"2,085.15",,,
2005-10-21,,469.10,7.171,,,,"4,132.15",,"2,443.75",,,"2,119.45",,,
2005-10-24,,467.00,7.108,,,,"4,049.15",,"2,394.85",,,"2,092.05",,,
2005-10-25,,474.70,7.128,,,,"4,120.90",,"2,418.20",,,"2,108.50",,,
2005-10-26,,473.00,7.093,,,,"4,128.55",,"2,408.50",,,"2,098.20",,,
2005-10-27,,475.60,7.085,,,,"3,944.20",,"2,352.90",,,"2,052.05",,,
2005-10-28,,474.80,7.078,,,,"3,876.55",,"2,316.05",,,"2,022.15",,,
2005-10-31,,466.90,7.099,,,,"4,003.85",,"2,370.95",,,"2,067.80",,,
2005-11-01,,460.60,,,,,"4,025.25",,"2,386.75",,,"2,084.65",,,
2005-11-02,,464.60,7.099,,,,"4,014.65",,"2,419.05",,,"2,106.40",,,
2005-11-03,,461.90,7.096,,,,,,,,,,,,
2005-11-04,,457.90,7.103,,,,,,,,,,,,
2005-11-07,,460.40,7.106,,,,"4,032.80",,"2,461.60",,,"2,141.95",,,
2005-11-08,,462.30,7.106,,,,"4,076.95",,"2,492.65",,,"2,173.00",,,
2005-11-09,,467.50,7.127,,,,"4,094.70",,"2,489.10",,,"2,166.60",,,
2005-11-10,,467.70,7.123,,,,"4,081.40",,"2,500.70",,,"2,177.25",,,
2005-11-11,,469.40,7.12,,,,"4,165.30",,"2,548.65",,,"2,220.20",,,
2005-11-14,,469.10,7.098,,,,"4,259.70",,"2,558.70",,,"2,227.15",,,
2005-11-15,,469.00,,,,,,,,,,,,,
2005-11-16,,479.10,7.098,,,,"4,318.85",,"2,582.75",,,"2,245.25",,,
2005-11-17,,486.90,7.098,,,,"4,380.35",,"2,603.95",,,"2,259.55",,,
2005-11-18,,486.20,7.094,,,,"4,346.10",,"2,620.05",,,"2,269.00",,,
2005-11-21,,489.50,7.091,,,,"4,251.95",,"2,602.50",,,"2,255.25",,,
2005-11-22,,492.90,7.077,,,,"4,190.95",,"2,572.85",,,"2,233.90",,,
2005-11-23,,492.30,7.065,,,,"4,260.75",,"2,608.60",,,"2,255.50",,,
2005-11-24,,,7.069,,,,"4,318.35",,"2,635.00",,,"2,274.70",,,
2005-11-25,,,7.091,,,,"4,367.65",,"2,664.30",,,"2,300.70",,,
2005-11-26,,,,,,,"4,375.25",,"2,683.45",,,"2,321.95",,,
2005-11-28,,498.30,7.09,,,,"4,407.55",,"2,712.00",,,"2,346.85",,,
2005-11-29,,503.50,7.076,,,,"4,348.25",,"2,698.30",,,"2,336.80",,,
2005-11-30,,498.70,7.083,,,,"4,298.20",,"2,652.25",,,"2,306.15",,,
2005-12-01,,506.30,7.079,,,,"4,336.40",,"2,698.95",,,"2,342.30",,,
2005-12-02,,507.00,7.097,,,,"4,343.45",,"2,697.95",,,"2,345.15",,,
2005-12-05,,512.60,7.09,,,,"4,270.25",,"2,660.50",,,"2,319.70",,,
2005-12-06,,513.80,7.097,,,,"4,229.70",,"2,662.30",,,"2,318.45",,,
2005-12-07,,517.80,7.097,,,,"4,276.65",,"2,693.00",,,"2,339.75",,,
2005-12-08,,522.70,7.097,,,,"4,266.85",,"2,706.70",,,"2,350.90",,,
2005-12-09,,530.20,7.104,,,,"4,314.50",,"2,756.45",,,"2,385.85",,,
2005-12-12,,531.50,7.111,,,,"4,366.75",,"2,776.20",,,"2,402.50",,,
2005-12-13,,524.10,7.111,,,,"4,429.80",,"2,812.30",,,"2,427.90",,,
2005-12-14,,509.50,7.111,,,,"4,519.55",,"2,804.55",,,"2,425.70",,,
2005-12-15,,506.60,7.111,,,,"4,406.10",,"2,778.55",,,"2,401.20",,,
2005-12-16,,505.90,7.104,,,,"4,520.15",,"2,810.15",,,"2,425.40",,,
2005-12-19,,506.10,7.115,,,,"4,595.85",,"2,842.60",,,"2,452.65",,,
2005-12-20,,497.00,7.118,,,,"4,578.35",,"2,826.20",,,"2,446.85",,,
2005-12-21,,495.30,7.118,,,,"4,511.05",,"2,822.90",,,"2,445.50",,,
2005-12-22,,505.00,7.129,,,,"4,522.45",,"2,835.25",,,"2,454.35",,,
2005-12-23,,505.20,7.122,,,,"4,469.80",,"2,804.85",,,"2,426.10",,,
2005-12-26,,,7.125,,,,"4,335.15",,"2,749.60",,,"2,377.25",,,
2005-12-27,,510.10,7.117,,,,"4,451.95",,"2,805.90",,,"2,424.65",,,
2005-12-28,,516.30,7.117,,,,"4,453.60",,"2,794.05",,,"2,422.05",,,
2005-12-29,,517.50,7.11,,,,"4,441.55",,"2,821.95",,,"2,440.30",,,
2005-12-30,,519.70,7.11,,,,"4,534.20",,"2,836.55",,,"2,459.20",,,
2006-01-02,,,7.18,,,,"4,556.25",,"2,835.95",,,"2,464.25",,,
2006-01-03,,532.50,7.18,,,,"4,600.25",,"2,883.35",,,"2,502.55",,,
2006-01-04,,535.60,7.189,,,,"4,694.15",,"2,904.40",,,"2,522.55",,,
2006-01-05,,527.80,7.176,,,,"4,760.45",,"2,899.85",,,"2,525.40",,,
2006-01-06,,541.20,7.183,,,,"4,755.60",,"2,914.00",,,"2,537.30",,,
2006-01-09,,550.50,7.187,,,,"4,695.60",,"2,910.10",,,"2,540.40",,,
2006-01-10,,545.70,7.188,,,,"4,629.10",,"2,870.80",,,"2,512.05",,,
2006-01-11,,550.10,,,,,,,,,,,,,
2006-01-12,,549.30,7.196,,,,"4,635.35",,"2,850.70",,,"2,502.05",,,
2006-01-13,,557.00,7.213,,,,"4,602.55",,"2,850.55",,,"2,502.75",,,
2006-01-16,,,7.202,,,,"4,558.15",,"2,833.10",,,"2,486.15",,,
2006-01-17,,554.30,7.19,,,,"4,504.05",,"2,829.10",,,"2,473.65",,,
2006-01-18,,544.50,7.201,,,,"4,441.75",,"2,809.20",,,"2,455.75",,,
2006-01-19,,559.00,7.215,,,,"4,489.00",,"2,870.85",,,"2,506.30",,,
2006-01-20,,554.00,7.203,,,,"4,509.40",,"2,900.95",,,"2,529.10",,,
2006-01-23,,558.70,7.205,,,,"4,491.70",,"2,884.05",,,"2,517.75",,,
2006-01-24,,558.10,7.325,,,,"4,492.30",,"2,908.00",,,"2,532.50",,,
2006-01-25,,562.50,7.448,,,,"4,494.95",,"2,940.35",,,"2,548.60",,,
2006-01-26,,559.90,,,,,,,,,,,,,
2006-01-27,,558.80,7.485,,,,"4,666.90",,"2,982.75",,,"2,587.50",,,
2006-01-30,,570.60,7.425,,,,"4,601.80",,"2,974.50",,,"2,570.15",,,
2006-01-31,,575.50,7.372,,,,"4,617.60",,"3,001.10",,,"2,585.95",,,
2006-02-01,,574.00,7.368,,,,"4,483.80",,"2,971.55",,,"2,560.55",,,
2006-02-02,,576.80,7.395,,,,"4,441.05",,"2,967.45",,,"2,559.55",,,
2006-02-03,,571.60,7.349,,,,"4,397.90",,"2,940.60",,,"2,550.20",,,
2006-02-06,,574.30,7.326,,,,"4,481.65",,"3,000.45",,,"2,588.65",,,
2006-02-07,,554.80,7.355,,,,"4,578.10",,"3,020.10",,,"2,605.35",,,
2006-02-08,,553.80,7.364,,,,"4,563.85",,"3,008.95",,,"2,603.25",,,
2006-02-09,,568.10,,,,,,,,,,,,,
2006-02-10,,553.50,7.352,,,,"4,581.85",,"3,027.55",,,"2,621.40",,,
2006-02-13,,542.10,7.345,,,,"4,611.00",,"3,041.15",,,"2,634.60",,,
2006-02-14,,548.90,7.359,,,,"4,540.00",,"3,017.55",,,"2,618.00",,,
2006-02-15,,542.70,7.374,,,,"4,515.80",,"3,022.20",,,"2,624.85",,,
2006-02-16,,548.80,7.342,,,,"4,548.10",,"3,021.60",,,"2,630.25",,,
2006-02-17,,554.60,7.342,,,,"4,452.30",,"2,981.50",,,"2,593.55",,,
2006-02-20,,,7.348,,,,"4,449.30",,"3,005.85",,,"2,598.95",,,
2006-02-21,,556.60,7.343,,,,"4,466.60",,"3,035.50",,,"2,620.65",,,
2006-02-22,,556.60,7.366,,,,"4,452.10",,"3,050.80",,,"2,635.85",,,
2006-02-23,,550.90,7.379,,,,"4,394.90",,"3,062.10",,,"2,640.15",,,
2006-02-24,,561.20,7.389,,,,"4,497.75",,"3,050.05",,,"2,644.95",,,
2006-02-27,,557.00,7.371,,,,"4,560.05",,"3,067.45",,,"2,660.70",,,
2006-02-28,,563.90,7.393,,,,"4,579.05",,"3,074.70",,,"2,658.95",,,
2006-03-01,,565.80,7.408,,,,"4,572.70",,"3,123.10",,,"2,698.60",,,
2006-03-02,,570.40,7.411,,,,"4,656.35",,"3,150.70",,,"2,722.00",,,
2006-03-03,,568.00,7.447,,,,"4,624.00",,"3,147.35",,,"2,724.25",,,
2006-03-06,,556.80,7.477,,,,"4,634.45",,"3,190.40",,,"2,761.05",,,
2006-03-07,,554.50,7.435,,,,"4,621.80",,"3,182.80",,,"2,767.20",,,
2006-03-08,,544.30,7.41,,,,"4,555.35",,"3,116.70",,,"2,715.00",,,
2006-03-09,,547.00,7.389,,,,"4,587.35",,"3,129.10",,,"2,726.75",,,
2006-03-10,,541.30,7.409,,,,"4,656.05",,"3,183.90",,,"2,765.85",,,
2006-03-13,,547.50,7.413,,,,"4,666.30",,"3,202.65",,,"2,780.00",,,
2006-03-14,,553.00,7.416,,,,"4,688.00",,"3,195.35",,,"2,771.15",,,
2006-03-15,,554.40,,,,,,,,,,,,,
2006-03-16,,555.40,7.41,,,,"4,710.50",,"3,226.60",,,"2,789.35",,,
2006-03-17,,555.10,7.391,,,,"4,701.15",,"3,234.05",,,"2,790.05",,,
2006-03-20,,556.10,7.385,,,,"4,707.95",,"3,265.65",,,"2,812.50",,,
2006-03-21,,553.20,7.375,,,,"4,661.85",,"3,262.30",,,"2,809.40",,,
2006-03-22,,551.70,7.39,,,,"4,607.45",,"3,240.15",,,"2,789.30",,,
2006-03-23,,550.80,7.393,,,,"4,626.00",,"3,247.15",,,"2,796.90",,,
2006-03-24,,560.50,7.385,,,,"4,662.90",,"3,279.80",,,"2,821.55",,,
2006-03-27,,567.40,7.434,,,,"4,702.35",,"3,321.65",,,"2,851.75",,,
2006-03-28,,567.00,7.43,,,,"4,660.65",,"3,325.00",,,"2,844.15",,,
2006-03-29,,573.30,7.493,,,,"4,680.50",,"3,354.20",,,"2,864.40",,,
2006-03-30,,591.80,,,,,"4,638.45",,"3,418.95",,,"2,901.15",,,
2006-03-31,,586.70,7.55,,,,"4,661.50",,"3,402.55",,,"2,910.35",,,
2006-04-03,,594.30,7.557,,,,"4,724.05",,"3,473.30",,,"2,974.10",,,
2006-04-04,,590.60,7.549,,,,"4,824.65",,"3,483.15",,,"2,993.00",,,
2006-04-05,,592.50,7.538,,,,"4,873.00",,"3,510.90",,,"3,022.30",,,
2006-04-06,,599.70,,,,,,,,,,,,,
2006-04-07,,592.70,7.546,,,,"4,717.60",,"3,454.80",,,"2,977.50",,,
2006-04-10,,601.80,7.544,,,,"4,689.45",,"3,478.45",,,"2,994.30",,,
2006-04-11,,599.40,,,,,,,,,,,,,
2006-04-12,,601.30,7.575,,,,"4,575.25",,"3,380.00",,,"2,924.25",,,
2006-04-13,,600.10,7.611,,,,"4,467.10",,"3,345.50",,,"2,884.40",,,
2006-04-17,,618.80,7.632,,,,"4,561.70",,"3,425.15",,,"2,943.90",,,
2006-04-18,,623.30,7.537,,,,"4,633.75",,"3,518.10",,,"3,005.85",,,
2006-04-19,,636.00,7.318,,,,"4,620.90",,"3,535.85",,,"3,017.65",,,
2006-04-20,,623.10,7.358,,,,"4,624.30",,"3,573.50",,,"3,038.30",,,
2006-04-21,,635.50,7.338,,,,"4,596.10",,"3,573.05",,,"3,034.75",,,
2006-04-24,,623.90,7.357,,,,"4,520.50",,"3,548.90",,,"3,024.90",,,
2006-04-25,,634.20,7.35,,,,"4,455.55",,"3,462.65",,,"2,960.30",,,
2006-04-26,,642.00,7.405,,,,"4,499.30",,"3,555.75",,,"3,032.20",,,
2006-04-27,,636.30,7.42,,,,"4,435.80",,"3,508.10",,,"3,005.35",,,
2006-04-28,,654.50,7.39,,,,"4,437.05",,"3,508.35",,,"3,014.10",,,
2006-04-29,,,,,,,"4,549.80",,"3,557.60",,,"3,064.70",,,
2006-05-01,,660.20,,,,,,,,,,,,,
2006-05-02,,667.40,7.472,,,,"4,729.30",,"3,605.45",,,"3,100.70",,,
2006-05-03,,668.50,7.507,,,,"4,880.70",,"3,634.25",,,"3,124.20",,,
2006-05-04,,676.50,7.535,,,,"4,935.30",,"3,648.40",,,"3,133.20",,,
2006-05-05,,684.30,7.537,,,,"4,876.55",,"3,663.95",,,"3,143.10",,,
2006-05-08,,679.90,7.522,,,,"4,875.05",,"3,693.15",,,"3,163.25",,,
2006-05-09,,701.50,7.49,,,,"4,914.25",,"3,720.55",,,"3,178.80",,,
2006-05-10,,705.70,7.5,,,,"5,047.15",,"3,754.25",,,"3,208.85",,,
2006-05-11,,721.50,7.532,,,,"4,991.35",,"3,701.05",,,"3,168.65",,,
2006-05-12,,711.80,7.545,,,,"4,871.60",,"3,650.05",,,"3,132.35",,,
2006-05-15,,685.00,7.591,,,,"4,713.05",,"3,502.95",,,"3,007.80",,,
2006-05-16,,692.90,7.571,,,,"4,685.45",,"3,523.30",,,"3,011.85",,,
2006-05-17,,691.80,7.584,,,,"4,853.35",,"3,635.10",,,"3,099.80",,,
2006-05-18,,680.90,7.626,,,,"4,539.50",,"3,388.90",,,"2,889.05",,,
2006-05-19,,657.00,7.612,,,,"4,330.40",,"3,246.90",,,"2,767.75",,,
2006-05-22,,657.70,7.597,,,,"4,216.30",,"3,081.35",,,"2,611.30",,,
2006-05-23,,673.70,7.594,,,,"4,326.65",,"3,199.35",,,"2,712.35",,,
2006-05-24,,637.50,7.607,,,,"4,295.50",,"3,115.55",,,"2,662.55",,,
2006-05-25,,648.50,7.607,,,,"4,271.95",,"3,177.70",,,"2,684.60",,,
2006-05-26,,651.00,7.611,,,,"4,324.05",,"3,209.60",,,"2,726.45",,,
2006-05-29,,,7.644,,,,"4,337.65",,"3,214.90",,,"2,737.55",,,
2006-05-30,,660.50,7.655,,,,"4,274.55",,"3,185.30",,,"2,721.80",,,
2006-05-31,,649.00,7.659,,,,"4,123.55",,"3,071.05",,,"2,635.25",,,
2006-06-01,,633.50,7.676,,,,"4,075.50",,"2,962.25",,,"2,548.35",,,
2006-06-02,,641.00,7.671,,,,"4,176.50",,"3,091.35",,,"2,615.75",,,
2006-06-05,,648.70,7.652,,,,"4,068.35",,"3,016.65",,,"2,559.55",,,
2006-06-06,,634.70,7.64,,,,"4,079.55",,"2,937.30",,,"2,486.75",,,
2006-06-07,,632.60,7.668,,,,"3,962.00",,"2,860.45",,,"2,384.90",,,
2006-06-08,,613.80,7.673,,,,"3,704.35",,"2,724.35",,,"2,248.80",,,
2006-06-09,,612.80,7.791,,,,"3,829.40",,"2,866.30",,,"2,376.30",,,
2006-06-12,,611.30,7.803,,,,"3,673.30",,"2,776.85",,,"2,310.80",,,
2006-06-13,,566.80,7.812,,,,"3,541.25",,"2,663.30",,,"2,201.40",,,
2006-06-14,,566.50,7.794,,,,"3,475.45",,"2,632.80",,,"2,163.95",,,
2006-06-15,,570.30,7.8,,,,"3,661.85",,"2,798.80",,,"2,299.25",,,
2006-06-16,,581.70,7.803,,,,"3,770.45",,"2,890.35",,,"2,386.25",,,
2006-06-19,,572.40,7.907,,,,"3,751.55",,"2,916.90",,,"2,418.70",,,
2006-06-20,,580.50,7.913,,,,"3,660.40",,"2,861.30",,,"2,388.85",,,
2006-06-21,,591.00,7.913,,,,"3,685.00",,"2,923.45",,,"2,442.95",,,
2006-06-22,,585.40,7.993,,,,"3,829.45",,"2,994.75",,,"2,503.50",,,
2006-06-23,,588.00,8.089,,,,"3,802.50",,"3,042.70",,,"2,529.45",,,
2006-06-25,,,,,,,"3,790.35",,"3,050.30",,,"2,539.85",,,
2006-06-26,,587.70,8.123,,,,"3,683.35",,"2,943.20",,,"2,441.20",,,
2006-06-27,,584.40,8.135,,,,"3,679.30",,"2,982.45",,,"2,456.65",,,
2006-06-28,,581.00,8.12,,,,"3,609.35",,"2,981.10",,,"2,452.85",,,
2006-06-29,,588.90,8.128,,,,"3,596.20",,"2,997.90",,,"2,463.25",,,
2006-06-30,,616.00,8.151,,,,"3,708.90",,"3,128.20",,,"2,562.50",,,
2006-07-03,,,8.151,,,,"3,719.25",,"3,150.95",,,"2,577.20",,,
2006-07-04,,,8.159,,,,"3,776.85",,"3,138.65",,,"2,574.10",,,
2006-07-05,,629.70,8.159,,,,"3,824.40",,"3,197.10",,,"2,616.85",,,
2006-07-06,,636.30,8.182,,,,"3,761.25",,"3,156.40",,,"2,591.80",,,
2006-07-07,,634.80,8.213,,,,"3,704.95",,"3,075.85",,,"2,534.25",,,
2006-07-10,,626.10,8.292,,,,"3,709.40",,"3,142.00",,,"2,573.90",,,
2006-07-11,,642.90,8.292,,,,"3,683.70",,"3,116.15",,,"2,559.85",,,
2006-07-12,,651.20,8.376,,,,"3,684.80",,"3,195.90",,,"2,606.90",,,
2006-07-13,,654.40,8.355,,,,"3,676.40",,"3,169.30",,,"2,590.70",,,
2006-07-14,,668.00,8.344,,,,"3,630.10",,"3,123.35",,,"2,560.15",,,
2006-07-17,,651.90,8.371,,,,"3,519.20",,"3,007.55",,,"2,471.35",,,
2006-07-18,,629.50,8.373,,,,"3,472.65",,"2,993.65",,,"2,450.00",,,
2006-07-19,,642.80,8.34,,,,"3,428.15",,"2,932.75",,,"2,392.40",,,
2006-07-20,,632.50,8.302,,,,"3,602.45",,"3,023.05",,,"2,455.65",,,
2006-07-21,,620.20,8.242,,,,"3,543.55",,"2,945.00",,,"2,391.85",,,
2006-07-24,,613.20,8.219,,,,"3,715.75",,"2,985.85",,,"2,410.70",,,
2006-07-25,,618.00,8.226,,,,"3,871.20",,"3,040.50",,,"2,462.30",,,
2006-07-26,,621.90,8.239,,,,"3,898.35",,"3,110.15",,,"2,516.40",,,
2006-07-27,,632.50,8.221,,,,"3,945.70",,"3,156.15",,,"2,549.25",,,
2006-07-28,,647.80,8.25,,,,"4,022.95",,"3,130.80",,,"2,545.60",,,
2006-07-31,,646.80,8.238,,,,"4,078.80",,"3,143.20",,,"2,562.55",,,
2006-08-01,,658.80,8.29,,,,"4,050.75",,"3,147.80",,,"2,559.65",,,
2006-08-02,,664.10,8.29,,,,"4,096.95",,"3,182.10",,,"2,592.70",,,
2006-08-03,,657.00,8.29,,,,"4,152.60",,"3,190.00",,,"2,601.20",,,
2006-08-04,,656.00,8.287,,,,"4,067.75",,"3,176.75",,,"2,588.35",,,
2006-08-07,,659.50,8.255,,,,"4,134.45",,"3,151.10",,,"2,576.50",,,
2006-08-08,,657.30,8.263,,,,"4,265.95",,"3,212.40",,,"2,620.35",,,
2006-08-09,,662.00,8.12,,,,"4,329.05",,"3,254.60",,,"2,656.25",,,
2006-08-10,,646.00,8.087,,,,"4,370.55",,"3,260.10",,,"2,674.10",,,
2006-08-11,,644.40,8.121,,,,"4,324.65",,"3,274.35",,,"2,692.65",,,
2006-08-14,,639.30,8.139,,,,"4,328.85",,"3,313.10",,,"2,730.10",,,
2006-08-15,,632.90,,,,,,,,,,,,,
2006-08-16,,639.00,8.093,,,,"4,433.10",,"3,356.05",,,"2,768.25",,,
2006-08-17,,625.30,8.027,,,,"4,410.30",,"3,353.90",,,"2,760.25",,,
2006-08-18,,621.70,8.019,,,,"4,369.30",,"3,356.75",,,"2,767.40",,,
2006-08-21,,635.20,8.035,,,,"4,446.20",,"3,366.00",,,"2,779.85",,,
2006-08-22,,634.00,8.027,,,,"4,449.70",,"3,364.60",,,"2,775.75",,,
2006-08-23,,633.00,8.0,,,,"4,395.10",,"3,335.80",,,"2,750.45",,,
2006-08-24,,628.50,7.929,,,,"4,428.35",,"3,370.40",,,"2,776.05",,,
2006-08-25,,630.80,7.98,,,,"4,495.45",,"3,385.95",,,"2,793.70",,,
2006-08-28,,623.90,7.95,,,,"4,528.40",,"3,401.10",,,"2,806.85",,,
2006-08-29,,619.10,7.946,,,,"4,562.70",,"3,425.70",,,"2,826.45",,,
2006-08-30,,626.10,7.933,,,,"4,596.30",,"3,430.35",,,"2,825.90",,,
2006-08-31,,634.20,7.891,,,,"4,594.85",,"3,413.90",,,"2,807.95",,,
2006-09-01,,632.60,7.877,,,,"4,650.85",,"3,435.45",,,"2,828.30",,,
2006-09-04,,,7.723,,,,"4,696.90",,"3,476.85",,,"2,865.95",,,
2006-09-05,,646.90,7.754,,,,"4,706.80",,"3,473.75",,,"2,871.90",,,
2006-09-06,,641.80,7.769,,,,"4,690.40",,"3,477.25",,,"2,882.85",,,
2006-09-07,,624.90,7.78,,,,"4,647.30",,"3,454.55",,,"2,866.30",,,
2006-09-08,,617.30,7.705,,,,"4,658.45",,"3,471.45",,,"2,884.30",,,
2006-09-11,,597.30,7.707,,,,"4,528.90",,"3,366.15",,,"2,794.80",,,
2006-09-12,,594.30,7.771,,,,"4,631.60",,"3,389.90",,,"2,820.45",,,
2006-09-13,,596.30,7.738,,,,"4,823.90",,"3,454.55",,,"2,878.10",,,
2006-09-14,,586.00,7.808,,,,"4,896.35",,"3,471.60",,,"2,894.75",,,
2006-09-15,,583.00,7.829,,,,"4,908.10",,"3,478.60",,,"2,898.90",,,
2006-09-18,,592.80,7.786,,,,"4,924.95",,"3,492.75",,,"2,911.60",,,
2006-09-19,,583.20,7.733,,,,"4,890.45",,"3,457.35",,,"2,878.90",,,
2006-09-20,,586.20,7.619,,,,"4,899.75",,"3,502.80",,,"2,910.20",,,
2006-09-21,,588.30,7.68,,,,"4,972.95",,"3,553.05",,,"2,945.10",,,
2006-09-22,,595.40,7.619,,,,"4,934.70",,"3,544.05",,,"2,934.65",,,
2006-09-25,,595.90,7.625,,,,"4,949.90",,"3,523.45",,,"2,920.00",,,
2006-09-26,,597.10,7.562,,,,"5,061.70",,"3,571.75",,,"2,950.80",,,
2006-09-27,,603.30,7.592,,,,"5,124.50",,"3,579.30",,,"2,963.40",,,
2006-09-28,,610.90,7.624,,,,"5,327.60",,"3,571.75",,,"2,965.50",,,
2006-09-29,,604.20,7.642,,,,"5,276.25",,"3,588.40",,,"2,988.25",,,
2006-10-02,,603.30,,,,,,,,,,,,,
2006-10-03,,581.50,7.613,,,,"5,264.90",,"3,569.60",,,"2,985.00",,,
2006-10-04,,566.70,7.587,,,,"5,201.25",,"3,515.35",,,"2,948.80",,,
2006-10-05,,575.50,7.59,,,,"5,334.70",,"3,564.90",,,"2,993.35",,,
2006-10-06,,576.80,7.596,,,,"5,311.25",,"3,569.70",,,"3,002.65",,,
2006-10-09,,582.80,7.642,,,,"5,292.75",,"3,567.15",,,"3,003.75",,,
2006-10-10,,576.20,7.612,,,,"5,270.30",,"3,571.05",,,"3,007.55",,,
2006-10-11,,576.50,7.638,,,,"5,206.40",,"3,558.55",,,"2,987.40",,,
2006-10-12,,580.30,7.615,,,,"5,270.40",,"3,621.05",,,"3,032.60",,,
2006-10-13,,592.70,7.617,,,,"5,302.45",,"3,676.05",,,"3,064.90",,,
2006-10-16,,598.50,7.677,,,,"5,399.55",,"3,723.95",,,"3,090.25",,,
2006-10-17,,593.50,7.683,,,,"5,390.10",,"3,715.00",,,"3,077.85",,,
2006-10-18,,592.60,7.684,,,,"5,405.85",,"3,710.65",,,"3,076.05",,,
2006-10-19,,602.50,7.675,,,,"5,334.85",,"3,677.80",,,"3,051.35",,,
2006-10-20,,596.40,7.654,,,,"5,333.65",,"3,676.85",,,"3,057.05",,,
2006-10-21,,,,,,,"5,325.55",,"3,683.50",,,"3,069.90",,,
2006-10-23,,582.90,7.659,,,,"5,247.25",,"3,657.30",,,"3,048.05",,,
2006-10-24,,587.60,,,,,,,,,,,,,
2006-10-25,,590.80,,,,,,,,,,,,,
2006-10-26,,599.80,7.636,,,,"5,460.10",,"3,677.55",,,"3,064.45",,,
2006-10-27,,601.00,7.607,,,,"5,545.25",,"3,739.35",,,"3,111.30",,,
2006-10-30,,607.40,7.615,,,,"5,626.45",,"3,769.10",,,"3,130.65",,,
2006-10-31,,606.80,7.625,,,,"5,588.70",,"3,744.10",,,"3,114.55",,,
2006-11-01,,619.30,7.613,,,,"5,623.65",,"3,767.05",,,"3,130.45",,,
2006-11-02,,627.80,7.6,,,,"5,658.75",,"3,791.20",,,"3,150.40",,,
2006-11-03,,629.20,7.642,,,,"5,613.15",,"3,805.35",,,"3,161.40",,,
2006-11-06,,627.90,7.661,,,,"5,561.90",,"3,809.25",,,"3,173.05",,,
2006-11-07,,627.90,7.617,,,,"5,535.75",,"3,798.75",,,"3,167.05",,,
2006-11-08,,618.30,7.589,,,,"5,591.00",,"3,777.30",,,"3,141.40",,,
2006-11-09,,636.80,7.611,,,,"5,656.35",,"3,796.40",,,"3,156.20",,,
2006-11-10,,630.10,7.604,,,,"5,757.95",,"3,834.75",,,"3,186.70",,,
2006-11-13,,625.80,7.584,,,,"5,801.35",,"3,858.75",,,"3,215.40",,,
2006-11-14,,625.30,7.56,,,,"5,838.80",,"3,865.90",,,"3,216.85",,,
2006-11-15,,623.80,7.534,,,,"6,023.55",,"3,876.30",,,"3,225.65",,,
2006-11-16,,621.70,7.539,,,,"6,175.05",,"3,876.85",,,"3,226.85",,,
2006-11-17,,622.50,7.53,,,,"6,119.65",,"3,852.80",,,"3,200.60",,,
2006-11-20,,622.10,7.483,,,,"6,006.60",,"3,856.15",,,"3,191.30",,,
2006-11-21,,628.70,7.47,,,,"6,085.50",,"3,918.25",,,"3,244.65",,,
2006-11-22,,629.00,7.467,,,,"6,118.90",,"3,954.75",,,"3,273.55",,,
2006-11-23,,,7.456,,,,"6,157.10",,"3,945.45",,,"3,277.35",,,
2006-11-24,,629.00,7.431,,,,"6,153.60",,"3,950.85",,,"3,291.00",,,
2006-11-27,,640.60,7.383,,,,"6,198.35",,"3,968.90",,,"3,307.55",,,
2006-11-28,,637.30,7.377,,,,"6,122.90",,"3,921.75",,,"3,267.20",,,
2006-11-29,,641.80,7.407,,,,"6,127.65",,"3,928.20",,,"3,274.65",,,
2006-11-30,,652.90,7.424,,,,"6,198.30",,"3,954.50",,,"3,280.45",,,
2006-12-01,,650.60,7.426,,,,"6,330.75",,"3,997.60",,,"3,318.90",,,
2006-12-04,,650.90,7.381,,,,"6,294.10",,"4,001.00",,,"3,331.65",,,
2006-12-05,,647.90,7.379,,,,"6,235.15",,"4,015.75",,,"3,339.15",,,
2006-12-06,,635.90,7.39,,,,"6,213.85",,"4,015.95",,,"3,326.00",,,
2006-12-07,,637.00,7.393,,,,"6,259.50",,"4,015.35",,,"3,330.20",,,
2006-12-08,,631.00,7.39,,,,"6,234.55",,"3,962.00",,,"3,295.60",,,
2006-12-11,,634.80,7.538,,,,"5,790.60",,"3,849.50",,,"3,195.25",,,
2006-12-12,,631.70,7.644,,,,"5,536.30",,"3,716.90",,,"3,071.80",,,
2006-12-13,,632.40,7.622,,,,"5,720.35",,"3,765.20",,,"3,128.70",,,
2006-12-14,,630.90,7.683,,,,"5,849.75",,"3,843.05",,,"3,202.60",,,
2006-12-15,,619.10,7.641,,,,"5,958.20",,"3,888.65",,,"3,235.45",,,
2006-12-18,,617.90,7.613,,,,"6,012.05",,"3,928.75",,,"3,252.70",,,
2006-12-19,,625.40,7.583,,,,"5,867.45",,"3,832.00",,,"3,180.00",,,
2006-12-20,,624.30,7.586,,,,"5,797.20",,"3,815.55",,,"3,164.95",,,
2006-12-21,,621.60,7.603,,,,"5,777.90",,"3,833.50",,,"3,176.75",,,
2006-12-22,,622.30,7.601,,,,"5,790.40",,"3,871.15",,,"3,208.80",,,
2006-12-26,,626.90,7.625,,,,"5,904.15",,"3,940.50",,,"3,261.40",,,
2006-12-27,,630.30,7.621,,,,"6,009.60",,"3,974.25",,,"3,289.20",,,
2006-12-28,,636.90,7.63,,,,"6,027.80",,"3,970.55",,,"3,288.55",,,
2006-12-29,,638.00,7.619,,,,"6,008.75",,"3,966.40",,,"3,295.05",,,
2007-01-02,,638.00,7.536,,,,"6,039.55",,"4,007.40",,,"3,323.10",,,
2007-01-03,,629.80,7.54,,,,"6,070.25",,"4,024.05",,,"3,342.70",,,
2007-01-04,,626.20,7.584,,,,"6,008.45",,"3,988.80",,,"3,327.90",,,
2007-01-05,,606.90,7.555,,,,"6,049.00",,"3,983.40",,,"3,325.30",,,
2007-01-08,,609.40,7.49,,,,"5,968.35",,"3,933.40",,,"3,286.90",,,
2007-01-09,,615.00,7.51,,,,"5,875.30",,"3,911.40",,,"3,264.10",,,
2007-01-10,,613.40,7.537,,,,"5,723.05",,"3,850.30",,,"3,214.60",,,
2007-01-11,,613.90,7.537,,,,"5,748.75",,"3,942.25",,,"3,284.30",,,
2007-01-12,,626.90,7.927,,,,"6,157.95",,"4,052.45",,,"3,362.10",,,
2007-01-15,,,7.792,,,,"6,164.80",,"4,078.40",,,"3,385.20",,,
2007-01-16,,625.90,7.766,,,,"6,157.40",,"4,080.50",,,"3,386.20",,,
2007-01-17,,633.30,7.81,,,,"6,215.20",,"4,076.45",,,"3,396.45",,,
2007-01-18,,628.10,7.81,,,,"6,189.50",,"4,109.05",,,"3,415.20",,,
2007-01-19,,636.40,7.807,,,,"6,184.90",,"4,090.15",,,"3,397.60",,,
2007-01-22,,634.10,7.908,,,,"6,175.45",,"4,102.45",,,"3,405.85",,,
2007-01-23,,645.90,7.873,,,,"6,010.80",,"4,066.10",,,"3,368.50",,,
2007-01-24,,648.20,7.896,,,,"6,055.50",,"4,089.90",,,"3,388.80",,,
2007-01-25,,648.10,7.883,,,,"6,107.60",,"4,147.70",,,"3,431.60",,,
2007-01-26,,644.70,,,,,,,,,,,,,
2007-01-29,,643.20,7.9,,,,"5,978.90",,"4,124.45",,,"3,424.50",,,
2007-01-30,,650.20,,,,,,,,,,,,,
2007-01-31,,657.90,7.738,,,,"5,953.95",,"4,082.70",,,"3,393.10",,,
2007-02-01,,663.00,,,,,"6,115.20",,"4,137.20",,,"3,432.00",,,
2007-02-02,,651.50,7.699,,,,"6,075.35",,"4,183.50",,,"3,462.15",,,
2007-02-05,,656.10,7.716,,,,"6,089.20",,"4,215.35",,,"3,480.60",,,
2007-02-06,,658.70,7.752,,,,"6,092.20",,"4,195.90",,,"3,474.10",,,
2007-02-07,,657.30,7.749,,,,"6,157.15",,"4,224.25",,,"3,494.20",,,
2007-02-08,,662.80,7.791,,,,"6,208.70",,"4,223.40",,,"3,492.70",,,
2007-02-09,,672.30,7.808,,,,"6,184.45",,"4,187.40",,,"3,453.35",,,
2007-02-12,,667.30,7.826,,,,"6,031.65",,"4,058.30",,,"3,338.45",,,
2007-02-13,,668.50,7.921,,,,"5,946.45",,"4,044.55",,,"3,324.55",,,
2007-02-14,,672.00,8.083,,,,"5,672.55",,"4,047.10",,,"3,322.75",,,
2007-02-15,,671.40,8.073,,,,"5,841.65",,"4,146.20",,,"3,403.70",,,
2007-02-16,,672.80,,,,,,,,,,,,,
2007-02-19,,674.30,8.016,,,,"5,917.45",,"4,164.55",,,"3,414.65",,,
2007-02-20,,661.00,8.003,,,,"5,841.25",,"4,106.95",,,"3,373.35",,,
2007-02-21,,684.00,7.925,,,,"5,816.95",,"4,096.20",,,"3,365.10",,,
2007-02-22,,683.00,7.957,,,,"5,647.65",,"4,040.00",,,"3,322.45",,,
2007-02-23,,686.70,7.935,,,,"5,473.60",,"3,938.95",,,"3,241.75",,,
2007-02-26,,689.80,7.892,,,,"5,533.75",,"3,942.00",,,"3,244.75",,,
2007-02-27,,687.20,7.898,,,,"5,464.65",,"3,893.90",,,"3,223.80",,,
2007-02-28,,672.50,8.0,,,,"5,240.30",,"3,745.30",,,"3,107.75",,,
2007-03-01,,665.10,7.935,,,,"5,388.95",,"3,811.20",,,"3,147.50",,,
2007-03-02,,644.10,7.949,,,,"5,218.95",,"3,726.75",,,"3,091.25",,,
2007-03-05,,639.20,7.979,,,,"5,040.10",,"3,576.50",,,"2,957.85",,,
2007-03-06,,646.20,7.956,,,,"5,110.15",,"3,655.65",,,"3,002.95",,,
2007-03-07,,652.90,7.953,,,,"4,993.55",,"3,626.85",,,"2,968.45",,,
2007-03-08,,655.50,8.004,,,,"5,217.85",,"3,761.65",,,"3,072.60",,,
2007-03-09,,652.00,8.001,,,,"5,187.85",,"3,718.00",,,"3,048.15",,,
2007-03-12,,650.30,7.949,,,,"5,180.10",,"3,734.60",,,"3,066.30",,,
2007-03-13,,649.40,7.971,,,,"5,251.55",,"3,770.55",,,"3,102.80",,,
2007-03-14,,642.50,7.969,,,,"5,039.05",,"3,641.10",,,"3,010.05",,,
2007-03-15,,647.10,7.993,,,,"4,965.00",,"3,643.60",,,"3,019.30",,,
2007-03-16,,653.90,8.023,,,,"4,893.45",,"3,608.55",,,"2,993.15",,,
2007-03-19,,654.30,,,,,"4,979.45",,"3,678.90",,,"3,042.35",,,
2007-03-20,,659.00,8.067,,,,"5,084.10",,"3,697.60",,,"3,062.70",,,
2007-03-21,,660.00,8.052,,,,"5,288.40",,"3,764.55",,,"3,102.55",,,
2007-03-22,,664.20,7.948,,,,"5,554.75",,"3,875.90",,,"3,174.50",,,
2007-03-23,,657.30,7.951,,,,"5,518.85",,"3,861.05",,,"3,168.65",,,
2007-03-26,,663.90,7.996,,,,"5,424.30",,"3,819.95",,,"3,141.85",,,
2007-03-27,,662.50,,,,,,,,,,,,,
2007-03-28,,666.80,7.982,,,,"5,290.15",,"3,761.10",,,"3,095.60",,,
2007-03-29,,667.60,7.97,,,,"5,273.20",,"3,798.10",,,"3,116.25",,,
2007-03-30,,669.00,8.022,,,,"5,308.50",,"3,821.55",,,"3,145.35",,,
2007-04-02,,671.50,,,,,"4,959.65",,"3,633.60",,,"3,008.75",,,
2007-04-03,,669.70,8.183,,,,"4,995.15",,"3,690.65",,,"3,046.65",,,
2007-04-04,,677.40,8.16,,,,"5,031.75",,"3,733.25",,,"3,082.65",,,
2007-04-05,,679.40,8.183,,,,"5,129.20",,"3,752.00",,,"3,100.85",,,
2007-04-09,,676.90,8.12,,,,"5,323.80",,"3,843.50",,,"3,172.55",,,
2007-04-10,,681.50,8.024,,,,"5,325.50",,"3,848.15",,,"3,183.70",,,
2007-04-11,,681.70,8.047,,,,"5,276.65",,"3,862.65",,,"3,195.45",,,
2007-04-12,,679.70,8.078,,,,"5,215.15",,"3,829.85",,,"3,173.30",,,
2007-04-13,,689.90,8.105,,,,"5,362.10",,"3,917.35",,,"3,233.90",,,
2007-04-16,,694.50,8.105,,,,"5,435.10",,"4,013.35",,,"3,302.85",,,
2007-04-17,,692.50,8.108,,,,"5,455.45",,"3,984.95",,,"3,281.80",,,
2007-04-18,,693.30,8.075,,,,"5,513.00",,"4,011.60",,,"3,305.05",,,
2007-04-19,,688.30,8.096,,,,"5,540.30",,"3,997.65",,,"3,295.25",,,
2007-04-20,,695.80,8.067,,,,"5,597.55",,"4,083.55",,,"3,353.60",,,
2007-04-23,,694.20,8.1,,,,"5,550.15",,"4,085.10",,,"3,352.65",,,
2007-04-24,,687.70,8.003,,,,"5,807.50",,"4,141.80",,,"3,394.70",,,
2007-04-25,,687.40,7.98,,,,"5,876.45",,"4,167.30",,,"3,416.50",,,
2007-04-26,,678.00,8.052,,,,"5,880.95",,"4,177.85",,,"3,422.40",,,
2007-04-27,,681.80,8.142,,,,"5,752.90",,"4,083.50",,,"3,363.50",,,
2007-04-30,,683.50,8.173,,,,"5,621.00",,"4,087.90",,,"3,379.10",,,
2007-05-01,,677.30,,,,,,,,,,,,,
2007-05-02,,675.10,,,,,,,,,,,,,
2007-05-03,,684.40,8.15,,,,"5,693.40",,"4,150.85",,,"3,429.25",,,
2007-05-04,,689.70,8.159,,,,"5,656.55",,"4,117.35",,,"3,410.40",,,
2007-05-07,,690.40,8.159,,,,"5,610.70",,"4,111.15",,,"3,401.30",,,
2007-05-08,,687.40,8.114,,,,"5,537.00",,"4,077.00",,,"3,370.70",,,
2007-05-09,,682.50,8.082,,,,"5,638.55",,"4,079.30",,,"3,378.65",,,
2007-05-10,,667.00,8.122,,,,"5,644.95",,"4,066.80",,,"3,369.25",,,
2007-05-11,,672.30,8.167,,,,"5,682.45",,"4,076.65",,,"3,378.40",,,
2007-05-14,,670.10,8.151,,,,"5,847.80",,"4,134.30",,,"3,424.05",,,
2007-05-15,,674.50,8.122,,,,"5,950.65",,"4,120.30",,,"3,421.90",,,
2007-05-16,,661.50,8.104,,,,"6,137.85",,"4,170.95",,,"3,466.10",,,
2007-05-17,,657.20,8.123,,,,"6,270.90",,"4,219.55",,,"3,507.50",,,
2007-05-18,,662.00,8.154,,,,"6,290.80",,"4,214.50",,,"3,503.55",,,
2007-05-21,,663.80,8.09,,,,"6,391.15",,"4,260.90",,,"3,537.15",,,
2007-05-22,,659.90,8.113,,,,"6,356.40",,"4,278.10",,,"3,550.20",,,
2007-05-23,,662.60,8.143,,,,"6,309.15",,"4,246.20",,,"3,524.00",,,
2007-05-24,,653.30,8.156,,,,"6,208.70",,"4,204.90",,,"3,501.95",,,
2007-05-25,,655.30,8.136,,,,"6,200.35",,"4,248.15",,,"3,528.25",,,
2007-05-28,,,8.071,,,,"6,283.95",,"4,256.55",,,"3,545.85",,,
2007-05-29,,657.20,8.104,,,,"6,302.10",,"4,293.25",,,"3,571.80",,,
2007-05-30,,659.30,8.101,,,,"6,245.45",,"4,249.65",,,"3,533.75",,,
2007-05-31,,666.70,8.08,,,,"6,324.50",,"4,295.80",,,"3,563.65",,,
2007-06-01,,676.90,8.077,,,,"6,404.80",,"4,297.05",,,"3,575.15",,,
2007-06-04,,676.30,8.086,,,,"6,448.85",,"4,267.05",,,"3,557.20",,,
2007-06-05,,675.10,8.092,,,,"6,533.35",,"4,284.65",,,"3,571.45",,,
2007-06-06,,674.60,8.136,,,,"6,324.30",,"4,198.25",,,"3,502.70",,,
2007-06-07,,665.20,8.103,,,,"6,236.45",,"4,179.50",,,"3,488.15",,,
2007-06-08,,650.30,8.138,,,,"6,177.70",,"4,145.00",,,"3,457.40",,,
2007-06-11,,659.00,8.345,,,,"6,161.25",,"4,145.60",,,"3,458.25",,,
2007-06-12,,653.10,8.379,,,,"6,149.95",,"4,155.20",,,"3,453.90",,,
2007-06-13,,652.70,8.411,,,,"6,063.80",,"4,113.05",,,"3,429.20",,,
2007-06-14,,655.90,8.331,,,,"6,122.05",,"4,170.00",,,"3,482.65",,,
2007-06-15,,658.70,8.288,,,,"6,176.20",,"4,171.45",,,"3,486.70",,,
2007-06-18,,659.90,8.202,,,,"6,174.40",,"4,147.10",,,"3,468.40",,,
2007-06-19,,664.70,8.221,,,,"6,366.95",,"4,214.30",,,"3,519.80",,,
2007-06-20,,660.00,8.249,,,,"6,496.85",,"4,248.65",,,"3,555.15",,,
2007-06-21,,654.20,8.235,,,,"6,536.25",,"4,267.40",,,"3,575.75",,,
2007-06-22,,657.00,8.229,,,,"6,542.05",,"4,252.05",,,"3,571.20",,,
2007-06-25,,654.70,8.183,,,,"6,544.55",,"4,259.40",,,"3,574.15",,,
2007-06-26,,645.30,8.206,,,,"6,515.60",,"4,285.70",,,"3,593.85",,,
2007-06-27,,644.80,8.238,,,,"6,482.45",,"4,263.95",,,"3,575.65",,,
2007-06-28,,650.40,8.194,,,,"6,521.35",,"4,282.00",,,"3,585.95",,,
2007-06-29,,650.90,8.187,,,,"6,740.10",,"4,318.30",,,"3,625.75",,,
2007-07-02,,659.20,8.111,,,,"6,718.00",,"4,313.75",,,"3,631.60",,,
2007-07-03,,655.40,8.097,,,,"6,857.10",,"4,357.55",,,"3,666.60",,,
2007-07-04,,656.30,8.028,,,,"6,836.45",,"4,359.30",,,"3,669.30",,,
2007-07-05,,650.60,8.007,,,,"6,818.35",,"4,353.95",,,"3,652.40",,,
2007-07-06,,654.80,8.01,,,,"6,791.25",,"4,384.85",,,"3,672.55",,,
2007-07-09,,662.50,7.925,,,,"6,867.90",,"4,419.40",,,"3,703.65",,,
2007-07-10,,664.40,7.939,,,,"6,814.70",,"4,406.05",,,"3,693.20",,,
2007-07-11,,662.10,7.925,,,,"6,794.70",,"4,387.15",,,"3,690.95",,,
2007-07-12,,668.30,7.916,,,,"6,916.05",,"4,446.15",,,"3,744.45",,,
2007-07-13,,667.30,7.939,,,,"6,980.35",,"4,504.55",,,"3,780.75",,,
2007-07-16,,666.30,7.914,,,,"7,101.30",,"4,512.15",,,"3,791.65",,,
2007-07-17,,665.90,7.843,,,,"7,041.75",,"4,496.75",,,"3,775.95",,,
2007-07-18,,673.70,7.784,,,,"7,068.80",,"4,499.55",,,"3,774.65",,,
2007-07-19,,678.10,7.831,,,,"7,137.90",,"4,562.10",,,"3,816.25",,,
2007-07-20,,684.70,7.808,,,,"7,086.55",,"4,566.05",,,"3,819.30",,,
2007-07-23,,681.50,7.747,,,,"7,076.30",,"4,619.35",,,"3,859.90",,,
2007-07-24,,684.80,7.775,,,,"7,075.60",,"4,620.75",,,"3,856.15",,,
2007-07-25,,673.80,7.825,,,,"7,003.45",,"4,588.70",,,"3,828.65",,,
2007-07-26,,662.80,7.804,,,,"6,933.30",,"4,619.80",,,"3,848.95",,,
2007-07-27,,660.10,7.834,,,,"6,698.65",,"4,445.20",,,"3,711.55",,,
2007-07-30,,676.60,7.776,,,,"6,829.80",,"4,440.05",,,"3,710.35",,,
2007-07-31,,679.30,7.845,,,,"6,928.45",,"4,528.85",,,"3,783.85",,,
2007-08-01,,675.90,7.897,,,,"6,637.35",,"4,345.85",,,"3,628.85",,,
2007-08-02,,676.60,7.891,,,,"6,759.15",,"4,356.35",,,"3,642.85",,,
2007-08-03,,684.40,7.86,,,,"6,854.60",,"4,401.55",,,"3,688.40",,,
2007-08-06,,683.30,7.852,,,,"6,821.85",,"4,339.50",,,"3,639.95",,,
2007-08-07,,682.30,7.826,,,,"6,823.45",,"4,356.35",,,"3,660.55",,,
2007-08-08,,686.30,7.906,,,,"6,966.80",,"4,462.10",,,"3,739.40",,,
2007-08-09,,672.80,7.991,,,,"6,837.20",,"4,403.20",,,"3,684.10",,,
2007-08-10,,681.60,7.983,,,,"6,646.05",,"4,333.35",,,"3,628.70",,,
2007-08-13,,680.90,7.977,,,,"6,679.75",,"4,373.65",,,"3,659.90",,,
2007-08-14,,679.70,7.988,,,,"6,702.35",,"4,370.20",,,"3,660.90",,,
2007-08-15,,679.70,,,,,,,,,,,,,
2007-08-16,,658.00,8.036,,,,"6,305.75",,"4,178.60",,,"3,506.10",,,
2007-08-17,,666.80,7.999,,,,"6,245.60",,"4,108.05",,,"3,447.40",,,
2007-08-20,,666.50,,,,,"6,491.50",,"4,209.05",,,"3,519.95",,,
2007-08-21,,666.20,7.958,,,,"6,210.45",,"4,074.90",,,"3,405.15",,,
2007-08-22,,668.70,7.912,,,,"6,228.85",,"4,153.15",,,"3,450.80",,,
2007-08-23,,668.40,7.931,,,,"6,090.25",,"4,114.95",,,"3,421.50",,,
2007-08-24,,677.50,7.937,,,,"6,176.55",,"4,190.15",,,"3,478.95",,,
2007-08-27,,676.20,7.928,,,,"6,471.85",,"4,302.60",,,"3,575.85",,,
2007-08-28,,673.50,7.939,,,,"6,485.50",,"4,320.70",,,"3,599.70",,,
2007-08-29,,675.40,7.952,,,,"6,509.30",,"4,359.30",,,"3,625.65",,,
2007-08-30,,673.90,7.97,,,,"6,572.45",,"4,412.30",,,"3,656.75",,,
2007-08-31,,681.90,7.93,,,,"6,675.85",,"4,464.00",,,"3,711.55",,,
2007-09-03,,680.90,7.902,,,,"6,774.05",,"4,474.75",,,"3,746.25",,,
2007-09-04,,691.50,7.917,,,,"6,801.65",,"4,479.25",,,"3,755.00",,,
2007-09-05,,690.70,7.928,,,,"6,777.65",,"4,475.85",,,"3,755.10",,,
2007-09-06,,704.60,7.92,,,,"6,868.85",,"4,518.60",,,"3,789.90",,,
2007-09-07,,709.70,7.896,,,,"6,842.95",,"4,509.50",,,"3,782.75",,,
2007-09-10,,712.20,7.864,,,,"6,870.35",,"4,507.85",,,"3,788.00",,,
2007-09-11,,721.10,7.896,,,,"6,815.60",,"4,497.05",,,"3,788.00",,,
2007-09-12,,720.70,7.896,,,,"6,784.40",,"4,496.85",,,"3,789.60",,,
2007-09-13,,717.90,7.898,,,,"6,904.20",,"4,528.95",,,"3,822.75",,,
2007-09-14,,717.80,7.886,,,,"6,912.15",,"4,518.00",,,"3,800.85",,,
2007-09-17,,723.80,7.892,,,,"6,897.10",,"4,494.65",,,"3,793.25",,,
2007-09-18,,723.70,7.886,,,,"7,059.65",,"4,546.20",,,"3,834.75",,,
2007-09-19,,729.50,7.862,,,,"7,401.85",,"4,732.35",,,"3,963.65",,,
2007-09-20,,739.90,7.844,,,,"7,390.15",,"4,747.55",,,"3,987.95",,,
2007-09-21,,738.90,7.859,,,,"7,464.50",,"4,837.55",,,"4,036.50",,,
2007-09-24,,739.30,7.887,,,,"7,650.90",,"4,932.20",,,"4,104.50",,,
2007-09-25,,738.80,7.927,,,,"7,629.15",,"4,938.85",,,"4,111.05",,,
2007-09-26,,735.50,7.923,,,"2,804.15","7,755.90",,"4,940.50",,,"4,122.45",,,
2007-09-27,,739.90,7.928,,,"2,779.45","7,833.65",,"5,000.55",,,"4,150.15",,,
2007-09-28,,750.00,7.925,,,"2,838.25","8,042.20",,"5,021.35",,,"4,188.55",,,
2007-10-01,,754.10,7.919,,,"2,897.75","7,987.50",,"5,068.95",,,"4,237.80",,,
2007-10-02,,736.30,,,,,,,,,,,,,
2007-10-03,,735.70,7.898,,,"2,908.25","8,097.90",,"5,210.80",,,"4,327.50",,,
2007-10-04,,743.80,7.893,,,"2,926.20","8,035.90",,"5,208.65",,,"4,335.25",,,
2007-10-05,,747.20,7.908,,,"2,874.25","7,845.25",,"5,185.85",,,"4,301.75",,,
2007-10-06,,,7.913,,,,,,,,,,,,
2007-10-08,,738.70,7.941,,,"2,758.05","7,626.40",,"5,085.10",,,"4,195.25",,,
2007-10-09,,743.10,7.926,,,"2,844.25","7,895.85",,"5,327.25",,,"4,369.70",,,
2007-10-10,,746.00,7.901,,,"2,890.90","8,030.65",,"5,441.45",,,"4,454.55",,,
2007-10-11,,756.70,7.893,,,"2,941.90","8,158.80",,"5,524.85",,,"4,523.80",,,
2007-10-12,,753.80,7.904,,,"2,914.50","7,934.00",,"5,428.25",,,"4,451.40",,,
2007-10-13,,,7.902,,,,,,,,,,,,
2007-10-15,,762.20,7.908,,,"3,011.45","8,286.30",,"5,670.40",,,"4,621.05",,,
2007-10-16,,762.00,7.912,,,"3,061.70","8,452.20",,"5,668.05",,,"4,634.05",,,
2007-10-17,,762.30,7.927,,,"2,975.35","8,099.90",,"5,559.30",,,"4,531.70",,,
2007-10-18,,768.70,7.914,,,"2,886.45","7,608.75",,"5,351.00",,,"4,372.85",,,
2007-10-19,,768.40,7.898,,,"2,791.60","7,423.80",,"5,215.30",,,"4,250.45",,,
2007-10-20,,,7.898,,,,,,,,,,,,
2007-10-22,,760.00,7.863,,,"2,801.65","7,568.00",,"5,184.00",,,"4,238.35",,,
2007-10-23,,763.10,7.823,,,"2,960.15","8,101.10",,"5,473.70",,,"4,465.75",,,
2007-10-24,,765.60,7.831,,,"3,011.15","8,228.65",,"5,496.15",,,"4,494.00",,,
2007-10-25,,771.00,7.819,,,"3,031.80","8,428.65",,"5,568.95",,,"4,545.65",,,
2007-10-26,,787.50,7.822,,,"3,125.60","8,749.90",,"5,702.30",,,"4,650.20",,,
2007-10-27,,,7.823,,,,,,,,,,,,
2007-10-29,,792.60,7.816,,,"3,206.30","9,000.75",,"5,905.90",,,"4,782.95",,,
2007-10-30,,787.80,7.86,,,"3,201.80","8,934.15",,"5,868.75",,,"4,770.90",,,
2007-10-31,,795.30,7.839,,,"3,208.60","9,013.15",,"5,900.65",,,"4,806.85",,,
2007-11-01,,793.70,7.859,,,"3,139.15","9,198.60",,"5,866.45",,,"4,757.85",,,
2007-11-02,,808.50,7.859,,,"3,194.25","9,560.70",,"5,932.40",,,"4,810.50",,,
2007-11-03,,,7.857,,,,,,,,,,,,
2007-11-05,,810.80,7.868,,,"3,273.90","9,397.55",,"5,847.30",,,"4,775.40",,,
2007-11-06,,823.40,7.896,,,"3,214.50","9,216.30",,"5,786.50",,,"4,754.80",,,
2007-11-07,,833.50,7.896,,,"3,194.00","9,090.20",,"5,782.35",,,"4,747.45",,,
2007-11-08,,837.50,7.914,,,"3,160.60","8,876.25",,"5,698.75",,,"4,689.45",,,
2007-11-09,,834.70,,,,"3,158.90","8,760.75",,"5,663.25",,,"4,673.75",,,
2007-11-10,,,7.935,,,,,,,,,,,,
2007-11-12,,807.70,7.923,,,"3,112.20","8,758.20",,"5,617.10",,,"4,639.40",,,
2007-11-13,,799.00,7.887,,,"3,227.20","9,060.00",,"5,695.40",,,"4,717.15",,,
2007-11-14,,814.70,7.875,,,"3,296.45","9,613.05",,"5,937.90",,,"4,902.45",,,
2007-11-15,,787.30,7.883,,,"3,328.05","9,454.70",,"5,912.10",,,"4,923.85",,,
2007-11-16,,787.00,7.881,,,"3,366.15","9,474.15",,"5,906.85",,,"4,939.10",,,
2007-11-17,,,7.881,,,,,,,,,,,,
2007-11-19,,778.00,7.875,,,"3,465.95","9,396.25",,"5,907.65",,,"4,983.35",,,
2007-11-20,,791.40,7.875,,,"3,399.85","9,277.85",,"5,780.90",,,"4,883.15",,,
2007-11-21,,798.60,7.886,,,"3,200.70","8,829.80",,"5,561.05",,,"4,666.80",,,
2007-11-22,,804.00,7.884,,,"3,129.65","8,998.80",,"5,519.35",,,"4,620.75",,,
2007-11-23,,824.70,7.89,,,"3,207.55","8,977.90",,"5,608.60",,,"4,705.05",,,
2007-11-26,,826.50,7.89,,,"3,273.15","9,122.45",,"5,731.70",,,"4,814.30",,,
2007-11-27,,814.00,7.896,,,"3,284.80","9,070.75",,"5,698.15",,,"4,805.30",,,
2007-11-28,,800.30,7.922,,,"3,256.60","8,970.85",,"5,617.55",,,"4,754.75",,,
2007-11-29,,802.30,7.923,,,"3,212.25","9,124.40",,"5,634.60",,,"4,741.05",,,
2007-11-30,,789.10,7.905,,,"3,360.85","9,375.75",,"5,762.75",,,"4,869.55",,,
2007-12-01,,,7.908,,,,,,,,,,,,
2007-12-03,,794.70,7.881,,,"3,452.65","9,397.55",,"5,865.00",,,"4,969.95",,,
2007-12-04,,807.60,7.883,,,"3,496.15","9,367.10",,"5,858.35",,,"5,003.30",,,
2007-12-05,,803.70,7.869,,,"3,582.40","9,581.30",,"5,940.00",,,"5,081.20",,,
2007-12-06,,807.10,7.878,,,"3,558.85","9,620.15",,"5,954.70",,,"5,081.55",,,
2007-12-07,,800.20,7.874,,,"3,542.45","9,796.10",,"5,974.30",,,"5,095.65",,,
2007-12-08,,,7.869,,,,,,,,,,,,
2007-12-10,,813.50,7.877,,,"3,587.05","9,864.60",,"5,960.60",,,"5,107.40",,,
2007-12-11,,817.10,7.883,,,"3,628.20","10,090.70",,"6,097.25",,,"5,192.55",,,
2007-12-12,,818.80,7.878,,,"3,722.40","10,056.70",,"6,159.30",,,"5,263.80",,,
2007-12-13,,804.00,7.885,,,"3,731.85","9,920.45",,"6,058.10",,,"5,217.15",,,
2007-12-14,,798.00,7.9,,,"3,753.80","9,803.15",,"6,047.70",,,"5,224.00",,,
2007-12-15,,,7.897,,,,,,,,,,,,
2007-12-17,,799.30,7.898,,,"3,558.40","9,426.70",,"5,777.00",,,"4,980.85",,,
2007-12-18,,807.40,7.892,,,"3,565.90","9,279.20",,"5,742.30",,,"4,965.70",,,
2007-12-19,,805.40,7.882,,,"3,545.75","9,240.35",,"5,751.15",,,"4,969.15",,,
2007-12-20,,803.20,7.871,,,"3,518.50","9,245.45",,"5,766.50",,,"4,971.05",,,
2007-12-21,,815.40,,,,,,,,,,,,,
2007-12-22,,,7.868,,,,,,,,,,,,
2007-12-24,,816.50,7.864,,,"3,605.20","9,563.55",,"5,985.10",,,"5,126.40",,,
2007-12-26,,829.50,7.87,,,"3,687.10","9,755.20",,"6,070.75",,,"5,228.55",,,
2007-12-27,,831.80,7.856,,,"3,667.60","9,785.05",,"6,081.50",,,"5,234.30",,,
2007-12-28,,842.70,7.811,,,"3,751.40","9,828.35",,"6,079.70",,,"5,284.20",,,
2007-12-29,,,7.81,,,,,,,,,,,,
2007-12-31,,838.00,7.791,,,"3,812.00","9,863.45",,"6,138.60",,,"5,354.70",,,
2008-01-01,,,7.746,,,"3,838.30","9,905.25",,"6,144.35",,,"5,384.55",,,
2008-01-02,,860.00,7.746,,,"3,927.70","10,250.85",,"6,179.40",,,"5,437.80",,7.488,
2008-01-03,,869.10,7.755,,,"3,931.30","10,100.70",,"6,178.55",,,"5,442.20",,7.534,
2008-01-04,,865.70,7.706,,,"3,966.75","10,233.20",,"6,274.30",,,"5,502.60",,7.462,
2008-01-05,,,7.707,,,,,,,,,,,,
2008-01-07,,862.00,7.66,,,"3,984.20","10,391.10",,"6,279.10",,,"5,500.15",,7.413,
2008-01-08,,880.30,7.673,,,"3,900.10","10,355.60",,"6,287.85",,,"5,460.30",,7.471,
2008-01-09,,881.70,7.654,,,"3,872.70","10,306.45",,"6,272.00",,,"5,451.90",,7.518,
2008-01-10,,893.60,7.586,,,"3,704.75","10,266.85",,"6,156.95",,,"5,319.90",,7.464,
2008-01-11,,897.70,7.563,,,"3,701.40","10,561.55",,"6,200.10",,,"5,348.20",,7.453,
2008-01-12,,,7.563,,,,,,,,,,,,
2008-01-14,,903.40,7.544,,,"3,755.60","10,698.35",,"6,206.80",,,"5,385.25",,7.472,
2008-01-15,,902.60,7.556,,,"3,724.35","10,465.70",,"6,074.25",,,"5,282.10",,7.48,
2008-01-16,,882.00,7.563,,,"3,645.20","10,346.95",,"5,935.75",,,"5,164.95",,7.516,
2008-01-17,,880.50,7.554,,,"3,651.80","10,261.50",,"5,913.20",,,"5,151.15",,7.512,
2008-01-18,,881.70,7.551,,,"3,441.90","9,739.90",,"5,705.30",,,"4,925.85",,7.501,
2008-01-21,,,7.54,,,"2,927.00","9,038.95",,"5,208.80",,,"4,425.55",,7.497,
2008-01-22,,890.30,7.467,,,"2,600.45","8,682.45",,"4,899.30",,,"4,134.30",,7.385,
2008-01-23,,883.10,7.385,,,"2,896.85","9,259.20",,"5,203.40",,,"4,417.00",,7.301,
2008-01-24,,905.80,7.379,,,"2,757.50","9,133.85",,"5,033.45",,,"4,267.10",,7.309,
2008-01-25,,910.70,7.431,,,"2,969.30","9,752.25",,"5,383.35",,,"4,567.20",,7.308,
2008-01-28,,927.10,7.438,,,"2,964.05","9,901.90",,"5,274.10",,,"4,497.50",,7.379,
2008-01-29,,925.10,7.542,,,"2,961.70","9,569.60",,"5,280.80",,,"4,491.25",,7.485,
2008-01-30,,926.30,7.559,,,"2,858.55","9,404.15",,"5,167.60",,,"4,385.60",,7.464,
2008-01-31,,928.00,7.529,,,"2,777.20","9,226.25",,"5,137.45",,,"4,349.00",,7.482,
2008-02-01,,913.50,7.487,,,"2,804.45","9,327.05",,"5,317.25",,,"4,450.05",,7.436,
2008-02-02,,,7.496,,,,,,,,,,,,
2008-02-04,,909.40,7.515,,,"2,920.85","9,561.50",,"5,463.50",,,"4,588.40",,7.449,
2008-02-05,,890.30,7.518,,,"2,969.00","9,397.80",,"5,483.90",,,"4,617.30",,7.417,
2008-02-06,,905.00,7.488,,,"2,945.85","9,185.65",,"5,322.55",,,"4,503.40",,7.389,
2008-02-07,,910.00,7.473,,,"2,853.45","8,960.45",,"5,133.25",,,"4,354.20",,7.386,
2008-02-08,,922.30,7.47,,,"2,796.80","8,817.00",,"5,120.35",,,"4,313.95",,7.398,
2008-02-09,,,7.464,,,,,,,,,,,,
2008-02-11,,926.70,7.439,,,"2,588.55","8,419.25",,"4,857.00",,,"4,086.80",,7.399,
2008-02-12,,911.10,7.453,,,"2,533.15","8,512.35",,"4,838.25",,,"4,054.40",,7.402,
2008-02-13,,910.20,7.455,,,"2,548.55","8,748.75",,"4,929.45",,,"4,111.65",,7.427,
2008-02-14,,910.80,7.464,,,"2,731.10","9,125.20",,"5,202.00",,,"4,343.55",,7.459,
2008-02-15,,906.10,7.503,,,"2,801.20","9,380.05",,"5,302.90",,,"4,432.60",,7.465,
2008-02-16,,,7.512,,,,,,,,,,,,
2008-02-18,,,7.543,,,"2,805.30","9,404.20",,"5,276.90",,,"4,421.30",,7.497,
2008-02-19,,929.80,7.562,,,"2,827.30","9,423.45",,"5,280.80",,,"4,428.70",,7.505,
2008-02-20,,937.80,7.645,,,"2,761.40","9,129.10",,"5,154.45",,,"4,326.35",,7.555,
2008-02-21,,949.20,7.583,,,"2,802.25","8,946.20",,"5,191.80",,,"4,357.35",,7.516,
2008-02-22,,947.80,7.679,,,"2,764.10","8,685.10",,"5,110.75",,,"4,295.35",,7.57,
2008-02-23,,,7.692,,,,,,,,,,,,
2008-02-25,,940.50,7.64,,,"2,780.45","8,666.50",,"5,200.70",,,"4,346.85",,7.543,
2008-02-26,,948.90,7.631,,,"2,814.25","8,742.25",,"5,270.05",,,"4,406.05",,7.533,
2008-02-27,,961.00,7.629,,,"2,826.25","8,719.60",,"5,268.40",,,"4,407.95",,7.529,
2008-02-28,,967.50,7.602,,,"2,809.25","8,608.25",,"5,285.10",,,"4,404.35",,7.502,
2008-02-29,,975.00,7.568,,,"2,800.60","8,688.35",,"5,223.50",,,"4,360.70",,7.498,
2008-03-03,,984.20,7.524,,,"2,688.80","8,047.45",,"4,953.00",,,"4,138.95",,7.464,
2008-03-04,,966.30,7.582,,,"2,624.95","7,736.60",,"4,864.25",,,"4,045.30",,7.527,
2008-03-05,,988.50,7.551,,,"2,600.20","7,588.35",,"4,921.40",,,"4,065.65",,7.511,
2008-03-06,,977.10,,,,,,,,,,,,,
2008-03-07,,974.20,7.59,,,"2,483.80","7,268.15",,"4,771.60",,,"3,922.50",,7.545,
2008-03-08,,,7.585,,,,,,,,,,,,
2008-03-10,,971.80,7.62,,,"2,486.55","7,272.50",,"4,800.40",,,"3,927.90",,7.584,
2008-03-11,,976.00,7.604,,,"2,578.75","7,356.40",,"4,865.90",,,"4,024.40",,7.562,
2008-03-12,,980.50,7.559,,,"2,559.45","7,341.55",,"4,872.00",,,"4,010.15",,7.485,
2008-03-13,,993.80,7.569,,,"2,400.80","6,914.65",,"4,623.60",,,"3,785.10",,7.494,
2008-03-14,,999.50,7.63,,,"2,440.55","7,106.00",,"4,745.80",,,"3,868.65",,7.544,
2008-03-15,,,7.624,,,,,,,,,,,,
2008-03-17,,"1,002.60",7.633,,,"2,255.05","6,556.20",,"4,503.10",,,"3,642.35",,7.528,
2008-03-18,,"1,004.30",7.593,,,"2,240.80","6,472.80",,"4,533.00",,,"3,642.80",,7.487,
2008-03-19,,945.30,7.621,,,"2,223.05","6,456.55",,"4,573.95",,,"3,657.80",,7.483,
2008-03-20,,920.00,,,,,,,,,,,,,
2008-03-24,,918.70,7.72,,,"2,176.50","6,634.60",,"4,609.85",,,"3,656.45",,7.564,
2008-03-25,,935.00,7.723,,,"2,314.90","7,147.15",,"4,877.50",,,"3,879.75",,7.51,
2008-03-26,,949.20,7.768,,,"2,331.30","7,120.90",,"4,828.85",,,"3,867.25",,7.506,
2008-03-27,,948.80,7.773,,,"2,309.05","6,969.30",,"4,830.25",,,"3,862.25",,7.446,
2008-03-28,,936.50,7.874,,,"2,418.60","7,037.85",,"4,942.00",,,"3,971.15",,7.509,
2008-03-31,,921.50,7.938,,,"2,371.70","6,655.00",,"4,734.50",,,"3,825.85",,7.6,
2008-04-01,,887.80,,,,"2,371.25","6,608.10",,"4,739.55",,,"3,817.45",,,
2008-04-02,,900.20,7.931,,,"2,395.00","6,772.70",,"4,754.20",,,"3,835.50",,7.571,
2008-04-03,,909.60,7.887,,,"2,399.45","6,746.10",,"4,771.60",,,"3,840.30",,7.549,
2008-04-04,,913.20,7.985,,,"2,340.75","6,545.15",,"4,647.00",,,"3,747.95",,7.677,
2008-04-07,,926.80,7.99,,,"2,370.95","6,832.40",,"4,761.20",,,"3,830.50",,7.744,
2008-04-08,,918.00,7.945,,,"2,381.45","6,862.70",,"4,709.65",,,"3,807.10",,7.728,
2008-04-09,,937.50,7.925,,,"2,408.75","7,059.55",,"4,747.05",,,"3,844.40",,7.699,
2008-04-10,,931.80,7.964,,,"2,418.45","6,872.85",,"4,733.00",,,"3,830.75",,7.791,
2008-04-11,,927.00,8.034,,,"2,435.60","6,838.45",,"4,777.80",,,"3,861.70",,7.894,
2008-04-14,,928.70,,,,,,,,,,,,,
2008-04-15,,932.00,8.018,,,"2,477.60","6,916.75",,"4,879.65",,,"3,938.00",,7.878,
2008-04-16,,948.30,8.08,,,"2,502.35","6,951.90",,"4,887.30",,,"3,959.75",,7.946,
2008-04-17,,942.90,8.118,,,"2,574.70","7,165.05",,"4,958.40",,,"4,027.90",,7.956,
2008-04-18,,915.20,,,,,,,,,,,,,
2008-04-21,,917.60,8.178,,,"2,646.05","7,425.45",,"5,037.00",,,"4,099.75",,7.93,
2008-04-22,,925.20,8.165,,,"2,666.85","7,520.90",,"5,049.30",,,"4,120.85",,7.9,
2008-04-23,,909.00,8.186,,,"2,685.15","7,378.05",,"5,022.80",,,"4,105.25",,7.923,
2008-04-24,,889.40,8.194,,,"2,634.30","7,391.90",,"4,999.85",,,"4,083.60",,7.959,
2008-04-25,,889.70,8.175,,,"2,664.10","7,616.30",,"5,111.70",,,"4,162.55",,7.949,
2008-04-28,,895.50,8.141,,,"2,676.30","7,590.05",,"5,089.65",,,"4,156.90",,7.939,
2008-04-29,,876.80,8.004,,,"2,732.20","7,737.45",,"5,195.50",,,"4,233.25",,7.857,
2008-04-30,,865.10,7.956,,,"2,741.15","7,629.00",,"5,165.90",,,"4,222.10",,7.817,
2008-05-01,,850.90,,,,,,,,,,,,,
2008-05-02,,858.00,7.903,,,"2,781.30","7,871.90",,"5,228.20",,,"4,280.40",,7.746,
2008-05-05,,874.10,7.876,,,"2,787.20","7,851.50",,"5,192.25",,,"4,267.85",,7.709,
2008-05-06,,877.70,7.89,,,"2,748.20","7,814.55",,"5,144.65",,,"4,217.50",,7.706,
2008-05-07,,871.20,7.925,,,"2,733.95","7,743.60",,"5,135.50",,,"4,198.60",,7.735,
2008-05-08,,882.10,7.944,,,"2,709.55","7,518.80",,"5,081.70",,,"4,152.30",,7.732,
2008-05-09,,885.80,7.917,,,"2,615.55","7,299.00",,"4,982.60",,,"4,064.10",,7.748,
2008-05-12,,884.90,7.897,,,"2,619.40","7,330.55",,"5,012.65",,,"4,066.30",,7.731,
2008-05-13,,869.60,7.914,,,"2,626.00","7,340.95",,"4,957.80",,,"4,041.50",,7.747,
2008-05-14,,866.50,7.938,,,"2,672.40","7,324.85",,"5,011.75",,,"4,081.30",,7.784,
2008-05-15,,880.00,7.98,,,"2,715.30","7,508.15",,"5,115.25",,,"4,159.30",,7.828,
2008-05-16,,899.90,8.011,,,"2,746.85","7,644.60",,"5,157.70",,,"4,198.10",,7.838,
2008-05-19,,905.80,,,,,,,,,,,,,
2008-05-20,,920.20,8.003,,,"2,729.00","7,459.20",,"5,104.95",,,"4,158.90",,7.831,
2008-05-21,,928.60,8.058,,,"2,769.05","7,374.25",,"5,117.65",,,"4,174.60",,7.883,
2008-05-22,,918.30,8.113,,,"2,716.50","7,147.30",,"5,025.45",,,"4,099.85",,7.872,
2008-05-23,,925.80,8.088,,,"2,665.50","7,009.05",,"4,946.55",,,"4,037.35",,7.897,
2008-05-26,,929.00,8.114,,,"2,594.70","6,767.45",,"4,875.05",,,"3,962.50",,7.872,
2008-05-27,,907.90,8.119,,,"2,564.10","6,593.95",,"4,859.80",,,"3,944.20",,7.973,
2008-05-28,,900.50,8.06,,,"2,601.95","6,780.90",,"4,918.35",,,"3,991.50",,7.928,
2008-05-29,,881.70,8.104,,,"2,591.35","6,576.75",,"4,835.30",,,"3,939.40",,7.98,
2008-05-30,,891.50,8.101,,,"2,593.75","6,584.35",,"4,870.10",,,"3,959.65",,7.995,
2008-06-02,,897.00,8.085,,,"2,521.95","6,347.15",,"4,739.60",,,"3,853.55",,7.977,
2008-06-03,,885.50,8.127,,,"2,501.15","6,301.20",,"4,715.90",,,"3,831.65",,7.988,
2008-06-04,,883.80,8.141,,,"2,401.05","6,113.65",,"4,585.60",,,"3,719.40",,7.985,
2008-06-05,,875.50,8.185,,,"2,417.25","6,211.80",,"4,676.95",,,"3,774.60",,8.052,
2008-06-06,,899.00,8.238,,,"2,399.55","6,140.05",,"4,627.80",,,"3,730.50",,8.106,
2008-06-09,,898.10,8.287,,,"2,319.85","5,949.20",,"4,500.95",,,"3,611.80",,8.11,
2008-06-10,,871.20,8.289,,,"2,280.20","5,814.35",,"4,449.80",,,"3,570.60",,8.1,
2008-06-11,,882.90,8.263,,,"2,320.25","5,971.25",,"4,523.60",,,"3,632.35",,8.097,
2008-06-12,,872.00,8.326,,,"2,353.35","5,999.35",,"4,539.35",,,"3,645.60",,8.215,
2008-06-13,,873.10,8.393,,,"2,338.00","5,993.15",,"4,517.10",,,"3,634.80",,8.307,
2008-06-16,,886.30,8.358,,,"2,353.05","6,127.75",,"4,572.50",,,"3,679.75",,8.297,
2008-06-17,,886.90,8.335,,,"2,405.95","6,425.65",,"4,653.00",,,"3,753.55",,8.301,
2008-06-18,,893.50,8.366,,,"2,382.45","6,200.55",,"4,582.40",,,"3,701.20",,8.429,
2008-06-19,,904.20,8.477,,,"2,328.00","5,957.25",,"4,504.25",,,"3,633.45",,8.579,
2008-06-20,,903.70,8.627,,,"2,240.65","5,758.60",,"4,347.55",,,"3,510.95",,8.836,
2008-06-23,,887.20,8.632,,,"2,148.35","5,593.75",,"4,266.40",,,"3,416.60",,8.893,
2008-06-24,,891.60,8.567,,,"2,097.75","5,489.85",,"4,191.10",,,"3,359.05",,8.884,
2008-06-25,,882.30,8.666,,,"2,123.60","5,480.70",,"4,252.65",,,"3,401.05",,9.001,
2008-06-26,,915.10,8.612,,,"2,109.60","5,512.15",,"4,315.85",,,"3,431.00",,9.156,
2008-06-27,,931.30,8.615,,,"2,039.20","5,210.90",,"4,136.65",,,"3,293.65",,9.286,
2008-06-30,,928.30,8.713,,,"1,956.85","5,027.05",,"4,040.55",,,"3,203.35",,9.255,
2008-07-01,,944.50,8.792,,,"1,847.80","4,732.85",,"3,896.75",,,"3,075.80",,9.276,
2008-07-02,,946.50,8.808,,,"1,948.70","5,025.75",,"4,093.35",,,"3,225.00",,9.328,
2008-07-03,,933.60,8.84,,,"1,884.45","4,851.35",,"3,925.75",,,"3,098.70",,9.288,
2008-07-04,,935.70,9.154,,,"1,953.60","4,990.90",,"4,016.00",,,"3,178.15",,9.306,
2008-07-07,,928.80,9.159,,,"1,970.25","5,075.60",,"4,030.00",,,"3,207.80",,9.259,
2008-07-08,,923.30,9.294,,,"1,971.65","5,106.80",,"3,988.55",,,"3,186.00",,9.364,
2008-07-09,,928.60,9.319,,,"2,049.75","5,341.45",,"4,157.10",,,"3,321.40",,9.347,
2008-07-10,,942.00,9.419,,,"2,042.40","5,339.00",,"4,162.20",,,"3,323.65",,9.33,
2008-07-11,,960.60,9.469,,,"1,985.85","5,240.70",,"4,049.00",,,"3,232.20",,9.448,
2008-07-14,,973.70,9.383,,,"1,979.60","5,207.75",,"4,039.70",,,"3,222.80",,9.447,
2008-07-15,,978.70,9.478,,,"1,897.60","4,838.95",,"3,861.10",,,"3,085.50",,9.631,
2008-07-16,,962.70,9.383,,,"1,858.35","4,726.45",,"3,816.70",,,"3,049.85",,9.623,
2008-07-17,,970.70,9.246,,,"1,903.15","5,034.75",,"3,947.20",,,"3,146.15",,9.357,
2008-07-18,,958.00,9.096,,,"1,944.30","5,389.15",,"4,092.25",,,"3,248.05",,9.321,
2008-07-21,,963.70,9.052,,,"1,959.55","5,601.50",,"4,159.50",,,"3,289.80",,9.265,
2008-07-22,,948.50,9.132,,,"1,999.45","5,793.70",,"4,240.10",,,"3,355.90",,9.334,
2008-07-23,,922.80,9.038,,,"2,144.25","6,343.15",,"4,476.80",,,"3,550.80",,9.262,
2008-07-24,,922.30,9.07,,,"2,156.20","6,213.60",,"4,433.55",,,"3,524.50",,9.26,
2008-07-25,,926.80,9.157,,,"2,146.05","5,917.25",,"4,311.85",,,"3,452.45",,9.286,
2008-07-28,,927.70,9.082,,,"2,157.30","5,919.15",,"4,332.10",,,"3,469.40",,9.253,
2008-07-29,,916.50,9.393,,,"2,084.00","5,422.15",,"4,189.85",,,"3,350.45",,9.513,
2008-07-30,,912.30,9.321,,,"2,151.35","5,719.45",,"4,313.55",,,"3,449.75",,9.46,
2008-07-31,,922.70,9.316,,,"2,123.35","5,730.05",,"4,332.95",,,"3,456.70",,9.44,
2008-08-01,,917.50,9.274,,,"2,160.80","5,961.90",,"4,413.55",,,"3,524.25",,9.42,
2008-08-04,,907.90,9.2,,,"2,205.65","5,992.40",,"4,395.35",,,"3,531.15",,9.283,
2008-08-05,,886.10,8.988,,,"2,236.95","6,371.70",,"4,502.85",,,"3,615.90",,9.153,
2008-08-06,,883.00,9.025,,,"2,216.25","6,328.20",,"4,517.55",,,"3,618.60",,9.175,
2008-08-07,,877.90,9.097,,,"2,230.55","6,363.15",,"4,523.85",,,"3,625.70",,9.205,
2008-08-08,,864.80,9.029,,,"2,242.90","6,447.50",,"4,529.50",,,"3,635.00",,9.2,
2008-08-11,,828.30,8.908,,,"2,287.00","6,723.20",,"4,620.40",,,"3,707.80",,9.069,
2008-08-12,,814.60,8.965,,,"2,254.60","6,490.80",,"4,552.25",,,"3,656.10",,9.156,
2008-08-13,,831.50,9.078,,,"2,237.05","6,370.75",,"4,529.05",,,"3,637.70",,9.243,
2008-08-14,,814.50,9.161,,,"2,185.55","6,030.05",,"4,430.70",,,"3,551.30",,9.269,
2008-08-15,,792.10,,,,,,,,,,,,,
2008-08-18,,805.70,9.094,,,"2,158.80","6,015.05",,"4,393.05",,,"3,519.30",,9.323,
2008-08-19,,816.80,,,,"2,157.45","5,992.40",,"4,368.25",,,"3,500.75",,,
2008-08-20,,816.30,9.132,,,"2,185.55","6,026.30",,"4,415.75",,,"3,536.90",,9.305,
2008-08-21,,839.00,9.206,,,"2,130.85","5,711.55",,"4,283.85",,,"3,434.00",,9.361,
2008-08-22,,833.50,9.085,,,"2,133.00","5,776.05",,"4,327.45",,,"3,459.75",,9.282,
2008-08-25,,825.70,8.991,,,"2,135.10","5,860.80",,"4,335.35",,,"3,467.40",,9.256,
2008-08-26,,828.10,8.891,,,"2,132.20","5,943.20",,"4,337.50",,,"3,468.90",,9.229,
2008-08-27,,834.00,8.885,,,"2,114.40","5,823.55",,"4,292.10",,,"3,435.25",,9.211,
2008-08-28,,837.20,8.799,,,"2,075.15","5,721.15",,"4,214.00",,,"3,376.80",,9.151,
2008-08-29,,835.20,8.7,,,"2,149.05","6,102.05",,"4,360.00",,,"3,489.05",,9.106,
2008-09-01,,,8.637,,,"2,154.85","6,128.85",,"4,348.65",,,"3,481.55",,9.07,
2008-09-02,,810.50,8.609,,,"2,196.90","6,508.90",,"4,504.00",,,"3,599.70",,8.999,
2008-09-03,,808.20,,,,,,,,,,,,,
2008-09-04,,803.20,8.476,,,"2,189.95","6,494.65",,"4,447.75",,,"3,562.70",,8.922,
2008-09-05,,802.80,8.484,,,"2,158.85","6,288.60",,"4,352.30",,,"3,489.35",,8.873,
2008-09-08,,802.50,8.494,,,"2,182.25","6,538.85",,"4,482.30",,,"3,575.05",,8.693,
2008-09-09,,792.00,8.41,,,"2,165.55","6,441.35",,"4,468.70",,,"3,560.50",,8.632,
2008-09-10,,762.50,8.357,,,"2,146.05","6,427.55",,"4,400.25",,,"3,507.40",,8.722,
2008-09-11,,745.50,8.288,,,"2,121.45","6,332.25",,"4,290.30",,,"3,433.10",,8.626,
2008-09-12,,764.50,8.348,,,"2,078.00","6,194.15",,"4,228.45",,,"3,377.90",,8.643,
2008-09-15,,787.00,8.15,,,"1,974.10","5,997.65",,"4,072.90",,,"3,243.60",,8.606,
2008-09-16,,780.50,8.097,,,"1,959.85","6,132.95",,"4,074.90",,,"3,229.10",,8.509,
2008-09-17,,850.50,8.185,,,"1,924.90","5,912.50",,"4,008.25",,,"3,169.00",,8.472,
2008-09-18,,897.00,8.384,,,"1,910.75","6,077.20",,"4,038.15",,,"3,169.75",,8.58,
2008-09-19,,864.70,8.415,,,"1,979.70","6,312.05",,"4,245.25",,,"3,314.35",,8.683,
2008-09-22,,909.00,8.464,,,"1,954.30","6,303.90",,"4,223.05",,,"3,301.15",,8.776,
2008-09-23,,891.20,8.426,,,"1,913.00","6,033.35",,"4,126.90",,,"3,234.00",,8.652,
2008-09-24,,895.00,8.632,,,"1,925.15","6,109.65",,"4,161.25",,,"3,255.95",,8.745,
2008-09-25,,882.00,8.572,,,"1,907.45","6,080.20",,"4,110.55",,,"3,221.70",,8.707,
2008-09-26,,888.50,8.58,,,"1,842.70","5,828.60",,"3,985.25",,,"3,123.75",,8.699,
2008-09-29,,894.40,8.617,,,"1,763.05","5,538.75",,"3,850.05",,,"3,007.90",,8.793,
2008-09-30,,880.80,,,,"1,792.35","5,803.55",,"3,921.20",,,"3,058.60",,,
2008-10-01,,887.30,8.46,,,"1,804.55","5,982.40",,"3,950.75",,,"3,082.80",,8.706,
2008-10-02,,844.30,,,,,,,,,,,,,
2008-10-03,,833.20,8.291,,,"1,744.50","5,793.35",,"3,818.30",,,"2,984.30",,8.68,
2008-10-06,,866.20,8.102,,,"1,622.40","5,560.55",,"3,602.35",,,"2,809.35",,8.464,
2008-10-07,,882.00,8.094,,,"1,597.85","5,457.55",,"3,606.60",,,"2,790.90",,8.266,
2008-10-08,,906.50,7.977,,,"1,510.60","5,222.60",,"3,513.65",,,"2,693.90",,8.17,
2008-10-09,,886.50,,,,,,,,,,,,,
2008-10-10,,859.00,7.814,,,"1,374.00","4,938.00",,"3,279.95",,,"2,507.55",,8.006,
2008-10-13,,842.50,7.785,,,"1,467.10","5,496.75",,"3,490.70",,,"2,654.35",,7.966,
2008-10-14,,839.50,7.974,,,"1,489.90","5,578.40",,"3,518.65",,,"2,685.05",,8.24,
2008-10-15,,839.00,7.929,,,"1,409.05","5,425.25",,"3,338.40",,,"2,553.30",,8.155,
2008-10-16,,804.50,7.714,,,"1,399.85","5,481.65",,"3,269.30",,,"2,514.70",,7.712,
2008-10-17,,787.70,7.705,,,"1,348.65","5,183.55",,"3,074.35",,,"2,386.45",,7.724,
2008-10-20,,790.00,7.517,,,"1,342.80","5,284.20",,"3,122.80",,,"2,409.90",,7.386,
2008-10-21,,768.00,,,,"1,402.75","5,414.50",,"3,234.90",,,"2,491.45",,,
2008-10-22,,735.20,7.589,,,"1,350.80","5,095.75",,"3,065.15",,,"2,378.20",,7.393,
2008-10-23,,714.70,7.567,,,"1,305.35","4,932.40",,"2,943.15",,,"2,285.40",,7.324,
2008-10-24,,730.30,7.683,,,"1,190.25","4,310.05",,"2,584.00",,,"2,035.25",,7.571,
2008-10-27,,742.90,7.61,,,"1,143.25","4,092.90",,"2,524.20",,,"1,973.70",,7.351,
2008-10-28,,740.50,,,,"1,220.20","4,315.75",,"2,684.60",,,"2,095.55",,,
2008-10-29,,754.00,7.512,,,"1,187.95","4,280.45",,"2,697.05",,,"2,098.50",,7.339,
2008-10-30,,738.50,,,,,,,,,,,,,
2008-10-31,,718.20,7.478,,,"1,254.85","4,521.70",,"2,885.60",,,"2,225.70",,7.411,
2008-11-03,,726.80,7.561,,,"1,338.40","4,875.70",,"3,043.85",,,"2,341.00",,7.322,
2008-11-04,,757.30,7.631,,,"1,385.95","5,220.70",,"3,142.10",,,"2,421.25",,7.214,
2008-11-05,,742.40,7.763,,,"1,358.35","5,121.30",,"2,994.95",,,"2,329.85",,7.347,
2008-11-06,,732.20,7.714,,,"1,320.30","4,940.00",,"2,892.65",,,"2,257.05",,7.147,
2008-11-07,,734.20,7.711,,,"1,336.20","5,043.55",,"2,973.00",,,"2,312.25",,7.156,
2008-11-10,,746.50,7.715,,,"1,392.50","5,261.15",,"3,148.25",,,"2,438.10",,7.328,
2008-11-11,,732.80,7.682,,,"1,329.70","4,945.70",,"2,938.65",,,"2,302.40",,6.938,
2008-11-12,,718.30,7.632,,,"1,305.75","4,748.15",,"2,848.45",,,"2,239.30",,7.018,
2008-11-13,,705.00,,,,,,,,,,,,,
2008-11-14,,742.50,7.468,,,"1,284.35","4,719.40",,"2,810.35",,,"2,203.55",,6.989,
2008-11-17,,742.00,7.509,,,"1,244.20","4,545.30",,"2,799.55",,,"2,176.30",,7.182,
2008-11-18,,732.70,7.473,,,"1,212.35","4,346.75",,"2,683.15",,,"2,094.25",,6.937,
2008-11-19,,736.00,7.403,,,"1,186.45","4,233.70",,"2,635.00",,,"2,055.20",,6.95,
2008-11-20,,748.70,7.252,,,"1,142.85","4,086.90",,"2,553.15",,,"1,988.45",,6.905,
2008-11-21,,791.80,7.223,,,"1,159.75","4,300.70",,"2,693.45",,,"2,067.20",,6.529,
2008-11-24,,819.50,7.201,,,"1,154.75","4,164.75",,"2,708.25",,,"2,075.05",,6.531,
2008-11-25,,818.50,7.215,,,"1,139.80","4,053.20",,"2,654.00",,,"2,040.40",,6.821,
2008-11-26,,808.50,7.112,,,"1,160.60","4,267.90",,"2,752.25",,,"2,090.75",,6.872,
2008-11-28,,819.00,7.08,,,"1,166.45","4,291.15",,"2,755.10",,,"2,093.10",,6.834,
2008-12-01,,776.80,7.065,,,"1,146.85","4,124.30",,"2,682.90",,,"2,048.40",,6.788,
2008-12-02,,783.30,7.016,,,"1,137.85","4,099.30",,"2,657.80",,,"2,029.40",,6.967,
2008-12-03,,770.50,6.787,,,"1,152.00","4,220.35",,"2,656.45",,,"2,040.60",,6.547,
2008-12-04,,765.50,6.865,,,"1,192.20","4,446.65",,"2,788.00",,,"2,132.65",,6.569,
2008-12-05,,752.20,6.771,,,"1,167.10","4,357.00",,"2,714.40",,,"2,083.10",,6.525,
2008-12-08,,769.30,6.692,,,"1,166.30","4,429.85",,"2,784.00",,,"2,121.65",,6.181,
2008-12-09,,774.20,,,,,,,,,,,,,
2008-12-10,,808.80,6.625,,,"1,206.50","4,550.75",,"2,928.25",,,"2,214.60",,5.915,
2008-12-11,,826.60,6.473,,,"1,245.05","4,597.15",,"2,920.15",,,"2,222.35",,5.619,
2008-12-12,,820.50,6.23,,,"1,253.90","4,655.30",,"2,921.35",,,"2,230.25",,5.369,
2008-12-15,,836.50,6.178,,,"1,305.30","4,707.50",,"2,981.20",,,"2,282.35",,5.703,
2008-12-16,,842.70,6.011,,,"1,332.00","4,820.65",,"3,041.75",,,"2,336.85",,5.663,
2008-12-17,,868.50,5.813,,,"1,273.05","4,789.65",,"2,954.35",,,"2,268.40",,5.579,
2008-12-18,,860.60,5.574,,,"1,313.75","5,122.95",,"3,060.75",,,"2,347.35",,5.554,
2008-12-19,,837.40,5.572,,,"1,335.80","5,144.15",,"3,077.50",,,"2,370.35",,5.526,
2008-12-22,,847.20,5.722,,,"1,328.95","5,036.50",,"3,039.30",,,"2,343.30",,5.549,
2008-12-23,,838.10,5.746,,,"1,291.15","4,858.35",,"2,968.65",,,"2,286.10",,5.572,
2008-12-24,,848.00,5.603,,,"1,274.15","4,930.25",,"2,916.85",,,"2,255.10",,5.57,
2008-12-26,,871.20,5.618,,,"1,257.80","4,789.45",,"2,857.25",,,"2,212.50",,5.517,
2008-12-29,,875.30,5.549,,,"1,272.85","4,953.95",,"2,922.20",,,"2,258.85",,5.369,
2008-12-30,,870.00,5.337,,,"1,309.40","5,062.20",,"2,979.50",,,"2,304.40",,5.237,
2008-12-31,,884.30,5.26,,,"1,317.95","5,001.55",,"2,959.15",,,"2,295.75",,5.245,
2009-01-01,,,5.275,,,"1,356.40","5,116.55",,"3,033.45",,,"2,361.20",,5.047,
2009-01-02,,879.50,5.349,,,"1,391.50","5,195.10",,"3,046.75",,,"2,380.40",,4.871,
2009-01-05,,857.80,5.172,,,"1,414.40","5,359.40",,"3,121.45",,,"2,433.50",,4.601,
2009-01-06,,866.00,5.293,,,"1,408.45","5,395.30",,"3,112.80",,,"2,431.25",,4.672,
2009-01-07,,841.70,5.982,,,"1,294.85","4,984.55",,"2,920.40",,,"2,271.40",,5.11,
2009-01-08,,854.50,,,,,,,,,,,,,
2009-01-09,,855.00,6.048,,,"1,245.40","4,906.70",,"2,873.00",,,"2,225.45",,5.203,
2009-01-12,,821.00,5.845,,,"1,224.20","4,698.00",,"2,773.10",,,"2,160.25",,4.953,
2009-01-13,,820.70,5.679,,,"1,191.10","4,661.70",,"2,744.95",,,"2,136.60",,4.803,
2009-01-14,,808.80,5.576,,,"1,230.55","4,751.10",,"2,835.30",,,"2,200.65",,4.556,
2009-01-15,,807.30,5.559,,,"1,207.00","4,484.65",,"2,736.70",,,"2,133.30",,4.48,
2009-01-16,,839.90,5.588,,,"1,219.45","4,581.25",,"2,828.45",,,"2,189.45",,4.423,
2009-01-19,,855.20,5.6,,,"1,223.50","4,542.25",,"2,846.20",,,"2,204.30",,4.543,
2009-01-20,,,5.682,,,"1,208.70","4,402.35",,"2,796.60",,,"2,173.35",,4.615,
2009-01-21,,850.10,5.879,,,"1,170.20","4,252.30",,"2,706.15",,,"2,110.85",,4.637,
2009-01-22,,858.80,5.814,,,"1,155.15","4,289.80",,"2,713.80",,,"2,105.40",,4.61,
2009-01-23,,895.80,5.748,,,"1,133.75","4,082.15",,"2,678.55",,,"2,072.85",,4.626,
2009-01-24,,,5.742,,,,,,,,,,,,
2009-01-26,,908.80,,,,,,,,,,,,,
2009-01-27,,899.50,5.966,,,"1,136.85","4,199.55",,"2,771.35",,,"2,129.45",,4.648,
2009-01-28,,888.20,6.057,,,"1,160.20","4,340.10",,"2,849.50",,,"2,188.35",,4.671,
2009-01-29,,906.50,6.109,,,"1,156.85","4,362.05",,"2,823.95",,,"2,171.90",,4.644,
2009-01-30,,928.40,6.187,,,"1,172.10","4,456.55",,"2,874.80",,,"2,209.05",,4.664,
2009-02-02,,907.20,6.169,,,"1,148.90","4,238.15",,"2,766.65",,,"2,138.80",,4.637,
2009-02-03,,892.50,6.359,,,"1,137.85","4,253.80",,"2,783.90",,,"2,142.60",,4.634,
2009-02-04,,902.20,6.413,,,"1,128.90","4,251.20",,"2,803.05",,,"2,153.25",,4.784,
2009-02-05,,914.20,6.5,,,"1,119.75","4,235.35",,"2,780.05",,,"2,136.55",,4.832,
2009-02-06,,914.30,6.324,,,"1,138.30","4,334.15",,"2,843.10",,,"2,180.70",,4.775,
2009-02-09,,892.80,6.317,,,"1,170.10","4,459.50",,"2,919.90",,,"2,237.25",,4.824,
2009-02-10,,914.20,6.454,,,"1,186.10","4,515.80",,"2,934.50",,,"2,248.90",,4.847,
2009-02-11,,944.50,6.316,,,"1,190.90","4,504.30",,"2,925.70",,,"2,244.25",,4.794,
2009-02-12,,949.20,6.182,,,"1,187.10","4,468.35",,"2,893.05",,,"2,225.80",,4.664,
2009-02-13,,942.20,6.155,,,"1,195.35","4,565.85",,"2,948.35",,,"2,264.30",,4.657,
2009-02-16,,967.50,6.415,,,"1,166.35","4,351.45",,"2,848.50",,,"2,193.30",,4.706,
2009-02-17,,,6.489,,,"1,127.65","4,164.30",,"2,770.50",,,"2,137.35",,4.987,
2009-02-18,,978.20,6.367,,,"1,119.90","4,077.30",,"2,776.15",,,"2,138.85",,4.908,
2009-02-19,,976.50,6.313,,,"1,116.35","4,059.15",,"2,789.35",,,"2,145.85",,4.854,
2009-02-20,,"1,002.20",,,,"1,104.75","3,934.40",,"2,736.45",,,"2,106.10",,,
2009-02-23,,995.00,,,,,,,,,,,,,
2009-02-24,,969.50,6.596,,,"1,085.40","3,878.60",,"2,733.90",,,"2,095.90",,5.026,
2009-02-25,,966.20,6.665,,,"1,089.90","3,911.70",,"2,762.50",,,"2,113.10",,5.128,
2009-02-26,,942.60,6.507,,,"1,089.75","3,834.90",,"2,785.65",,,"2,122.40",,5.074,
2009-02-27,,942.50,6.328,,,"1,088.85","3,892.40",,"2,763.65",,,"2,112.85",,4.958,
2009-03-02,,940.00,6.301,,,"1,062.40","3,718.35",,"2,674.60",,,"2,052.90",,4.85,
2009-03-03,,913.60,6.368,,,"1,042.35","3,636.85",,"2,622.40",,,"2,016.30",,4.874,
2009-03-04,,906.70,6.443,,,"1,038.85","3,586.90",,"2,645.20",,,"2,027.40",,4.951,
2009-03-05,,927.80,6.429,,,"1,015.55","3,446.35",,"2,576.70",,,"1,981.20",,4.896,
2009-03-06,,942.70,6.752,,,"1,013.80","3,455.35",,"2,620.15",,,"2,002.40",,4.942,
2009-03-09,,918.00,6.78,,,993.25,"3,339.70",,"2,573.15",,,"1,966.85",,5.02,
2009-03-10,,895.90,,,,,,,,,,,,,
2009-03-11,,910.70,,,,,,,,,,,,,
2009-03-12,,924.00,7.077,,,998.75,"3,442.55",,"2,617.45",,,"1,994.40",,5.336,
2009-03-13,,930.10,6.82,,,"1,032.35","3,632.75",,"2,719.25",,,"2,064.60",,5.466,
2009-03-16,,922.00,6.624,,,"1,069.45","3,736.65",,"2,777.25",,,"2,114.80",,5.492,
2009-03-17,,916.80,6.756,,,"1,063.05","3,644.65",,"2,757.45",,,"2,104.05",,5.654,
2009-03-18,,889.10,6.7,,,"1,082.45","3,727.65",,"2,794.70",,,"2,134.90",,5.625,
2009-03-19,,958.80,6.812,,,"1,084.35","3,763.50",,"2,807.15",,,"2,145.25",,5.624,
2009-03-20,,956.20,6.853,,,"1,080.45","3,691.70",,"2,807.05",,,"2,139.70",,5.565,
2009-03-23,,952.50,6.648,,,"1,113.60","3,944.75",,"2,939.90",,,"2,230.55",,5.619,
2009-03-24,,923.80,6.701,,,"1,101.10","4,008.05",,"2,938.70",,,"2,224.25",,5.617,
2009-03-25,,935.80,6.788,,,"1,110.20","4,126.45",,"2,984.35",,,"2,255.60",,5.616,
2009-03-26,,940.00,7.031,,,"1,140.25","4,285.15",,"3,082.25",,,"2,314.20",,5.67,
2009-03-27,,923.20,,,,"1,175.25","4,406.80",,"3,108.65",,,"2,343.70",,,
2009-03-28,,,6.993,,,,,,,,,,,,
2009-03-30,,917.70,7.074,,,"1,139.80","4,035.70",,"2,978.15",,,"2,259.50",,5.683,
2009-03-31,,925.00,7.014,,,"1,165.00","4,133.20",,"3,020.95",,,"2,294.85",,5.498,
2009-04-01,,927.70,,,,"1,185.25","4,211.45",,"3,060.35",,,"2,324.75",,,
2009-04-02,,908.90,6.951,,,"1,239.80","4,426.05",,"3,211.05",,,"2,429.05",,5.495,
2009-04-03,,897.30,,,,,,,,,,,,,
2009-04-04,,,6.969,,,,,,,,,,,,
2009-04-06,,872.80,7.015,,,"1,266.05","4,487.10",,"3,256.60",,,"2,473.30",,5.321,
2009-04-07,,883.30,,,,,,,,,,,,,
2009-04-08,,885.90,6.863,,,"1,307.75","4,479.35",,"3,342.95",,,"2,537.55",,5.15,
2009-04-09,,883.30,6.718,,,"1,317.70","4,584.80",,"3,342.05",,,"2,545.95",,5.086,
2009-04-11,,,6.696,,,,,,,,,,,,
2009-04-13,,895.80,6.74,,,"1,360.65","4,818.00",,"3,382.60",,,"2,598.95",,5.111,
2009-04-14,,892.00,,,,,,,,,,,,,
2009-04-15,,893.50,6.617,,,"1,436.95","5,049.45",,"3,484.15",,,"2,691.30",,5.051,
2009-04-16,,879.80,6.445,,,"1,359.05","4,915.75",,"3,369.50",,,"2,593.90",,4.965,
2009-04-17,,867.90,6.41,,,"1,370.25","5,056.90",,"3,384.40",,,"2,612.60",,4.986,
2009-04-18,,,6.409,,,,,,,,,,,,
2009-04-20,,887.50,6.396,,,"1,380.20","5,009.20",,"3,377.10",,,"2,621.70",,4.956,
2009-04-21,,882.70,6.172,,,"1,378.60","4,853.90",,"3,365.30",,,"2,612.65",,4.869,
2009-04-22,,892.50,6.172,,,"1,357.65","4,813.30",,"3,330.30",,,"2,584.90",,4.838,
2009-04-23,,906.60,6.207,,,"1,386.20","4,968.40",,"3,423.70",,,"2,646.00",,4.835,
2009-04-24,,914.10,6.124,,,"1,408.60","5,125.35",,"3,480.75",,,"2,689.95",,4.743,
2009-04-25,,,6.12,,,,,,,,,,,,
2009-04-27,,908.20,6.131,,,"1,399.25","5,182.75",,"3,470.00",,,"2,674.75",,4.768,
2009-04-28,,893.60,6.198,,,"1,334.85","4,931.30",,"3,362.35",,,"2,588.40",,4.738,
2009-04-29,,900.50,6.242,,,"1,363.05","5,130.95",,"3,473.95",,,"2,662.95",,4.706,
2009-04-30,,891.20,,,,,,,,,,,,,
2009-05-01,,888.20,,,,,,,,,,,,,
2009-05-02,,,6.227,,,,,,,,,,,,
2009-05-04,,902.20,6.355,,,"1,433.05","5,504.05",,"3,654.00",,,"2,788.05",,4.693,
2009-05-05,,904.30,6.299,,,"1,464.95","5,596.20",,"3,661.90",,,"2,808.65",,4.69,
2009-05-06,,911.00,6.187,,,"1,438.55","5,446.45",,"3,625.05",,,"2,778.30",,4.63,
2009-05-07,,915.50,6.235,,,"1,477.45","5,577.30",,"3,683.90",,,"2,831.55",,4.627,
2009-05-08,,914.90,6.381,,,"1,477.40","5,409.75",,"3,620.70",,,"2,795.95",,4.647,
2009-05-11,,913.50,6.362,,,"1,448.00","5,343.60",,"3,554.60",,,"2,748.65",,4.673,
2009-05-12,,923.90,6.405,,,"1,464.20","5,585.55",,"3,681.10",,,"2,825.50",,4.787,
2009-05-13,,925.90,6.355,,,"1,457.60","5,523.75",,"3,635.25",,,"2,799.05",,4.784,
2009-05-14,,928.40,6.405,,,"1,474.05","5,495.10",,"3,593.45",,,"2,786.05",,4.81,
2009-05-15,,931.30,6.419,,,"1,494.65","5,695.05",,"3,671.65",,,"2,833.65",,4.744,
2009-05-18,,921.70,6.299,,,"1,703.80","6,766.55",,"4,323.15",,,"3,293.35",,4.888,
2009-05-19,,926.70,6.398,,,"1,757.35","7,268.20",,"4,318.45",,,"3,309.05",,4.907,
2009-05-20,,937.40,6.367,,,"1,898.55","7,144.75",,"4,270.30",,,"3,341.65",,4.902,
2009-05-21,,951.20,6.423,,,"1,884.80","6,934.55",,"4,210.90",,,"3,327.65",,4.92,
2009-05-22,,958.90,6.477,,,"1,920.60","7,036.30",,"4,238.50",,,"3,355.05",,4.928,
2009-05-25,,953.30,6.542,,,"1,968.55","7,064.70",,"4,237.55",,,"3,401.70",,4.947,
2009-05-26,,,6.564,,,"1,884.15","6,851.10",,"4,116.70",,,"3,309.70",,4.894,
2009-05-27,,953.30,6.622,,,"1,960.85","7,215.20",,"4,276.05",,,"3,442.30",,5.033,
2009-05-28,,963.20,6.699,,,"1,972.45","7,338.60",,"4,337.10",,,"3,487.70",,5.052,
2009-05-29,,980.30,6.71,,,"2,033.55","7,416.00",,"4,448.95",,,"3,579.90",,5.042,
2009-06-01,,980.00,6.681,,,"2,099.55","7,364.05",,"4,529.90",,,"3,654.20",,5.085,
2009-06-02,,984.40,6.649,,,"2,119.65","7,343.20",,"4,525.25",,,"3,641.50",,5.08,
2009-06-03,,965.60,6.579,,,"2,155.85","7,262.30",,"4,530.70",,,"3,656.50",,5.075,
2009-06-04,,982.30,6.543,,,"2,210.90","7,349.90",,"4,572.65",,,"3,708.10",,5.119,
2009-06-05,,962.60,6.555,,,"2,199.20","7,343.30",,"4,586.90",,,"3,710.50",,5.079,
2009-06-08,,952.50,6.594,,,"2,079.30","6,975.05",,"4,429.90",,,"3,562.70",,5.246,
2009-06-09,,954.70,6.653,,,"2,155.10","7,185.75",,"4,550.95",,,"3,661.25",,5.266,
2009-06-10,,954.70,6.785,,,"2,209.65","7,338.95",,"4,655.25",,,"3,732.80",,5.335,
2009-06-11,,962.00,6.897,,,"2,190.80","7,251.65",,"4,637.70",,,"3,711.10",,5.306,
2009-06-12,,940.70,6.912,,,"2,132.60","7,083.10",,"4,583.40",,,"3,664.90",,5.291,
2009-06-15,,927.50,6.905,,,"2,106.25","7,081.20",,"4,484.00",,,"3,594.25",,5.212,
2009-06-16,,932.20,6.912,,,"2,129.20","7,274.15",,"4,517.80",,,"3,639.40",,5.431,
2009-06-17,,936.00,6.898,,,"2,048.70","7,081.75",,"4,356.15",,,"3,504.30",,5.426,
2009-06-18,,934.60,6.905,,,"1,987.50","7,081.15",,"4,251.40",,,"3,412.45",,5.396,
2009-06-19,,936.20,6.921,,,"2,030.20","7,223.55",,"4,313.60",,,"3,458.85",,5.508,
2009-06-22,,921.00,6.951,,,"2,020.00","7,229.55",,"4,235.25",,,"3,408.10",,5.478,
2009-06-23,,924.30,7.012,,,"2,023.40","7,091.30",,"4,247.00",,,"3,420.45",,5.473,
2009-06-24,,934.40,7.004,,,"2,075.60","7,107.90",,"4,292.95",,,"3,467.10",,5.469,
2009-06-25,,939.50,7.002,,,"2,064.10","7,123.00",,"4,241.85",,,"3,433.15",,5.438,
2009-06-26,,941.00,6.998,,,"2,114.45","7,398.45",,"4,375.50",,,"3,521.85",,5.399,
2009-06-29,,940.70,6.998,,,"2,135.55","7,508.60",,"4,390.95",,,"3,555.30",,5.394,
2009-06-30,,927.40,7.013,,,"2,060.20","7,338.85",,"4,291.10",,,"3,469.70",,5.415,
2009-07-01,,941.30,6.982,,,"2,083.40","7,452.60",,"4,340.90",,,"3,503.65",,5.232,
2009-07-02,,931.00,6.878,,,"2,082.10","7,397.95",,"4,348.85",,,"3,526.70",,5.175,
2009-07-03,,924.30,6.834,,,"2,113.15","7,566.05",,"4,424.25",,,"3,568.05",,5.134,
2009-07-06,,,7.022,,,"1,985.50","6,946.45",,"4,165.70",,,"3,374.15",,5.281,
2009-07-07,,929.10,7.076,,,"2,013.60","6,952.60",,"4,202.15",,,"3,382.80",,5.353,
2009-07-08,,909.30,7.008,,,"1,937.00","6,661.75",,"4,078.90",,,"3,295.10",,5.142,
2009-07-09,,916.20,6.985,,,"1,951.90","6,672.75",,"4,080.95",,,"3,306.05",,5.137,
2009-07-10,,912.50,7.024,,,"1,904.10","6,520.60",,"4,003.90",,,"3,244.90",,5.043,
2009-07-13,,922.50,6.994,,,"1,841.10","6,531.30",,"3,974.05",,,"3,198.50",,5.037,
2009-07-14,,922.80,7.017,,,"1,920.75","6,756.40",,"4,111.40",,,"3,313.10",,4.996,
2009-07-15,,939.40,7.032,,,"2,013.45","6,938.70",,"4,233.50",,,"3,435.70",,5.0,
2009-07-16,,935.40,7.01,,,"2,008.60","6,912.40",,"4,231.40",,,"3,442.55",,4.995,
2009-07-17,,937.50,7.01,,,"2,056.95","7,231.05",,"4,374.95",,,"3,542.20",,4.977,
2009-07-20,,948.80,7.056,,,"2,106.40","7,530.20",,"4,502.25",,,"3,630.95",,5.023,
2009-07-21,,946.90,7.057,,,"2,104.05","7,430.40",,"4,469.10",,,"3,602.95",,5.017,
2009-07-22,,953.30,6.988,,,"2,079.30","7,329.55",,"4,398.90",,,"3,565.00",,4.959,
2009-07-23,,954.80,7.004,,,"2,126.35","7,473.50",,"4,523.75",,,"3,646.25",,5.006,
2009-07-24,,953.10,7.043,,,"2,168.50","7,385.55",,"4,568.55",,,"3,689.65",,4.988,
2009-07-27,,953.50,6.949,,,"2,197.50","7,398.65",,"4,572.30",,,"3,708.00",,5.061,
2009-07-28,,939.10,6.906,,,"2,222.20","7,312.55",,"4,564.10",,,"3,726.15",,5.081,
2009-07-29,,927.20,6.906,,,"2,200.35","7,224.20",,"4,513.50",,,"3,685.65",,5.076,
2009-07-30,,937.30,6.96,,,"2,211.05","7,389.70",,"4,571.45",,,"3,721.35",,5.062,
2009-07-31,,955.80,6.998,,,"2,231.30","7,544.50",,"4,636.45",,,"3,764.10",,5.19,
2009-08-03,,958.80,7.012,,,"2,277.55","7,650.10",,"4,711.40",,,"3,823.80",,5.264,
2009-08-04,,969.70,7.008,,,"2,258.80","7,617.80",,"4,680.50",,,"3,806.20",,5.365,
2009-08-05,,966.30,7.062,,,"2,251.20","7,607.50",,"4,694.15",,,"3,827.30",,5.397,
2009-08-06,,962.90,7.091,,,"2,199.80","7,471.80",,"4,585.50",,,"3,742.55",,5.397,
2009-08-07,,959.50,7.041,,,"2,147.60","7,249.50",,"4,481.40",,,"3,663.60",,5.338,
2009-08-10,,946.90,7.095,,,"2,105.75","7,160.00",,"4,437.65",,,"3,625.00",,5.467,
2009-08-11,,947.60,7.055,,,"2,139.50","7,218.25",,"4,471.35",,,"3,647.75",,5.624,
2009-08-12,,952.50,7.041,,,"2,146.70","7,172.05",,"4,457.50",,,"3,641.00",,5.646,
2009-08-13,,956.50,7.036,,,"2,223.45","7,472.40",,"4,605.00",,,"3,758.15",,5.64,
2009-08-14,,948.70,7.112,,,"2,233.30","7,418.95",,"4,580.05",,,"3,749.60",,5.652,
2009-08-17,,935.80,7.098,,,"2,135.50","7,104.85",,"4,387.90",,,"3,606.25",,5.691,
2009-08-18,,939.20,7.134,,,"2,184.70","7,207.25",,"4,458.90",,,"3,665.75",,5.747,
2009-08-19,,944.80,,,,"2,162.30","7,106.70",,"4,394.10",,,"3,607.05",,,
2009-08-20,,941.70,7.184,,,"2,174.90","7,261.20",,"4,453.45",,,"3,650.90",,5.769,
2009-08-21,,954.70,7.33,,,"2,199.45","7,377.10",,"4,528.80",,,"3,701.05",,5.865,
2009-08-24,,943.70,7.341,,,"2,260.20","7,507.40",,"4,642.80",,,"3,779.55",,5.887,
2009-08-25,,946.00,7.316,,,"2,283.10","7,424.50",,"4,659.35",,,"3,794.50",,5.921,
2009-08-26,,945.80,7.228,,,"2,312.80","7,418.35",,"4,680.85",,,"3,820.75",,5.822,
2009-08-27,,947.30,7.272,,,"2,314.75","7,385.65",,"4,688.20",,,"3,831.90",,5.873,
2009-08-28,,958.80,7.343,,,"2,330.60","7,482.40",,"4,732.35",,,"3,864.40",,5.932,
2009-08-31,,953.50,7.434,,,"2,323.00","7,431.65",,"4,662.10",,,"3,840.25",,5.97,
2009-09-01,,956.50,7.424,,,"2,296.55","7,377.20",,"4,625.35",,,"3,803.20",,6.021,
2009-09-02,,978.50,7.397,,,"2,292.05","7,339.55",,"4,608.35",,,"3,788.95",,5.96,
2009-09-03,,997.70,7.454,,,"2,289.75","7,351.00",,"4,593.55",,,"3,784.45",,5.984,
2009-09-04,,996.70,7.461,,,"2,321.55","7,444.15",,"4,680.40",,,"3,837.80",,6.009,
2009-09-07,,999.80,7.297,,,"2,360.05","7,650.65",,"4,782.90",,,"3,924.10",,5.993,
2009-09-08,,,7.376,,,"2,354.30","7,717.90",,"4,805.25",,,"3,929.65",,6.056,
2009-09-09,,997.10,7.343,,,"2,347.85","7,776.20",,"4,814.25",,,"3,925.40",,6.097,
2009-09-10,,996.80,7.42,,,"2,341.75","7,828.30",,"4,819.40",,,"3,922.35",,6.064,
2009-09-11,,"1,006.40",7.368,,,"2,337.35","7,914.95",,"4,829.55",,,"3,914.05",,6.107,
2009-09-14,,"1,001.10",7.233,,,"2,335.70","7,985.60",,"4,808.60",,,"3,908.95",,6.074,
2009-09-15,,"1,006.30",7.106,,,"2,388.50","8,210.70",,"4,892.10",,,"3,973.00",,6.011,
2009-09-16,,"1,020.20",7.084,,,"2,426.30","8,362.80",,"4,958.40",,,"4,019.30",,6.007,
2009-09-17,,"1,013.50",7.149,,,"2,433.90","8,433.35",,"4,965.55",,,"4,023.10",,6.031,
2009-09-18,,"1,010.30",7.113,,,"2,441.70","8,379.25",,"4,976.05",,,"4,045.25",,6.011,
2009-09-21,,"1,004.90",,,,,,,,,,,,,
2009-09-22,,"1,015.50",7.135,,,"2,467.30","8,452.00",,"5,020.20",,,"4,069.25",,5.977,
2009-09-23,,"1,014.40",7.091,,,"2,437.10","8,423.70",,"4,969.95",,,"4,028.30",,5.973,
2009-09-24,,998.90,7.106,,,"2,452.30","8,545.00",,"4,986.55",,,"4,040.90",,5.968,
2009-09-25,,991.60,7.179,,,"2,467.20","8,456.25",,"4,958.95",,,"4,041.35",,5.889,
2009-09-28,,994.10,,,,,,,,,,,,,
2009-09-29,,994.40,7.215,,,"2,493.75","8,487.70",,"5,006.85",,,"4,072.05",,5.821,
2009-09-30,,"1,009.30",,,,"2,513.05","8,812.35",,"5,083.95",,,"4,118.65",,,
2009-10-01,,"1,000.70",7.223,,,"2,507.60","8,861.05",,"5,083.40",,,"4,119.05",,5.829,
2009-10-02,,"1,004.30",,,,,,,,,,,,,
2009-10-05,,"1,017.80",7.164,,,"2,464.75","8,661.70",,"5,003.20",,,"4,046.70",,5.795,
2009-10-06,,"1,039.70",7.223,,,"2,471.05","8,808.40",,"5,027.40",,,"4,047.95",,5.848,
2009-10-07,,"1,044.40",7.26,,,"2,504.95","8,750.00",,"4,985.75",,,"4,042.95",,5.873,
2009-10-08,,"1,056.30",7.216,,,"2,526.90","8,841.30",,"5,002.25",,,"4,060.80",,5.838,
2009-10-09,,"1,048.60",7.326,,,"2,516.70","8,696.80",,"4,945.20",,,"4,029.55",,5.864,
2009-10-12,,"1,057.50",7.356,,,"2,566.85","8,963.80",,"5,054.25",,,"4,100.05",,5.877,
2009-10-13,,"1,065.00",,,,,,,,,,,,,
2009-10-14,,"1,064.70",7.371,,,"2,604.45","9,150.00",,"5,118.20",,,"4,159.60",,5.926,
2009-10-15,,"1,050.60",7.371,,,"2,610.25","9,296.75",,"5,108.85",,,"4,165.45",,5.891,
2009-10-16,,"1,051.50",7.409,,,"2,636.00","9,526.70",,"5,142.15",,,"4,194.95",,5.931,
2009-10-17,,,,,,"2,642.15","9,513.40",,"5,141.80",,,"4,207.05",,,
2009-10-19,,"1,058.10",,,,,,,,,,,,,
2009-10-20,,"1,058.60",7.405,,,"2,644.10","9,476.40",,"5,114.45",,,"4,193.20",,5.926,
2009-10-21,,"1,064.50",7.35,,,"2,598.65","9,273.05",,"5,063.60",,,"4,153.10",,5.933,
2009-10-22,,"1,058.60",7.384,,,"2,535.30","9,090.10",,"4,988.60",,,"4,089.80",,5.976,
2009-10-23,,"1,056.40",7.462,,,"2,556.45","9,188.40",,"4,997.05",,,"4,104.75",,5.991,
2009-10-26,,"1,042.80",7.428,,,"2,518.95","9,033.85",,"4,970.90",,,"4,067.75",,6.017,
2009-10-27,,"1,035.40",7.335,,,"2,427.70","8,698.80",,"4,846.70",,,"3,960.20",,5.92,
2009-10-28,,"1,030.50",7.266,,,"2,415.00","8,609.10",,"4,826.15",,,"3,949.30",,5.915,
2009-10-29,,"1,047.10",7.266,,,"2,358.70","8,417.85",,"4,750.55",,,"3,882.85",,5.91,
2009-10-30,,"1,040.40",7.306,,,"2,357.00","8,438.60",,"4,711.70",,,"3,853.15",,5.894,
2009-11-02,,"1,054.00",,,,,,,,,,,,,
2009-11-03,,"1,084.90",7.242,,,"2,277.10","8,255.45",,"4,563.90",,,"3,727.45",,5.901,
2009-11-04,,"1,087.30",7.277,,,"2,356.25","8,506.75",,"4,710.80",,,"3,836.20",,5.852,
2009-11-05,,"1,089.30",7.284,,,"2,406.35","8,537.20",,"4,765.55",,,"3,899.75",,5.816,
2009-11-06,,"1,095.70",7.321,,,"2,448.55","8,723.75",,"4,796.15",,,"3,950.45",,5.675,
2009-11-09,,"1,101.40",7.307,,,"2,507.25","9,137.50",,"4,898.40",,,"4,026.80",,5.577,
2009-11-10,,"1,102.50",7.307,,,"2,495.25","9,179.50",,"4,881.70",,,"4,034.70",,5.571,
2009-11-11,,"1,114.60",7.337,,,"2,564.95","9,337.60",,"5,003.95",,,"4,130.90",,5.596,
2009-11-12,,"1,106.60",7.359,,,"2,528.55","9,084.80",,"4,952.65",,,"4,084.10",,5.622,
2009-11-13,,"1,116.70",7.331,,,"2,538.45","9,155.65",,"4,998.95",,,"4,114.45",,5.598,
2009-11-16,,"1,139.20",7.315,,,"2,563.95","9,266.40",,"5,058.05",,,"4,162.25",,5.598,
2009-11-17,,"1,139.40",7.278,,,"2,563.60","9,299.60",,"5,062.25",,,"4,160.85",,5.593,
2009-11-18,,"1,141.20",7.267,,,"2,570.45","9,223.85",,"5,054.70",,,"4,164.90",,5.549,
2009-11-19,,"1,141.90",7.263,,,"2,518.25","9,041.65",,"4,989.00",,,"4,109.45",,5.499,
2009-11-20,,"1,146.80",7.188,,,"2,548.30","9,219.05",,"5,052.45",,,"4,147.60",,5.455,
2009-11-23,,"1,164.70",7.226,,,"2,554.55","9,274.10",,"5,103.55",,,"4,180.80",,5.487,
2009-11-24,,"1,165.80",7.201,,,"2,566.75","9,247.65",,"5,090.55",,,"4,178.90",,5.488,
2009-11-25,,"1,187.00",7.19,,,"2,557.70","9,303.15",,"5,108.15",,,"4,184.60",,5.45,
2009-11-26,,"1,175.50",7.168,,,"2,508.65","9,067.65",,"5,005.55",,,"4,121.35",,5.406,
2009-11-27,,,7.197,,,"2,479.60","8,945.05",,"4,941.75",,,"4,069.05",,5.451,
2009-11-30,,"1,182.30",7.257,,,"2,527.85","9,046.95",,"5,032.70",,,"4,145.45",,5.528,
2009-12-01,,"1,200.20",7.324,,,"2,572.75","9,250.95",,"5,122.00",,,"4,216.40",,5.669,
2009-12-02,,"1,213.00",7.333,,,"2,586.70","9,327.25",,"5,123.25",,,"4,224.10",,5.664,
2009-12-03,,"1,218.30",7.399,,,"2,611.20","9,345.25",,"5,131.70",,,"4,247.15",,5.722,
2009-12-04,,"1,169.50",7.475,,,"2,612.40","9,245.05",,"5,108.90",,,"4,238.85",,5.705,
2009-12-07,,"1,164.00",7.483,,,"2,590.65","9,175.60",,"5,066.70",,,"4,199.70",,5.725,
2009-12-08,,"1,143.40",7.453,,,"2,629.05","9,290.10",,"5,147.95",,,"4,255.00",,5.693,
2009-12-09,,"1,120.90",7.466,,,"2,614.90","9,146.35",,"5,112.00",,,"4,238.70",,5.687,
2009-12-10,,"1,126.20",7.532,,,"2,625.95","9,205.65",,"5,134.65",,,"4,258.25",,5.714,
2009-12-11,,"1,119.90",7.575,,,"2,603.90","9,097.20",,"5,117.30",,,"4,242.90",,5.763,
2009-12-14,,"1,123.80",7.568,,,"2,588.95","8,996.75",,"5,105.70",,,"4,231.35",,5.777,
2009-12-15,,"1,123.00",7.605,,,"2,542.05","8,734.45",,"5,033.05",,,"4,173.15",,5.817,
2009-12-16,,"1,136.20",7.691,,,"2,560.90","8,667.40",,"5,042.05",,,"4,177.30",,5.811,
2009-12-17,,"1,107.40",7.647,,,"2,583.20","8,697.20",,"5,041.75",,,"4,189.45",,5.753,
2009-12-18,,"1,111.50",7.731,,,"2,562.55","8,599.95",,"4,987.70",,,"4,153.05",,5.822,
2009-12-21,,"1,096.00",7.739,,,"2,545.40","8,609.55",,"4,952.60",,,"4,132.35",,5.816,
2009-12-22,,"1,086.70",7.711,,,"2,555.50","8,712.50",,"4,985.85",,,"4,168.60",,5.81,
2009-12-23,,"1,094.00",7.708,,,"2,613.60","8,919.05",,"5,144.60",,,"4,274.85",,5.737,
2009-12-24,,"1,104.80",7.686,,,"2,625.85","8,968.10",,"5,178.40",,,"4,300.35",,5.713,
2009-12-28,,"1,107.90",,,,,,,,,,,,,
2009-12-29,,"1,098.10",7.717,,,"2,636.15","8,991.90",,"5,187.95",,,"4,310.25",,5.769,
2009-12-30,,"1,092.50",7.686,,,"2,645.55","8,994.60",,"5,169.45",,,"4,306.85",,5.735,
2009-12-31,,"1,096.20",7.679,,,"2,642.15","9,029.50",,"5,201.05",,,"4,329.10",,5.695,
2010-01-01,,,7.695,,,,,,,,,,,5.539,
2010-01-04,,"1,118.30",7.676,,,"2,689.85","9,112.35",,"5,232.20",,,"4,367.65",,5.464,
2010-01-05,,"1,118.70",7.701,,,"2,744.30","9,192.15",,"5,277.90",,,"4,416.05",,5.389,
2010-01-06,,"1,136.50",7.734,,,"2,759.95","9,223.00",,"5,281.80",,,"4,422.65",,5.416,
2010-01-07,,"1,133.70",7.778,,,"2,741.25","9,192.95",,"5,263.10",,,"4,411.55",,5.443,
2010-01-08,,"1,138.90",7.773,,,"2,744.15","9,160.70",,"5,244.75",,,"4,405.30",,5.422,
2010-01-11,,"1,151.40",7.751,,,"2,758.20","9,173.55",,"5,249.40",,,"4,432.50",,5.367,
2010-01-12,,"1,129.40",7.798,,,"2,726.90","8,985.10",,"5,210.40",,,"4,391.70",,5.408,
2010-01-13,,"1,136.80",7.767,,,"2,756.15","8,926.10",,"5,233.95",,,"4,415.60",,5.4,
2010-01-14,,"1,143.00",7.7,,,"2,786.10","8,910.80",,"5,259.90",,,"4,450.45",,5.359,
2010-01-15,,"1,130.50",7.736,,,"2,794.75","8,911.10",,"5,252.20",,,"4,468.15",,5.337,
2010-01-18,,"1,140.00",7.613,,,"2,798.00","9,093.25",,"5,274.85",,,"4,499.60",,5.26,
2010-01-19,,,7.635,,,"2,765.30","9,135.90",,"5,225.65",,,"4,469.30",,5.252,
2010-01-20,,"1,112.60",7.628,,,"2,746.60","9,126.35",,"5,221.70",,,"4,453.65",,5.245,
2010-01-21,,"1,103.20",7.566,,,"2,670.30","8,919.30",,"5,094.15",,,"4,343.25",,5.237,
2010-01-22,,"1,089.70",7.567,,,"2,644.75","8,772.65",,"5,036.00",,,"4,310.75",,5.214,
2010-01-25,,"1,095.70",7.583,,,"2,602.40","8,696.60",,"5,007.90",,,"4,278.55",,5.234,
2010-01-26,,"1,098.30",,,,,,,,,,,,,
2010-01-27,,"1,084.50",7.544,,,"2,492.25","8,329.80",,"4,853.10",,,"4,125.50",,5.191,
2010-01-28,,"1,084.80",7.549,,,"2,500.80","8,423.85",,"4,867.25",,,"4,137.50",,5.233,
2010-01-29,,"1,083.80",7.591,,,"2,539.20","8,651.55",,"4,882.05",,,"4,156.05",,5.203,
2010-02-01,,"1,105.00",7.638,,,"2,584.00","8,649.25",,"4,899.70",,,"4,196.30",,5.16,
2010-02-02,,"1,118.00",7.676,,,"2,551.15","8,468.15",,"4,830.10",,,"4,138.25",,5.188,
2010-02-03,,"1,112.00",7.669,,,"2,612.25","8,631.85",,"4,931.85",,,"4,212.10",,5.18,
2010-02-04,,"1,063.00",7.693,,,"2,543.80","8,471.10",,"4,845.35",,,"4,139.70",,5.208,
2010-02-05,,"1,052.80",7.678,,,"2,479.45","8,223.25",,"4,718.65",,,"4,023.65",,5.184,
2010-02-06,,,,,,"2,509.30","8,275.20",,"4,757.25",,,"4,066.85",,,
2010-02-08,,"1,066.20",7.678,,,"2,513.70","8,342.20",,"4,760.40",,,"4,067.30",,5.176,
2010-02-09,,"1,077.20",7.701,,,"2,540.10","8,392.45",,"4,792.65",,,"4,104.00",,5.168,
2010-02-10,,"1,076.30",7.788,,,"2,522.25","8,290.00",,"4,757.20",,,"4,079.70",,5.197,
2010-02-11,,"1,094.70",7.859,,,"2,547.85","8,381.40",,"4,826.85",,,"4,123.60",,5.165,
2010-02-12,,"1,090.00",,,,,,,,,,,,,
2010-02-15,,"1,119.80",7.891,,,"2,541.75","8,312.70",,"4,801.95",,,"4,096.20",,6.216,
2010-02-16,,,7.868,,,"2,566.35","8,397.80",,"4,855.75",,,"4,134.65",,6.167,
2010-02-17,,"1,120.10",7.892,,,"2,596.70","8,551.50",,"4,914.00",,,"4,171.55",,6.151,
2010-02-18,,"1,118.70",7.869,,,"2,581.15","8,573.90",,"4,887.75",,,"4,145.85",,6.14,
2010-02-19,,"1,122.10",7.885,,,"2,537.35","8,487.10",,"4,844.90",,,"4,102.70",,6.159,
2010-02-22,,"1,113.10",7.846,,,"2,519.30","8,493.35",,"4,856.40",,,"4,094.25",,6.158,
2010-02-23,,"1,103.20",7.799,,,"2,506.65","8,512.95",,"4,870.05",,,"4,089.70",,6.132,
2010-02-24,,"1,097.20",7.799,,,"2,501.35","8,504.55",,"4,858.60",,,"4,080.65",,6.131,
2010-02-25,,"1,108.50",7.823,,,"2,483.20","8,537.80",,"4,859.75",,,"4,072.35",,6.129,
2010-02-26,,"1,118.90",7.864,,,"2,515.65","8,722.75",,"4,922.30",,,"4,127.55",,6.147,
2010-03-01,,"1,118.30",,,,,,,,,,,,,
2010-03-02,,"1,137.40",7.944,,,"2,575.05","8,922.10",,"5,017.00",,,"4,192.30",,6.168,
2010-03-03,,"1,143.30",7.952,,,"2,615.70","9,039.45",,"5,088.10",,,"4,249.85",,6.167,
2010-03-04,,"1,133.10",7.945,,,"2,641.45","9,013.80",,"5,080.25",,,"4,262.35",,6.141,
2010-03-05,,"1,135.20",7.973,,,"2,667.05","9,038.45",,"5,088.70",,,"4,270.25",,6.161,
2010-03-08,,"1,124.00",8.01,,,"2,679.80","9,145.95",,"5,124.00",,,"4,287.75",,6.16,
2010-03-09,,"1,122.30",7.97,,,"2,651.60","9,138.20",,"5,101.50",,,"4,252.40",,6.134,
2010-03-10,,"1,108.10",7.978,,,"2,642.40","9,119.25",,"5,116.25",,,"4,253.80",,6.157,
2010-03-11,,"1,108.20",8.0,,,"2,644.00","9,186.85",,"5,133.40",,,"4,252.85",,6.181,
2010-03-12,,"1,101.70",8.015,,,"2,639.45","9,172.90",,"5,137.00",,,"4,253.35",,6.201,
2010-03-15,,"1,105.40",8.005,,,"2,628.90","9,085.50",,"5,128.90",,,"4,233.40",,6.224,
2010-03-16,,"1,122.50",,,,"2,655.95","9,102.95",,"5,198.10",,,"4,273.65",,,
2010-03-17,,"1,124.20",7.965,,,"2,669.10","9,188.40",,"5,231.90",,,"4,304.20",,6.171,
2010-03-18,,"1,127.50",7.912,,,"2,681.45","9,252.30",,"5,245.90",,,"4,306.60",,6.121,
2010-03-19,,"1,107.60",7.831,,,"2,684.00","9,270.80",,"5,262.80",,,"4,324.00",,6.116,
2010-03-22,,"1,099.50",7.855,,,"2,663.85","9,186.95",,"5,205.20",,,"4,278.75",,6.165,
2010-03-23,,"1,103.70",7.863,,,"2,684.10","9,222.90",,"5,225.30",,,"4,287.30",,6.164,
2010-03-24,,"1,088.80",,,,,,,,,,,,,
2010-03-25,,"1,092.90",7.875,,,"2,673.55","9,318.25",,"5,260.40",,,"4,293.70",,6.161,
2010-03-26,,"1,104.30",7.856,,,"2,694.80","9,456.20",,"5,282.00",,,"4,312.95",,6.157,
2010-03-29,,"1,110.30",7.762,,,"2,692.35","9,517.60",,"5,302.85",,,"4,320.95",,6.104,
2010-03-30,,"1,105.70",7.769,,,"2,686.25","9,470.30",,"5,262.45",,,"4,313.20",,6.13,
2010-03-31,,"1,114.50",7.85,,,"2,692.95","9,459.60",,"5,249.10",,,"4,313.25",,6.174,
2010-04-01,,"1,126.10",,,,"2,712.95","9,507.75",,"5,290.50",,,"4,345.20",,,
2010-04-05,,"1,133.80",7.811,,,"2,756.60","9,698.60",,"5,368.40",,,"4,403.90",,6.147,
2010-04-06,,"1,136.00",7.795,,,"2,770.45","9,728.20",,"5,366.00",,,"4,410.30",,6.13,
2010-04-07,,"1,153.00",7.796,,,"2,777.00","9,681.05",,"5,374.65",,,"4,424.95",,6.118,
2010-04-08,,"1,152.90",7.863,,,"2,758.85","9,520.00",,"5,304.45",,,"4,381.70",,6.117,
2010-04-09,,"1,161.90",8.013,,,"2,792.00","9,656.50",,"5,361.75",,,"4,410.05",,6.086,
2010-04-12,,"1,162.20",8.029,,,"2,785.25","9,575.45",,"5,339.70",,,"4,394.70",,6.111,
2010-04-13,,"1,153.40",8.057,,,"2,780.50","9,483.00",,"5,322.95",,,"4,383.35",,6.125,
2010-04-14,,"1,159.60",,,,,,,,,,,,,
2010-04-15,,"1,160.30",8.079,,,"2,770.85","9,344.60",,"5,273.60",,,"4,359.40",,6.21,
2010-04-16,,"1,136.90",8.088,,,"2,764.10","9,353.75",,"5,262.60",,,"4,342.25",,6.232,
2010-04-19,,"1,135.80",8.077,,,"2,724.45","9,302.90",,"5,203.65",,,"4,290.20",,6.21,
2010-04-20,,"1,139.20",7.984,,,"2,764.00","9,446.10",,"5,230.10",,,"4,319.75",,6.109,
2010-04-21,,"1,148.80",8.008,,,"2,780.45","9,555.30",,"5,244.90",,,"4,344.40",,6.123,
2010-04-22,,"1,142.90",7.992,,,"2,775.25","9,623.25",,"5,269.35",,,"4,356.60",,6.017,
2010-04-23,,"1,153.70",8.058,,,"2,782.55","9,813.30",,"5,304.10",,,"4,369.00",,6.06,
2010-04-26,,"1,154.00",8.07,,,"2,799.95","9,839.15",,"5,322.45",,,"4,383.80",,6.011,
2010-04-27,,"1,162.20",8.108,,,"2,801.45","9,756.45",,"5,308.35",,,"4,378.30",,5.936,
2010-04-28,,"1,171.80",8.108,,,"2,770.20","9,634.90",,"5,215.45",,,"4,315.10",,5.944,
2010-04-29,,"1,168.80",8.092,,,"2,797.30","9,803.80",,"5,254.15",,,"4,338.25",,5.938,
2010-04-30,,"1,180.70",8.061,,,"2,838.00","9,870.35",,"5,278.00",,,"4,368.10",,5.922,
2010-05-03,,"1,183.30",8.045,,,"2,828.85","9,775.50",,"5,222.75",,,"4,341.25",,5.893,
2010-05-04,,"1,169.20",7.968,,,"2,764.90","9,623.70",,"5,148.50",,,"4,277.85",,5.865,
2010-05-05,,"1,175.00",7.973,,,"2,790.30","9,581.85",,"5,124.90",,,"4,271.50",,5.836,
2010-05-06,,"1,197.30",7.978,,,"2,778.00","9,582.00",,"5,090.85",,,"4,256.75",,5.834,
2010-05-07,,"1,210.40",7.966,,,"2,689.30","9,276.10",,"5,018.05",,,"4,182.25",,5.827,
2010-05-10,,"1,200.80",8.023,,,"2,759.95","9,656.25",,"5,193.60",,,"4,298.60",,5.905,
2010-05-11,,"1,220.30",7.975,,,"2,728.55","9,626.10",,"5,136.15",,,"4,250.00",,5.85,
2010-05-12,,"1,243.10",7.93,,,"2,736.25","9,722.20",,"5,156.65",,,"4,263.90",,5.847,
2010-05-13,,"1,229.20",7.499,,,"2,767.45","9,773.35",,"5,178.90",,,"4,290.60",,5.835,
2010-05-14,,"1,227.80",7.502,,,"2,728.65","9,589.05",,"5,093.50",,,"4,236.65",,5.807,
2010-05-17,,"1,228.10",7.466,,,"2,717.00","9,526.50",,"5,059.90",,,"4,213.25",,5.81,
2010-05-18,,"1,214.60",7.5,,,"2,716.75","9,492.25",,"5,066.20",,,"4,217.40",,5.818,
2010-05-19,,"1,193.10",7.438,,,"2,631.00","9,108.35",,"4,919.65",,,"4,106.40",,5.832,
2010-05-20,,"1,188.60",7.416,,,"2,630.25","9,174.60",,"4,947.60",,,"4,133.45",,5.846,
2010-05-21,,"1,176.10",7.382,,,"2,601.45","9,135.70",,"4,931.15",,,"4,101.60",,5.861,
2010-05-24,,"1,194.00",7.395,,,"2,607.80","9,087.25",,"4,943.95",,,"4,110.80",,5.903,
2010-05-25,,"1,198.00",7.383,,,"2,522.90","8,851.75",,"4,806.75",,,"4,001.90",,5.917,
2010-05-26,,"1,213.40",7.524,,,"2,557.90","9,027.60",,"4,917.40",,,"4,070.55",,5.962,
2010-05-27,,"1,214.40",,,,"2,580.65","9,258.45",,"5,003.10",,,"4,125.75",,,
2010-05-28,,"1,215.00",7.539,,,"2,629.40","9,312.60",,"5,066.55",,,"4,186.80",,5.941,
2010-05-31,,"1,226.90",7.564,,,"2,654.40","9,363.70",,"5,086.30",,,"4,226.60",,5.928,
2010-06-01,,,7.564,,,"2,612.05","9,119.05",,"4,970.20",,,"4,149.10",,5.943,
2010-06-02,,"1,222.60",7.503,,,"2,636.05","9,192.45",,"5,019.85",,,"4,189.75",,5.924,
2010-06-03,,"1,210.00",7.56,,,"2,676.90","9,387.70",,"5,110.50",,,"4,253.15",,5.944,
2010-06-04,,"1,217.70",7.537,,,"2,691.20","9,455.95",,"5,135.50",,,"4,263.45",,5.954,
2010-06-07,,"1,240.80",7.49,,,"2,649.25","9,292.60",,"5,034.00",,,"4,190.00",,5.936,
2010-06-08,,"1,245.60",7.463,,,"2,627.10","9,185.30",,"4,987.10",,,"4,152.00",,5.939,
2010-06-09,,"1,229.90",7.485,,,"2,642.10","9,238.20",,"5,000.30",,,"4,172.00",,5.954,
2010-06-10,,"1,222.20",7.53,,,"2,684.60","9,346.45",,"5,078.60",,,"4,228.95",,5.974,
2010-06-11,,"1,230.20",7.638,,,"2,682.20","9,451.75",,"5,119.35",,,"4,247.25",,6.035,
2010-06-14,,"1,224.50",7.686,,,"2,713.40","9,534.10",,"5,197.70",,,"4,299.05",,6.083,
2010-06-15,,"1,234.40",7.659,,,"2,731.85","9,554.40",,"5,222.35",,,"4,314.80",,6.155,
2010-06-16,,"1,230.50",7.593,,,"2,733.35","9,588.90",,"5,233.35",,,"4,319.95",,6.181,
2010-06-17,,"1,248.70",7.62,,,"2,739.50","9,613.40",,"5,274.85",,,"4,344.30",,6.179,
2010-06-18,,"1,258.30",7.572,,,"2,718.65","9,576.25",,"5,262.60",,,"4,328.65",,6.174,
2010-06-21,,"1,240.70",7.568,,,"2,761.80","9,758.05",,"5,353.30",,,"4,388.70",,6.166,
2010-06-22,,"1,240.80",7.572,,,"2,744.45","9,675.50",,"5,316.55",,,"4,368.70",,6.187,
2010-06-23,,"1,234.80",7.585,,,"2,754.85","9,718.95",,"5,323.15",,,"4,379.75",,6.265,
2010-06-24,,"1,245.90",7.581,,,"2,760.50","9,673.60",,"5,320.60",,,"4,372.35",,6.235,
2010-06-25,,"1,256.20",7.659,,,"2,744.25","9,451.10",,"5,269.05",,,"4,365.85",,6.287,
2010-06-28,,"1,238.60",7.598,,,"2,778.40","9,542.20",,"5,333.50",,,"4,429.25",,6.292,
2010-06-29,,"1,242.40",7.57,,,"2,753.75","9,381.40",,"5,256.15",,,"4,383.75",,6.255,
2010-06-30,,"1,245.90",7.561,,,"2,766.50","9,464.60",,"5,312.50",,,"4,420.70",,6.202,
2010-07-01,,"1,206.70",7.528,,,"2,744.90","9,349.40",,"5,251.40",,,"4,386.35",,6.194,
2010-07-02,,"1,207.70",7.551,,,"2,738.75","9,357.15",,"5,237.10",,,"4,382.55",,6.201,
2010-07-05,,"1,195.10",7.613,,,"2,722.75","9,385.35",,"5,235.90",,,"4,379.65",,6.344,
2010-07-06,,,7.616,,,"2,743.95","9,550.90",,"5,289.05",,,"4,413.70",,6.325,
2010-07-07,,"1,198.90",7.587,,,"2,739.40","9,449.25",,"5,241.10",,,"4,385.90",,6.323,
2010-07-08,,"1,196.10",7.601,,,"2,761.55","9,566.60",,"5,296.85",,,"4,424.35",,6.351,
2010-07-09,,"1,209.80",7.654,,,"2,787.00","9,713.70",,"5,352.45",,,"4,461.55",,6.405,
2010-07-12,,"1,198.70",7.614,,,"2,791.05","9,850.60",,"5,383.00",,,"4,474.70",,6.386,
2010-07-13,,"1,213.50",7.623,,,"2,809.75","9,931.60",,"5,400.65",,,"4,491.35",,6.373,
2010-07-14,,"1,207.00",7.626,,,"2,793.00","9,956.65",,"5,386.15",,,"4,479.25",,6.377,
2010-07-15,,"1,208.30",7.636,,,"2,789.00","9,932.10",,"5,378.75",,,"4,468.45",,6.399,
2010-07-16,,"1,188.20",7.637,,,"2,797.20","10,013.45",,"5,393.90",,,"4,490.05",,6.436,
2010-07-19,,"1,181.90",7.62,,,"2,807.00","10,032.50",,"5,386.45",,,"4,488.95",,6.417,
2010-07-20,,"1,191.70",7.65,,,"2,803.05","9,976.00",,"5,368.00",,,"4,474.75",,6.433,
2010-07-21,,"1,191.80",7.682,,,"2,823.20","9,992.15",,"5,399.35",,,"4,499.15",,6.474,
2010-07-22,,"1,195.60",7.678,,,"2,835.45","10,060.25",,"5,441.95",,,"4,528.65",,6.49,
2010-07-23,,"1,187.80",7.681,,,"2,828.15","10,093.90",,"5,449.10",,,"4,523.25",,6.498,
2010-07-26,,"1,183.10",7.681,,,"2,798.25","10,024.00",,"5,418.60",,,"4,497.50",,6.545,
2010-07-27,,"1,158.00",7.713,,,"2,803.05","10,090.65",,"5,430.60",,,"4,508.90",,6.659,
2010-07-28,,"1,160.40",7.753,,,"2,801.45","10,068.15",,"5,397.55",,,"4,494.60",,6.742,
2010-07-29,,"1,171.20",7.787,,,"2,791.20","10,179.70",,"5,408.90",,,"4,490.40",,6.808,
2010-07-30,,"1,183.90",7.803,,,"2,796.10","10,161.00",,"5,367.60",,,"4,475.15",,7.014,
2010-08-02,,"1,185.40",7.864,,,"2,829.20","10,411.50",,"5,431.65",,,"4,523.50",,7.087,
2010-08-03,,"1,187.50",7.823,,,"2,837.35","10,502.65",,"5,439.55",,,"4,535.85",,6.989,
2010-08-04,,"1,195.90",7.837,,,"2,828.85","10,489.30",,"5,467.85",,,"4,551.85",,7.006,
2010-08-05,,"1,199.30",7.899,,,"2,820.30","10,454.90",,"5,447.10",,,"4,543.20",,7.08,
2010-08-06,,"1,205.30",7.833,,,"2,820.55","10,383.65",,"5,439.25",,,"4,539.85",,6.985,
2010-08-09,,"1,202.60",7.817,,,"2,850.50","10,524.10",,"5,486.15",,,"4,579.65",,7.01,
2010-08-10,,"1,198.00",7.84,,,"2,834.70","10,519.95",,"5,460.70",,,"4,557.70",,7.003,
2010-08-11,,"1,199.20",7.824,,,"2,801.25","10,428.65",,"5,420.60",,,"4,535.40",,6.971,
2010-08-12,,"1,216.70",7.833,,,"2,798.30","10,583.65",,"5,416.45",,,"4,544.70",,6.964,
2010-08-13,,"1,216.60",7.827,,,"2,834.00","10,737.35",,"5,452.10",,,"4,576.40",,6.919,
2010-08-16,,"1,226.20",7.824,,,"2,841.90","10,680.55",,"5,418.30",,,"4,554.45",,6.905,
2010-08-17,,"1,228.30",7.876,,,"2,843.70","10,770.25",,"5,414.15",,,"4,558.50",,6.936,
2010-08-18,,"1,231.40",7.951,,,"2,875.45","10,894.05",,"5,479.15",,,"4,600.55",,6.979,
2010-08-19,,"1,235.40",,,,"2,899.50","11,110.50",,"5,540.20",,,"4,631.85",,,
2010-08-20,,"1,228.80",7.977,,,"2,891.55","11,033.75",,"5,530.65",,,"4,629.55",,6.983,
2010-08-23,,"1,228.50",8.015,,,"2,918.90","11,095.50",,"5,543.50",,,"4,655.75",,6.995,
2010-08-24,,"1,233.40",8.012,,,"2,903.60","11,043.00",,"5,505.10",,,"4,624.85",,6.893,
2010-08-25,,"1,241.30",8.067,,,"2,872.20","10,937.85",,"5,462.35",,,"4,582.00",,6.867,
2010-08-26,,"1,237.70",8.031,,,"2,858.60","10,981.70",,"5,477.90",,,"4,592.75",,6.828,
2010-08-27,,"1,237.90",7.976,,,"2,829.70","10,727.45",,"5,408.70",,,"4,550.90",,6.839,
2010-08-30,,"1,239.20",7.993,,,"2,831.10","10,747.25",,"5,415.45",,,"4,557.60",,6.839,
2010-08-31,,"1,250.30",7.936,,,"2,816.20","10,746.35",,"5,402.40",,,"4,537.25",,6.812,
2010-09-01,,"1,248.10",7.961,,,"2,861.00","10,879.75",,"5,471.85",,,"4,603.45",,6.812,
2010-09-02,,"1,253.40",7.981,,,"2,884.05","10,980.60",,"5,486.15",,,"4,610.95",,6.836,
2010-09-03,,"1,251.10",7.97,,,"2,907.40","10,991.20",,"5,479.40",,,"4,623.65",,6.86,
2010-09-06,,"1,259.30",7.99,,,"2,948.15","11,218.80",,"5,576.95",,,"4,693.80",,6.846,
2010-09-07,,,7.949,,,"2,949.40","11,192.95",,"5,604.00",,,"4,712.15",,6.832,
2010-09-08,,"1,257.50",7.936,,,"2,954.45","11,190.05",,"5,607.85",,,"4,720.75",,6.838,
2010-09-09,,"1,250.90",7.913,,,"2,977.10","11,446.70",,"5,640.05",,,"4,740.35",,6.835,
2010-09-10,,"1,246.50",,,,,,,,,,,,,
2010-09-13,,"1,247.10",7.977,,,"3,004.75","11,872.85",,"5,760.00",,,"4,813.25",,6.86,
2010-09-14,,"1,271.70",7.944,,,"2,984.85","11,928.35",,"5,795.55",,,"4,828.55",,6.931,
2010-09-15,,"1,268.70",7.948,,,"2,988.10","11,987.60",,"5,860.95",,,"4,861.30",,6.931,
2010-09-16,,"1,273.80",7.973,,,"2,944.20","12,032.05",,"5,828.70",,,"4,824.15",,6.956,
2010-09-17,,"1,277.50",7.985,,,"3,004.95","12,104.10",,"5,884.95",,,"4,876.50",,7.014,
2010-09-20,,"1,280.80",7.981,,,"3,031.95","12,251.20",,"5,980.45",,,"4,930.00",,7.007,
2010-09-21,,"1,274.30",7.968,,,"3,003.90","12,244.95",,"6,009.05",,,"4,925.95",,6.993,
2010-09-22,,"1,292.10",7.953,,,"3,000.05","12,305.70",,"5,991.00",,,"4,909.10",,6.986,
2010-09-23,,"1,296.30",7.925,,,"3,004.55","12,146.30",,"5,959.55",,,"4,891.55",,6.985,
2010-09-24,,"1,298.10",7.867,,,"3,031.75","12,263.55",,"6,018.30",,,"4,934.20",,6.984,
2010-09-27,,"1,298.60",7.864,,,"3,042.90","12,253.20",,"6,035.65",,,"4,958.40",,7.016,
2010-09-28,,"1,308.30",7.849,,,"3,046.75","12,272.40",,"6,029.50",,,"4,960.65",,7.016,
2010-09-29,,"1,310.30",7.852,,,"3,029.65","12,237.55",,"5,991.30",,,"4,926.05",,7.022,
2010-09-30,,"1,309.60",,,,"3,003.85","12,366.35",,"6,029.95",,,"4,925.15",,,
2010-10-01,,"1,317.80",7.912,,,"3,066.75","12,556.75",,"6,143.40",,,"5,018.80",,7.027,
2010-10-04,,"1,316.80",7.936,,,"3,101.05","12,651.30",,"6,159.45",,,"5,039.65",,7.061,
2010-10-05,,"1,340.30",7.956,,,"3,119.50","12,596.50",,"6,145.80",,,"5,046.70",,7.019,
2010-10-06,,"1,347.70",7.93,,,"3,151.10","12,629.20",,"6,186.45",,,"5,091.05",,7.067,
2010-10-07,,"1,335.00",7.947,,,"3,120.15","12,536.60",,"6,120.30",,,"5,052.90",,7.073,
2010-10-08,,"1,345.30",7.991,,,"3,099.75","12,473.40",,"6,103.45",,,"5,032.65",,7.106,
2010-10-11,,"1,354.40",8.0,,,"3,132.40","12,513.00",,"6,135.85",,,"5,064.95",,7.072,
2010-10-12,,"1,346.70",8.021,,,"3,115.10","12,461.80",,"6,090.90",,,"5,027.45",,7.051,
2010-10-13,,"1,370.50",8.022,,,"3,160.50","12,745.00",,"6,233.90",,,"5,121.80",,7.078,
2010-10-14,,"1,377.60",8.025,,,"3,146.50","12,598.85",,"6,177.35",,,"5,084.75",,7.077,
2010-10-15,,"1,372.00",8.07,,,"3,096.85","12,346.45",,"6,062.65",,,"4,998.70",,7.118,
2010-10-18,,"1,372.10",8.095,,,"3,087.95","12,331.30",,"6,075.95",,,"5,001.70",,7.111,
2010-10-19,,"1,336.00",8.086,,,"3,082.55","12,245.65",,"6,027.30",,,"4,975.25",,7.124,
2010-10-20,,"1,344.20",8.157,,,"3,081.10","12,176.50",,"5,982.10",,,"4,946.05",,7.152,
2010-10-21,,"1,325.60",8.14,,,"3,125.20","12,435.80",,"6,101.50",,,"5,035.90",,7.166,
2010-10-22,,"1,325.10",8.147,,,"3,125.30","12,384.80",,"6,066.05",,,"5,018.70",,7.13,
2010-10-25,,"1,338.90",8.147,,,"3,135.85","12,424.70",,"6,105.80",,,"5,046.95",,7.151,
2010-10-26,,"1,338.60",8.177,,,"3,130.50","12,332.65",,"6,082.00",,,"5,031.10",,7.236,
2010-10-27,,"1,322.60",8.13,,,"3,132.80","12,182.65",,"6,012.65",,,"4,986.70",,7.292,
2010-10-28,,"1,342.50",8.135,,,"3,096.55","12,105.30",,"5,987.70",,,"4,962.40",,7.257,
2010-10-29,,"1,357.60",8.121,,,"3,085.45","12,330.75",,"6,017.70",,,"4,972.95",,7.257,
2010-11-01,,"1,350.60",8.11,,,"3,130.45","12,734.90",,"6,117.55",,,"5,052.95",,7.257,
2010-11-02,,"1,356.90",7.973,,,"3,151.95","12,770.90",,"6,119.00",,,"5,060.85",,7.15,
2010-11-03,,"1,337.60",7.955,,,"3,171.05","12,891.80",,"6,160.50",,,"5,091.00",,7.149,
2010-11-04,,"1,383.10",7.985,,,"3,207.55","13,182.90",,"6,281.80",,,"5,170.75",,7.161,
2010-11-05,,"1,397.70",,,,"3,218.05","13,268.70",,"6,312.45",,,"5,197.05",,,
2010-11-08,,"1,403.20",8.012,,,"3,216.90","13,105.10",,"6,273.20",,,"5,174.25",,7.268,
2010-11-09,,"1,410.10",8.032,,,"3,229.10","13,121.35",,"6,301.55",,,"5,198.30",,7.268,
2010-11-10,,"1,399.30",8.078,,,"3,256.65","13,007.10",,"6,275.70",,,"5,186.15",,7.26,
2010-11-11,,"1,403.30",8.09,,,"3,212.80","12,823.60",,"6,194.25",,,"5,119.50",,7.252,
2010-11-12,,"1,365.50",8.089,,,"3,128.25","12,457.30",,"6,071.65",,,"5,012.30",,7.258,
2010-11-15,,"1,368.50",8.066,,,"3,141.75","12,762.15",,"6,121.60",,,"5,042.80",,7.243,
2010-11-16,,"1,338.40",8.069,,,"3,074.50","12,524.45",,"5,988.70",,,"4,936.10",,7.249,
2010-11-17,,"1,336.90",,,,,,,,,,,,,
2010-11-18,,"1,353.00",8.025,,,"3,093.15","12,315.15",,"5,998.80",,,"4,940.05",,7.175,
2010-11-19,,"1,352.30",8.03,,,"3,029.85","12,062.95",,"5,890.30",,,"4,850.55",,7.174,
2010-11-22,,"1,357.80",8.021,,,"3,061.55","12,390.10",,"6,010.00",,,"4,936.85",,7.195,
2010-11-23,,"1,377.60",7.996,,,"3,033.85","12,206.45",,"5,934.75",,,"4,877.05",,7.187,
2010-11-24,,"1,373.00",8.033,,,"3,001.80","11,842.55",,"5,865.75",,,"4,819.05",,7.224,
2010-11-25,,"1,362.40",8.019,,,"2,927.65","11,652.40",,"5,799.75",,,"4,742.85",,7.29,
2010-11-26,,,7.968,,,"2,863.00","11,668.85",,"5,751.95",,,"4,677.50",,7.304,
2010-11-29,,"1,367.50",8.016,,,"2,898.15","11,828.35",,"5,830.00",,,"4,736.45",,7.319,
2010-11-30,,"1,386.10",8.066,,,"2,921.75","11,952.60",,"5,862.70",,,"4,781.40",,7.318,
2010-12-01,,"1,388.30",8.114,,,"3,007.05","12,310.75",,"5,960.90",,,"4,876.30",,7.34,
2010-12-02,,"1,389.30",8.087,,,"3,013.60","12,472.60",,"6,011.70",,,"4,916.20",,7.31,
2010-12-03,,"1,406.20",8.178,,,"2,936.80","12,349.20",,"5,992.80",,,"4,875.80",,7.339,
2010-12-06,,"1,416.10",8.219,,,"2,927.35","12,051.20",,"5,992.25",,,"4,867.15",,7.346,
2010-12-07,,"1,409.00",8.097,,,"2,911.95","11,695.30",,"5,976.55",,,"4,844.05",,7.316,
2010-12-08,,"1,383.20",8.114,,,"2,859.15","11,460.20",,"5,903.70",,,"4,774.45",,7.346,
2010-12-09,,"1,392.80",8.125,,,"2,739.95","11,116.05",,"5,766.50",,,"4,639.10",,7.384,
2010-12-10,,"1,384.90",8.097,,,"2,783.00","11,447.00",,"5,857.35",,,"4,713.30",,7.391,
2010-12-13,,"1,398.00",8.114,,,"2,837.95","11,518.10",,"5,907.65",,,"4,765.60",,7.445,
2010-12-14,,"1,404.30",8.099,,,"2,875.15","11,560.50",,"5,944.10",,,"4,808.80",,7.491,
2010-12-15,,"1,386.20",8.078,,,"2,825.85","11,196.30",,"5,892.30",,,"4,760.30",,7.538,
2010-12-16,,"1,371.00",7.959,,,"2,843.15","11,424.15",,"5,948.75",,,"4,794.95",,7.46,
2010-12-17,,"1,379.20",,,,,,,,,,,,,
2010-12-20,,"1,386.10",7.967,,,"2,838.70","11,267.10",,"5,947.05",,,"4,792.80",,7.476,
2010-12-21,,"1,388.80",7.934,,,"2,867.05","11,537.25",,"6,000.65",,,"4,834.80",,7.491,
2010-12-22,,"1,387.40",7.957,,,"2,860.90","11,467.70",,"5,984.40",,,"4,827.70",,7.499,
2010-12-23,,"1,380.50",7.933,,,"2,844.60","11,469.05",,"5,980.00",,,"4,821.15",,7.507,
2010-12-24,,,7.916,,,"2,861.95","11,477.05",,"6,011.60",,,"4,839.90",,7.476,
2010-12-27,,"1,382.90",7.919,,,"2,852.75","11,470.95",,"5,998.10",,,"4,827.90",,7.484,
2010-12-28,,"1,405.60",7.903,,,"2,843.60","11,427.30",,"5,996.00",,,"4,827.55",,7.508,
2010-12-29,,"1,413.50",7.893,,,"2,864.45","11,612.90",,"6,060.35",,,"4,873.55",,7.516,
2010-12-30,,"1,405.90",7.92,,,"2,876.75","11,629.30",,"6,101.85",,,"4,904.65",,7.516,
2010-12-31,,"1,421.40",7.913,,,"2,917.35","11,791.45",,"6,134.50",,,"4,940.95",,7.508,
2011-01-03,,"1,422.90",7.96,,,"2,958.05","11,855.75",,"6,157.60",,,"4,967.30",,7.54,
2011-01-04,,"1,378.80",8.068,,,"2,951.85","11,564.05",,"6,146.35",,,"4,957.10",,7.468,
2011-01-05,,"1,373.70",8.068,,,"2,912.80","11,305.45",,"6,079.80",,,"4,903.10",,7.396,
2011-01-06,,"1,371.70",8.126,,,"2,868.10","11,186.80",,"6,048.25",,,"4,865.05",,7.452,
2011-01-07,,"1,368.90",8.199,,,"2,783.65","11,053.35",,"5,904.60",,,"4,750.75",,7.46,
2011-01-10,,"1,374.10",8.226,,,"2,708.85","10,700.65",,"5,762.85",,,"4,636.20",,7.659,
2011-01-11,,"1,384.30",8.208,,,"2,690.90","10,833.55",,"5,754.10",,,"4,624.95",,7.677,
2011-01-12,,"1,385.80",8.178,,,"2,747.10","11,128.15",,"5,863.25",,,"4,709.85",,7.677,
2011-01-13,,"1,387.00",8.142,,,"2,736.70","10,716.65",,"5,751.90",,,"4,639.80",,7.673,
2011-01-14,,"1,360.50",8.191,,,"2,688.20","10,432.90",,"5,654.55",,,"4,566.75",,7.701,
2011-01-17,,"1,368.20",8.234,,,"2,663.60","10,471.10",,"5,654.75",,,"4,553.65",,7.744,
2011-01-18,,,8.194,,,"2,683.90","10,618.50",,"5,724.05",,,"4,598.35",,7.766,
2011-01-19,,"1,370.20",8.184,,,"2,684.50","10,615.15",,"5,691.05",,,"4,583.85",,7.775,
2011-01-20,,"1,346.50",8.13,,,"2,696.40","10,798.35",,"5,711.60",,,"4,597.70",,7.754,
2011-01-21,,"1,341.00",8.171,,,"2,691.65","10,889.40",,"5,696.50",,,"4,592.70",,7.795,
2011-01-24,,"1,344.50",8.185,,,"2,725.60","11,151.15",,"5,743.25",,,"4,628.70",,7.804,
2011-01-25,,"1,332.30",8.154,,,"2,713.55","10,872.95",,"5,687.40",,,"4,589.50",,7.758,
2011-01-26,,"1,333.00",,,,,,,,,,,,,
2011-01-27,,"1,318.40",8.148,,,"2,625.95","10,676.15",,"5,604.30",,,"4,514.00",,7.737,
2011-01-28,,"1,341.70",8.132,,,"2,548.45","10,578.25",,"5,512.15",,,"4,427.50",,7.751,
2011-01-31,,"1,334.50",8.148,,,"2,553.65","10,641.85",,"5,505.90",,,"4,424.60",,7.721,
2011-02-01,,"1,340.30",8.154,,,"2,504.10","10,481.20",,"5,417.20",,,"4,352.15",,7.778,
2011-02-02,,"1,332.10",8.15,,,"2,509.40","10,470.15",,"5,432.00",,,"4,362.35",,7.761,
2011-02-03,,"1,353.00",8.162,,,"2,532.55","10,670.60",,"5,526.75",,,"4,429.90",,7.744,
2011-02-04,,"1,349.00",8.196,,,"2,493.85","10,433.85",,"5,395.75",,,"4,339.55",,7.768,
2011-02-07,,"1,348.20",8.207,,,"2,470.70","10,384.05",,"5,396.00",,,"4,332.10",,7.773,
2011-02-08,,"1,364.10",8.179,,,"2,382.95","10,147.75",,"5,312.55",,,"4,255.70",,7.774,
2011-02-09,,"1,365.50",8.166,,,"2,282.30","10,116.65",,"5,253.55",,,"4,178.30",,7.788,
2011-02-10,,"1,362.50",8.131,,,"2,307.65","10,074.10",,"5,225.80",,,"4,164.30",,7.771,
2011-02-11,,"1,360.40",8.127,,,"2,369.50","10,447.75",,"5,310.00",,,"4,240.45",,7.75,
2011-02-14,,"1,365.10",8.09,,,"2,449.50","10,802.55",,"5,456.00",,,"4,365.75",,7.72,
2011-02-15,,"1,374.10",8.105,,,"2,459.05","10,959.70",,"5,481.00",,,"4,384.60",,7.743,
2011-02-16,,"1,375.10",,,,"2,453.20","10,960.70",,"5,481.70",,,"4,391.35",,,
2011-02-17,,"1,385.10",8.083,,,"2,482.70","11,134.70",,"5,546.45",,,"4,440.00",,7.731,
2011-02-18,,"1,388.60",8.099,,,"2,421.40","10,949.70",,"5,458.95",,,"4,365.30",,7.732,
2011-02-21,,"1,401.10",8.078,,,"2,461.35","11,050.10",,"5,518.60",,,"4,403.20",,7.729,
2011-02-22,,,8.063,,,"2,434.45","10,836.80",,"5,469.20",,,"4,363.45",,7.72,
2011-02-23,,"1,414.00",8.039,,,"2,408.20","10,646.45",,"5,437.35",,,"4,338.75",,7.73,
2011-02-24,,"1,415.80",8.075,,,"2,309.15","10,210.75",,"5,262.70",,,"4,201.20",,7.739,
2011-02-25,,"1,409.30",8.079,,,"2,300.30","10,435.85",,"5,303.55",,,"4,226.75",,7.723,
2011-02-28,,"1,409.90",7.992,,,"2,311.40","10,435.35",,"5,333.25",,,"4,247.15",,7.712,
2011-03-01,,"1,431.20",7.994,,,"2,401.35","10,885.40",,"5,522.30",,,"4,391.75",,7.731,
2011-03-02,,"1,437.70",,,,,,,,,,,,,
2011-03-03,,"1,416.40",7.936,,,"2,405.15","10,914.50",,"5,536.20",,,"4,400.70",,7.673,
2011-03-04,,"1,428.60",7.942,,,"2,408.25","10,963.40",,"5,538.75",,,"4,403.75",,7.682,
2011-03-07,,"1,434.50",7.98,,,"2,367.80","10,782.25",,"5,463.15",,,"4,346.55",,7.705,
2011-03-08,,"1,427.20",7.964,,,"2,401.70","10,931.55",,"5,520.80",,,"4,390.60",,7.688,
2011-03-09,,"1,429.60",7.961,,,"2,424.55","10,974.80",,"5,531.00",,,"4,404.30",,7.72,
2011-03-10,,"1,412.50",7.961,,,"2,415.30","10,850.25",,"5,494.40",,,"4,382.20",,7.652,
2011-03-11,,"1,421.80",7.965,,,"2,379.55","10,740.95",,"5,445.45",,,"4,343.70",,7.657,
2011-03-14,,"1,424.90",7.962,,,"2,402.95","10,893.25",,"5,531.50",,,"4,399.65",,7.653,
2011-03-15,,"1,392.80",7.963,,,"2,355.40","10,725.80",,"5,449.65",,,"4,334.70",,7.635,
2011-03-16,,"1,396.10",7.965,,,"2,382.05","10,957.60",,"5,511.15",,,"4,386.45",,7.608,
2011-03-17,,"1,404.20",7.989,,,"2,380.10","10,851.95",,"5,446.65",,,"4,346.90",,7.658,
2011-03-18,,"1,416.10",8.005,,,"2,363.15","10,715.90",,"5,373.70",,,"4,298.40",,7.673,
2011-03-21,,"1,426.40",8.017,,,"2,351.25","10,723.60",,"5,364.75",,,"4,289.30",,7.7,
2011-03-22,,"1,427.60",8.016,,,"2,372.85","10,771.30",,"5,413.85",,,"4,326.50",,7.687,
2011-03-23,,"1,438.00",8.013,,,"2,396.10","10,958.10",,"5,480.25",,,"4,373.35",,7.669,
2011-03-24,,"1,434.90",8.013,,,"2,413.25","11,070.35",,"5,522.40",,,"4,406.65",,7.678,
2011-03-25,,"1,426.20",7.992,,,"2,443.60","11,387.30",,"5,654.25",,,"4,493.35",,7.638,
2011-03-28,,"1,419.90",7.982,,,"2,456.55","11,523.40",,"5,687.25",,,"4,518.30",,7.583,
2011-03-29,,"1,416.20",8.002,,,"2,461.45","11,582.50",,"5,736.35",,,"4,549.00",,7.606,
2011-03-30,,"1,424.90",8.016,,,"2,509.15","11,765.20",,"5,787.65",,,"4,598.45",,7.611,
2011-03-31,,"1,439.90",7.985,,,"2,505.25","11,705.45",,"5,833.75",,,"4,626.45",,7.579,
2011-04-01,,"1,428.90",,,,"2,536.80","11,590.95",,"5,826.05",,,"4,640.05",,,
2011-04-04,,"1,433.00",,,,"2,573.75","11,804.30",,"5,908.45",,,"4,707.20",,,
2011-04-05,,"1,452.50",7.977,,,"2,610.55","11,798.90",,"5,910.05",,,"4,722.85",,7.589,
2011-04-06,,"1,458.50",7.99,,,"2,624.85","11,730.05",,"5,891.75",,,"4,718.60",,7.575,
2011-04-07,,"1,459.30",7.974,,,"2,642.85","11,754.40",,"5,885.70",,,"4,727.35",,7.58,
2011-04-08,,"1,474.10",7.965,,,"2,592.60","11,673.25",,"5,842.00",,,"4,684.50",,7.595,
2011-04-11,,"1,468.10",8.019,,,"2,559.40","11,597.80",,"5,785.70",,,"4,643.10",,7.633,
2011-04-12,,"1,453.60",,,,,,,,,,,,,
2011-04-13,,"1,455.60",8.024,,,"2,595.10","11,839.50",,"5,911.50",,,"4,730.50",,7.619,
2011-04-14,,"1,472.40",,,,,,,,,,,,,
2011-04-15,,"1,486.00",8.064,,,"2,582.40","11,735.65",,"5,824.55",,,"4,679.80",,7.648,
2011-04-18,,"1,492.90",8.082,,,"2,546.20","11,539.75",,"5,729.10",,,"4,609.00",,7.719,
2011-04-19,,"1,495.10",8.08,,,"2,551.50","11,586.75",,"5,740.75",,,"4,617.70",,7.748,
2011-04-20,,"1,498.90",8.092,,,"2,587.65","11,794.55",,"5,851.65",,,"4,694.70",,7.824,
2011-04-21,,"1,503.80",8.11,,,"2,590.80","11,894.75",,"5,884.70",,,"4,711.55",,7.817,
2011-04-25,,"1,509.10",8.134,,,"2,605.95","11,879.00",,"5,874.50",,,"4,708.35",,7.822,
2011-04-26,,"1,503.50",8.091,,,"2,612.15","11,867.70",,"5,868.40",,,"4,704.85",,7.861,
2011-04-27,,"1,517.10",8.091,,,"2,609.75","11,779.85",,"5,833.90",,,"4,688.00",,7.88,
2011-04-28,,"1,531.20",8.111,,,"2,571.75","11,684.80",,"5,785.45",,,"4,650.45",,7.948,
2011-04-29,,"1,556.40",8.135,,,"2,545.05","11,483.75",,"5,749.50",,,"4,615.30",,7.955,
2011-05-02,,"1,557.10",8.139,,,"2,513.85","11,243.80",,"5,701.30",,,"4,573.65",,7.927,
2011-05-03,,"1,540.40",8.23,,,"2,459.75","10,898.30",,"5,565.25",,,"4,472.00",,7.995,
2011-05-04,,"1,515.30",8.294,,,"2,445.25","10,913.35",,"5,537.15",,,"4,448.65",,8.039,
2011-05-05,,"1,481.40",8.268,,,"2,423.40","10,730.10",,"5,459.85",,,"4,390.60",,8.059,
2011-05-06,,"1,491.60",8.183,,,"2,459.05","11,145.10",,"5,551.45",,,"4,460.45",,8.033,
2011-05-09,,"1,503.20",8.262,,,"2,454.75","11,076.50",,"5,551.10",,,"4,464.00",,8.092,
2011-05-10,,"1,516.90",8.284,,,"2,455.35","11,009.40",,"5,541.25",,,"4,458.20",,8.166,
2011-05-11,,"1,501.40",8.292,,,"2,483.65","11,059.05",,"5,565.05",,,"4,480.70",,8.201,
2011-05-12,,"1,506.80",8.212,,,"2,463.65","10,887.45",,"5,486.15",,,"4,424.60",,8.163,
2011-05-13,,"1,493.60",8.276,,,"2,496.65","11,020.95",,"5,544.75",,,"4,470.35",,8.171,
2011-05-16,,"1,490.60",8.283,,,"2,480.85","10,912.35",,"5,499.00",,,"4,436.10",,8.173,
2011-05-17,,"1,480.00",,,,"2,461.70","10,668.85",,"5,438.95",,,"4,395.95",,,
2011-05-18,,"1,495.80",8.292,,,"2,442.65","10,599.05",,"5,420.60",,,"4,375.25",,8.189,
2011-05-19,,"1,492.40",8.321,,,"2,427.75","10,558.35",,"5,428.10",,,"4,372.05",,8.189,
2011-05-20,,"1,508.90",8.354,,,"2,442.05","10,664.10",,"5,486.35",,,"4,411.90",,8.193,
2011-05-23,,"1,515.40",8.344,,,"2,409.90","10,368.25",,"5,386.55",,,"4,338.25",,8.189,
2011-05-24,,"1,523.30",8.374,,,"2,410.60","10,425.55",,"5,394.85",,,"4,347.20",,8.194,
2011-05-25,,"1,526.70",8.374,,,"2,407.45","10,355.80",,"5,348.95",,,"4,317.90",,8.191,
2011-05-26,,"1,522.80",8.397,,,"2,402.30","10,468.30",,"5,412.35",,,"4,354.95",,8.226,
2011-05-27,,"1,537.30",8.457,,,"2,449.60","10,722.65",,"5,476.10",,,"4,409.80",,8.27,
2011-05-30,,"1,536.80",8.432,,,"2,471.80","10,781.45",,"5,473.10",,,"4,421.65",,8.27,
2011-05-31,,,8.411,,,"2,509.00","11,020.85",,"5,560.15",,,"4,492.90",,8.271,
2011-06-01,,"1,543.20",8.328,,,"2,518.30","11,033.40",,"5,592.00",,,"4,517.80",,8.257,
2011-06-02,,"1,532.70",8.279,,,"2,498.70","10,839.25",,"5,550.35",,,"4,482.55",,8.243,
2011-06-03,,"1,542.40",8.268,,,"2,479.80","10,782.00",,"5,516.75",,,"4,457.90",,8.231,
2011-06-06,,"1,547.20",8.261,,,"2,474.30","10,854.65",,"5,532.05",,,"4,465.50",,8.217,
2011-06-07,,"1,544.00",8.284,,,"2,494.00","10,873.45",,"5,556.15",,,"4,489.95",,8.208,
2011-06-08,,"1,538.70",8.248,,,"2,490.20","10,791.45",,"5,526.85",,,"4,473.25",,8.199,
2011-06-09,,"1,542.70",8.269,,,"2,490.25","10,785.40",,"5,521.05",,,"4,468.30",,8.2,
2011-06-10,,"1,529.20",8.235,,,"2,476.10","10,714.25",,"5,485.80",,,"4,442.80",,8.183,
2011-06-13,,"1,515.60",8.246,,,"2,487.00","10,717.50",,"5,482.80",,,"4,444.35",,8.184,
2011-06-14,,"1,524.40",8.335,,,"2,495.80","10,803.95",,"5,500.50",,,"4,460.55",,8.201,
2011-06-15,,"1,526.20",8.397,,,"2,474.45","10,626.65",,"5,447.50",,,"4,423.00",,8.237,
2011-06-16,,"1,529.90",8.3,,,"2,455.25","10,572.15",,"5,396.75",,,"4,384.65",,8.177,
2011-06-17,,"1,539.10",8.275,,,"2,438.80","10,598.25",,"5,366.40",,,"4,357.75",,8.176,
2011-06-20,,"1,542.00",8.196,,,"2,361.60","10,484.30",,"5,257.90",,,"4,263.25",,8.095,
2011-06-21,,"1,546.40",8.225,,,"2,354.05","10,459.15",,"5,275.85",,,"4,268.35",,8.127,
2011-06-22,,"1,553.40",8.251,,,"2,321.35","10,475.20",,"5,278.30",,,"4,258.50",,8.148,
2011-06-23,,"1,520.50",8.268,,,"2,321.70","10,526.45",,"5,320.00",,,"4,281.10",,8.139,
2011-06-24,,"1,500.90",8.247,,,"2,365.55","10,854.50",,"5,471.25",,,"4,392.20",,8.127,
2011-06-27,,"1,496.40",8.262,,,"2,393.05","11,032.50",,"5,526.60",,,"4,439.35",,8.143,
2011-06-28,,"1,500.20",8.288,,,"2,406.00","11,054.05",,"5,545.30",,,"4,454.35",,8.16,
2011-06-29,,"1,510.40",8.319,,,"2,411.85","11,153.35",,"5,600.45",,,"4,492.30",,8.177,
2011-06-30,,"1,502.80",8.326,,,"2,419.05","11,244.65",,"5,647.40",,,"4,522.95",,8.191,
2011-07-01,,"1,482.60",8.354,,,"2,427.15","11,255.00",,"5,627.20",,,"4,522.05",,8.228,
2011-07-04,,"1,512.70",8.357,,,"2,463.30","11,379.80",,"5,650.50",,,"4,549.15",,8.234,
2011-07-05,,,8.343,,,"2,458.00","11,406.10",,"5,632.10",,,"4,537.10",,8.204,
2011-07-06,,"1,529.20",8.333,,,"2,466.80","11,283.05",,"5,625.45",,,"4,535.30",,8.179,
2011-07-07,,"1,530.60",8.359,,,"2,507.30","11,426.10",,"5,728.95",,,"4,607.85",,8.212,
2011-07-08,,"1,541.60",8.355,,,"2,487.25","11,285.15",,"5,660.65",,,"4,554.80",,8.205,
2011-07-11,,"1,549.20",8.321,,,"2,470.85","11,135.50",,"5,616.10",,,"4,523.05",,8.17,
2011-07-12,,"1,562.30",8.28,,,"2,432.00","11,022.55",,"5,526.15",,,"4,459.30",,8.165,
2011-07-13,,"1,585.50",8.305,"3,774.28",,"2,468.85","11,142.25",,"5,585.45",,,"4,508.40",,8.177,
2011-07-14,,"1,589.30",8.247,"3,783.65",,"2,483.30","11,263.80",,"5,599.80",,,"4,525.50",,8.12,
2011-07-15,,"1,590.10",8.278,"3,783.65",,"2,481.35","11,234.55",,"5,581.10",,,"4,514.65",,8.124,
2011-07-18,,"1,602.40",8.25,"3,759.19",,"2,489.75","11,228.85",,"5,567.05",,,"4,509.75",,8.136,
2011-07-19,,"1,601.10",8.259,"3,720.54",,"2,502.45","11,313.85",,"5,613.55",,,"4,538.75",,8.126,
2011-07-20,,"1,596.90",8.28,"3,662.65",,"2,465.85","11,164.70",,"5,567.05",,,"4,498.10",,8.18,
2011-07-21,,"1,587.00",8.274,"3,649.78",,"2,441.65","11,049.80",,"5,541.60",,,"4,475.70",,8.176,
2011-07-22,,"1,601.50",8.314,"3,710.97",,"2,484.05","11,291.95",,"5,633.95",,,"4,544.30",,8.185,
2011-07-25,,"1,612.20",8.294,"3,758.66",,"2,495.95","11,391.80",,"5,680.30",,,"4,577.75",,8.133,
2011-07-26,,"1,616.80",8.441,"3,679.16",,"2,474.95","11,114.55",,"5,574.85",,,"4,504.85",,8.305,
2011-07-27,,"1,615.10",8.451,"3,674.04",,"2,477.00","11,000.15",,"5,546.80",,,"4,491.30",,8.301,
2011-07-28,,"1,616.20",8.465,"3,659.89",,"2,440.60","10,828.50",,"5,487.75",,,"4,444.90",,8.319,
2011-07-29,,"1,631.20",8.454,"3,671.16",,"2,409.65","10,893.65",,"5,482.00",,,"4,424.05",,8.37,
2011-08-01,,"1,621.70",8.461,"3,671.16",,"2,395.40","10,939.00",,"5,516.80",,,"4,440.85",,8.366,
2011-08-02,,"1,644.50",8.436,"3,698.10",,"2,359.90","10,743.30",,"5,456.55",,,"4,392.95",,8.335,
2011-08-03,,"1,666.30",8.423,"3,680.28",,"2,356.45","10,639.55",,"5,404.80",,,"4,359.30",,8.348,
2011-08-04,,"1,659.00",8.403,"3,625.64",,"2,329.85","10,537.05",,"5,331.80",,,"4,311.55",,8.317,
2011-08-05,,"1,651.80",8.316,"3,559.56",,"2,284.75","10,354.50",,"5,211.25",,,"4,220.50",,8.305,
2011-08-08,,"1,713.20",8.261,"3,485.38",,"2,249.55","10,232.30",,"5,118.50",,,"4,150.50",,8.225,
2011-08-09,,"1,743.00",8.227,"3,475.24",,"2,219.05","10,196.55",,"5,072.85",,,"4,107.70",,8.188,
2011-08-10,,"1,784.30",8.192,"3,475.24",,"2,277.90","10,463.20",,"5,161.00",,,"4,182.25",,8.146,
2011-08-11,,"1,751.50",8.209,"3,608.07",,"2,264.70","10,338.80",,"5,138.30",,,"4,164.75",,8.153,
2011-08-12,,"1,742.60",8.3,"3,608.07",,"2,251.15","10,182.70",,"5,072.95",,,"4,121.35",,8.169,
2011-08-15,,"1,758.00",,,,,,,,,,,,,
2011-08-16,,"1,785.00",8.29,"3,553.92",,"2,197.35","10,056.40",,"5,035.80",,,"4,081.30",,8.17,
2011-08-17,,"1,793.80",8.322,"3,506.09",,"2,174.30","9,953.20",,"5,056.60",,,"4,081.30",,8.237,
2011-08-18,,"1,822.00",8.257,"3,455.34",,"2,110.35","9,601.50",,"4,944.15",,,"3,994.15",,8.221,
2011-08-19,,"1,852.20",,"3,423.99",,"2,094.55","9,404.85",,"4,845.65",,,"3,925.80",,,
2011-08-22,,"1,891.90",8.269,"3,423.99",,"2,134.00","9,407.35",,"4,898.80",,,"3,970.50",,8.2,
2011-08-23,,"1,861.30",8.265,"3,469.66",,"2,160.90","9,488.70",,"4,948.90",,,"4,010.70",,8.202,
2011-08-24,,"1,757.30",8.218,"3,479.96",,"2,153.85","9,331.85",,"4,888.90",,,"3,970.10",,8.17,
2011-08-25,,"1,763.20",8.245,"3,403.33",,"2,119.60","9,177.25",,"4,839.60",,,"3,929.50",,8.182,
2011-08-26,,"1,797.30",8.303,"3,394.64",,"2,066.85","8,974.55",,"4,747.80",,,"3,851.55",,8.214,
2011-08-29,,"1,791.60",8.326,"3,366.52",,"2,123.30","9,342.45",,"4,919.60",,,"3,977.35",,8.233,
2011-08-30,,"1,829.80",8.319,"3,469.30",,"2,151.90","9,533.40",,"5,001.00",,,"4,038.35",,8.235,
2011-08-31,,"1,831.70",,,,,,,,,,,,,
2011-09-01,,"1,829.10",,,,,,,,,,,,,
2011-09-02,,"1,876.90",8.349,"3,513.18",,"2,187.50","9,581.35",,"5,040.00",,,"4,070.90",,8.25,
2011-09-05,,"1,873.30",8.288,"3,628.11",,"2,200.75","9,614.05",,"5,017.20",,,"4,063.15",,8.206,
2011-09-06,,,8.304,"3,678.63",,"2,206.95","9,657.60",,"5,064.30",,,"4,093.20",,8.213,
2011-09-07,,"1,817.60",8.31,"3,685.20",,"2,240.60","9,858.90",,"5,124.65",,,"4,146.40",,8.225,
2011-09-08,,"1,857.50",8.296,"3,694.57",,"2,251.85","9,920.05",,"5,153.25",,,"4,163.85",,8.198,
2011-09-09,,"1,859.50",8.314,"3,694.57",,"2,211.55","9,678.70",,"5,059.45",,,"4,098.10",,8.218,
2011-09-12,,"1,813.30",8.292,"3,662.43",,"2,149.10","9,395.25",,"4,946.80",,,"4,010.75",,8.191,
2011-09-13,,"1,830.10",8.325,"3,575.74",,"2,149.00","9,339.70",,"4,940.95",,,"4,007.10",,8.215,
2011-09-14,,"1,826.50",8.347,"3,550.88",,"2,167.45","9,472.45",,"5,012.55",,,"4,051.55",,8.233,
2011-09-15,,"1,781.40",8.329,"3,653.37",,"2,197.85","9,660.35",,"5,075.70",,,"4,097.00",,8.239,
2011-09-16,,"1,814.70",8.362,"3,685.94",,"2,195.10","9,720.25",,"5,084.25",,,"4,105.10",,8.311,
2011-09-19,,"1,778.90",8.329,"3,696.60",,"2,192.85","9,583.55",,"5,031.95",,,"4,072.05",,8.318,
2011-09-20,,"1,809.10",8.337,"3,746.25",,"2,221.45","9,812.70",,"5,140.20",,,"4,142.80",,8.325,
2011-09-21,,"1,808.10",8.328,"3,711.32",,"2,250.35","9,929.00",,"5,133.25",,,"4,150.55",,8.315,
2011-09-22,,"1,741.70",8.3,"3,574.52",,"2,158.90","9,520.60",,"4,923.65",,,"3,994.15",,8.276,
2011-09-23,,"1,639.80",8.302,"3,515.27",,"2,145.90","9,375.70",,"4,867.75",,,"3,952.10",,8.279,
2011-09-26,,"1,594.80",8.311,"3,477.79",,"2,104.75","9,384.50",,"4,835.40",,,"3,914.80",,8.263,
2011-09-27,,"1,652.50",8.326,"3,575.45",,"2,133.50","9,619.95",,"4,971.25",,,"4,010.05",,8.27,
2011-09-28,,"1,618.10",8.347,"3,535.76",,"2,106.80","9,512.15",,"4,945.90",,,"3,987.45",,8.271,
2011-09-29,,"1,617.30",8.442,"3,605.20",,"2,115.15","9,653.40",,"5,015.45",,,"4,024.75",,8.357,
2011-09-30,,"1,622.30",,"3,549.62",,"2,102.40","9,468.30",,"4,943.25",,,"3,978.35",,,
2011-10-03,,"1,657.70",8.537,"3,534.60",,"2,043.45","9,185.90",,"4,849.50",,,"3,903.20",,8.405,
2011-10-04,,"1,616.00",8.545,"3,460.70",,"2,009.60","8,913.35",,"4,772.15",,,"3,843.70",,8.378,
2011-10-05,,"1,641.60",8.578,"3,459.35",,"1,995.05","8,701.30",,"4,751.30",,,"3,821.85",,8.386,
2011-10-06,,"1,653.20",,,,,,,,,,,,,
2011-10-07,,"1,635.80",8.666,"3,535.75",,"2,022.60","9,038.25",,"4,888.05",,,"3,913.95",,8.437,
2011-10-10,,"1,670.80",8.751,"3,615.95",,"2,056.10","9,168.90",,"4,979.60",,,"3,977.90",,8.439,
2011-10-11,,"1,661.00",8.71,"3,652.45",,"2,060.35","9,178.65",,"4,974.35",,,"3,981.85",,8.411,
2011-10-12,,"1,682.60",8.738,"3,705.90",,"2,106.45","9,482.30",,"5,099.40",,,"4,068.60",,8.46,
2011-10-13,,"1,668.50",8.725,"3,659.30",,"2,102.60","9,591.25",,"5,077.85",,,"4,058.30",,8.449,
2011-10-14,,"1,683.00",8.784,"3,693.40",,"2,111.85","9,660.40",,"5,132.30",,,"4,090.70",,8.472,
2011-10-17,,"1,676.60",8.757,"3,752.30",,"2,105.70","9,721.30",,"5,118.25",,,"4,083.80",,8.449,
2011-10-18,,"1,652.80",8.748,"3,689.30",,"2,074.20","9,583.90",,"5,037.50",,,"4,023.15",,8.451,
2011-10-19,,"1,647.00",8.775,"3,754.35",,"2,105.95","9,841.35",,"5,139.15",,,"4,093.50",,8.47,
2011-10-20,,"1,612.90",8.79,"3,699.10",,"2,079.85","9,746.40",,"5,091.90",,,"4,057.35",,8.502,
2011-10-21,,"1,636.10",8.82,"3,692.15",,"2,064.25","9,695.35",,"5,049.95",,,"4,024.65",,8.506,
2011-10-24,,"1,652.30",8.817,"3,759.90",,"2,057.55","9,647.85",,"5,098.35",,,"4,046.65",,8.514,
2011-10-25,,"1,700.40",8.763,"3,864.05",,"2,063.15","9,511.60",,"5,191.60",,,"4,101.40",,8.495,
2011-10-26,,"1,723.50",,"3,873.50",,"2,084.30","9,546.60",,"5,201.80",,,"4,119.05",,,
2011-10-27,,"1,747.70",,,,,,,,,,,,,
2011-10-28,,"1,747.20",8.852,"3,983.85",,"2,148.75","9,917.05",,"5,360.70",,,"4,229.75",,8.571,
2011-10-31,,"1,725.20",8.879,"3,944.05",,"2,159.75","9,989.65",,"5,326.60",,,"4,215.90",,8.646,
2011-11-01,,"1,711.80",8.947,"3,868.15",,"2,129.35","9,822.25",,"5,257.95",,,"4,170.75",,8.611,
2011-11-02,,"1,729.60",8.904,"3,859.75",,"2,130.30","9,781.05",,"5,258.45",,,"4,171.40",,8.601,
2011-11-03,,"1,765.10",8.901,"3,848.50",,"2,136.15","9,782.50",,"5,265.75",,,"4,179.65",,8.56,
2011-11-04,,"1,756.10",8.968,"3,861.60",,"2,161.10","9,836.35",,"5,284.20",,,"4,201.10",,8.659,
2011-11-07,,"1,791.10",,,,,,,,,,,,,
2011-11-08,,"1,799.20",9.034,"3,859.10",,"2,164.90","9,852.55",,"5,289.35",,,"4,203.05",,8.741,
2011-11-09,,"1,791.60",9.061,"3,791.30",,"2,130.00","9,592.65",,"5,221.05",,,"4,147.15",,8.782,
2011-11-10,,"1,759.60",,,,,,,,,,,,,
2011-11-11,,"1,788.10",9.054,"3,819.00",,"2,096.40","9,292.55",,"5,168.85",,,"4,100.90",,8.788,
2011-11-14,,"1,778.40",9.037,"3,738.85",,"2,059.10","9,275.00",,"5,148.35",,,"4,074.55",,8.821,
2011-11-15,,"1,782.20",8.97,"3,678.25",,"1,994.25","9,085.70",,"5,068.50",,,"3,996.95",,8.656,
2011-11-16,,"1,774.30",8.977,"3,675.35",,"1,979.00","9,061.55",,"5,030.45",,,"3,965.45",,8.614,
2011-11-17,,"1,720.20",8.838,"3,608.85",,"1,944.50","8,930.90",,"4,934.75",,,"3,894.75",,8.585,
2011-11-18,,"1,725.10",8.856,"3,563.30",,"1,926.95","8,850.25",,"4,905.80",,,"3,869.05",,8.653,
2011-11-21,,"1,678.60",8.837,"3,476.10",,"1,890.15","8,554.15",,"4,778.35",,,"3,778.60",,8.618,
2011-11-22,,"1,702.40",8.844,"3,515.50",,"1,893.65","8,611.70",,"4,812.35",,,"3,800.60",,8.613,
2011-11-23,,"1,695.90",8.812,"3,465.35",,"1,862.00","8,399.30",,"4,706.45",,,"3,720.15",,8.596,
2011-11-24,,"1,685.70",8.793,"3,539.90",,"1,893.95","8,472.50",,"4,756.45",,,"3,762.85",,8.592,
2011-11-25,,,8.811,"3,493.00",,"1,892.00","8,488.60",,"4,710.05",,,"3,742.20",,8.591,
2011-11-28,,"1,710.80",8.827,"3,547.40",,"1,946.65","8,793.15",,"4,851.30",,,"3,839.55",,8.581,
2011-11-29,,"1,718.90",8.825,"3,555.40",,"1,922.40","8,623.90",,"4,805.10",,,"3,804.00",,8.602,
2011-11-30,,"1,750.30",8.738,"3,527.80",,"1,916.60","8,564.10",,"4,832.05",,,"3,811.25",,8.534,
2011-12-01,,"1,739.80",8.697,"3,604.90",,"1,945.50","8,895.30",,"4,936.85",,,"3,878.60",,8.453,
2011-12-02,,"1,751.30",8.647,"3,686.80",,"1,977.85","9,172.75",,"5,050.15",,,"3,962.10",,8.402,
2011-12-05,,"1,734.50",8.577,"3,685.25",,"1,975.85","9,173.75",,"5,039.15",,,"3,957.75",,8.335,
2011-12-06,,"1,731.80",,,,,,,,,,,,,
2011-12-07,,"1,744.80",8.594,"3,705.35",,"1,978.45","9,176.25",,"5,062.60",,,"3,970.60",,8.298,
2011-12-08,,"1,713.40",8.519,"3,643.40",,"1,934.50","8,915.70",,"4,943.65",,,"3,883.75",,8.262,
2011-12-09,,"1,716.80",8.533,"3,561.30",,"1,919.00","8,811.10",,"4,866.70",,,"3,830.85",,8.285,
2011-12-12,,"1,668.20",8.446,"3,466.30",,"1,869.25","8,543.40",,"4,764.60",,,"3,751.05",,8.21,
2011-12-13,,"1,663.10",8.403,"3,503.75",,"1,867.85","8,571.95",,"4,800.60",,,"3,767.10",,8.186,
2011-12-14,,"1,586.90",8.491,"3,455.35",,"1,849.05","8,533.00",,"4,763.25",,,"3,736.60",,8.2,
2011-12-15,,"1,577.20",8.486,"3,404.65",,"1,841.45","8,445.10",,"4,746.35",,,"3,720.20",,8.157,
2011-12-16,,"1,597.90",8.379,"3,379.05",,"1,797.70","8,171.90",,"4,651.60",,,"3,647.95",,8.116,
2011-12-19,,"1,596.70",8.329,"3,382.00",,"1,772.65","7,920.75",,"4,613.10",,,"3,603.80",,8.085,
2011-12-20,,"1,617.60",8.276,"3,304.80",,"1,727.40","7,798.55",,"4,544.20",,,"3,544.00",,8.054,
2011-12-21,,"1,613.60",8.34,"3,387.10",,"1,759.35","8,189.15",,"4,693.15",,,"3,640.90",,8.049,
2011-12-22,,"1,610.60",8.333,"3,434.60",,"1,796.00","8,384.65",,"4,733.85",,,"3,674.50",,8.063,
2011-12-23,,"1,606.00",8.365,"3,446.65",,"1,785.00","8,296.45",,"4,714.00",,,"3,660.55",,8.028,
2011-12-26,,,8.49,"3,480.70",,"1,801.95","8,374.55",,"4,779.00",,,"3,703.80",,8.068,
2011-12-27,,"1,595.50",8.476,"3,456.30",,"1,783.50","8,275.50",,"4,750.50",,,"3,680.20",,8.017,
2011-12-28,,"1,564.10",8.478,"3,413.10",,"1,766.85","8,111.40",,"4,705.80",,,"3,644.10",,8.038,
2011-12-29,,"1,540.90",8.536,"3,400.50",,"1,752.35","8,027.40",,"4,646.25",,,"3,607.60",,8.072,
2011-12-30,,"1,566.80",8.56,"3,390.55",,"1,753.40","7,968.65",,"4,624.30",,,"3,597.75",,8.121,
2012-01-02,,,8.409,"3,356.10",,"1,765.15","7,995.05",,"4,636.75",,,"3,602.50",,8.076,
2012-01-03,,"1,600.50",8.357,"3,414.05",,"1,834.20","8,340.30",,"4,765.30",,,"3,700.80",,8.051,
2012-01-04,,"1,612.70",8.364,"3,386.10",,"1,829.50","8,408.40",,"4,749.65",,,"3,695.05",,8.013,
2012-01-05,,"1,620.10",8.328,"3,426.75",,"1,824.80","8,454.90",,"4,749.95",,,"3,696.15",,8.021,
2012-01-06,,"1,616.80",8.219,"3,416.00",,"1,820.80","8,488.25",,"4,754.10",,,"3,694.80",,8.011,
2012-01-07,,,,"3,411.30",,"1,831.10","8,452.80",,"4,746.90",,,"3,697.70",,,
2012-01-09,,"1,608.10",8.201,"3,395.85",,"1,851.40","8,481.35",,"4,742.80",,,"3,701.30",,7.96,
2012-01-10,,"1,631.50",8.228,"3,493.55",,"1,915.90","8,735.05",,"4,849.55",,,"3,785.35",,7.908,
2012-01-11,,"1,639.60",8.232,"3,503.95",,"1,936.95","8,839.70",,"4,860.95",,,"3,805.50",,7.902,
2012-01-12,,"1,647.70",8.251,"3,529.85",,"1,947.35","8,930.25",,"4,831.25",,,"3,797.40",,7.957,
2012-01-13,,"1,630.80",8.192,"3,531.70",,"1,965.50","8,975.05",,"4,866.00",,,"3,827.20",,7.913,
2012-01-16,,"1,655.60",8.222,"3,557.80",,"1,966.00","8,940.25",,"4,873.90",,,"3,833.15",,7.935,
2012-01-17,,,8.218,"3,643.15",,"1,998.90","9,056.70",,"4,967.30",,,"3,900.00",,7.936,
2012-01-18,,"1,659.90",8.19,"3,600.15",,"1,970.60","9,023.40",,"4,955.80",,,"3,881.80",,8.018,
2012-01-19,,"1,654.50",8.169,"3,637.50",,"2,006.80","9,199.40",,"5,018.40",,,"3,931.95",,7.985,
2012-01-20,,"1,664.00",8.181,"3,664.20",,"2,022.30","9,516.85",,"5,048.60",,,"3,952.70",,8.01,
2012-01-23,,"1,678.30",8.17,"3,677.95",,"2,024.80","9,520.30",,"5,046.25",,,"3,952.70",,8.018,
2012-01-24,,"1,664.50",8.355,"3,730.45",,"2,061.65","9,834.00",,"5,127.35",,,"4,016.90",,8.066,
2012-01-25,,"1,700.10",8.31,"3,775.40",,"2,096.85","9,856.60",,"5,158.30",,,"4,051.80",,8.078,
2012-01-26,,"1,726.70",,,,,,,,,,,,,
2012-01-27,,"1,732.20",8.354,"3,818.55",,"2,110.80","9,813.65",,"5,204.70",,,"4,085.35",,8.116,
2012-01-30,,"1,734.40",8.284,"3,749.75",,"2,056.45","9,537.10",,"5,087.30",,,"3,995.80",,8.111,
2012-01-31,,"1,740.40",8.267,"3,836.50",,"2,109.65","9,919.45",,"5,199.25",,,"4,082.85",,8.117,
2012-02-01,,"1,749.50",8.143,"3,910.00",,"2,140.00","9,949.10",,"5,235.70",,,"4,117.55",,8.062,
2012-02-02,,"1,759.30",8.131,"3,922.50",,"2,146.25","9,992.05",,"5,269.90",,,"4,146.55",,8.103,
2012-02-03,,"1,740.30",8.164,"3,944.40",,"2,180.85","10,133.65",,"5,325.85",,,"4,188.45",,8.121,
2012-02-06,,"1,724.90",8.183,"3,985.30",,"2,225.85","10,269.25",,"5,361.65",,,"4,227.10",,8.117,
2012-02-07,,"1,748.40",8.188,"3,940.95",,"2,190.95","10,324.60",,"5,335.15",,,"4,199.05",,8.138,
2012-02-08,,"1,731.30",8.232,"3,969.15",,"2,226.65","10,320.10",,"5,368.15",,,"4,232.75",,8.129,
2012-02-09,,"1,741.20",8.272,"4,040.80",,"2,269.55","10,507.60",,"5,412.35",,,"4,272.40",,8.14,
2012-02-10,,"1,725.30",8.194,"4,031.20",,"2,256.40","10,442.65",,"5,381.60",,,"4,258.40",,8.153,
2012-02-11,,,8.202,,,,,,,,,,,8.153,
2012-02-13,,"1,724.90",8.209,"4,068.65",,"2,271.35","10,473.60",,"5,390.20",,,"4,264.80",,8.139,
2012-02-14,,"1,717.70",8.18,"4,154.20",,"2,305.10","10,556.65",,"5,416.05",,,"4,289.50",,8.119,
2012-02-15,,"1,728.10",8.197,"4,293.95",,"2,374.70","10,930.70",,"5,531.95",,,"4,381.45",,8.142,
2012-02-16,,"1,728.40",8.197,"4,296.45",,"2,397.65","10,921.90",,"5,521.95",,,"4,385.90",,8.142,
2012-02-17,,"1,725.90",8.185,"4,277.95",,"2,424.20","11,074.90",,"5,564.30",,,"4,414.05",,8.146,
2012-02-18,,,8.188,,,,,,,,,,,8.146,
2012-02-19,,,8.188,,,,,,,,,,,8.146,
2012-02-20,,"1,758.50",,,,,,,,,,,,,
2012-02-21,,,8.173,"4,290.45",,"2,459.10","11,170.40",,"5,607.15",,,"4,447.50",,8.152,
2012-02-22,,"1,771.30",8.222,"4,229.30",,"2,335.15","10,747.15",,"5,505.35",,,"4,340.85",,8.132,
2012-02-23,,"1,786.30",8.196,"4,189.25",,"2,318.50","10,713.35",,"5,483.30",,,"4,322.90",,8.154,
2012-02-24,,"1,776.40",8.226,"4,169.85",,"2,309.90","10,506.80",,"5,429.30",,,"4,284.55",,8.173,
2012-02-25,,,8.227,,,,,,,,,,,8.173,
2012-02-27,,"1,774.90",8.229,"4,034.10",,"2,216.65","10,103.95",,"5,281.20",,,"4,165.05",,8.19,
2012-02-28,,"1,788.40",8.212,"4,160.05",,"2,311.50","10,484.00",,"5,375.50",,,"4,258.50",,8.222,
2012-02-29,,"1,711.30",8.199,"4,159.40",,"2,347.40","10,414.20",,"5,385.20",,,"4,275.55",,8.209,
2012-03-01,,"1,722.20",8.237,"4,115.70",,"2,328.85","10,288.90",,"5,339.75",,,"4,243.75",,8.2,
2012-03-02,,"1,709.80",8.224,"4,114.60",,"2,313.30","10,434.30",,"5,359.35",,,"4,254.50",,8.177,
2012-03-03,,,8.225,"4,105.80",,"2,312.65","10,450.25",,"5,359.40",,,"4,256.00",,8.177,
2012-03-05,,"1,703.90",8.228,"4,089.80",,"2,270.30","10,178.85",,"5,280.35",,,"4,195.45",,8.183,
2012-03-06,,"1,672.10",8.232,"4,066.90",,"2,239.95","10,058.15",,"5,222.40",,,"4,151.40",,8.195,
2012-03-07,,"1,683.90",8.241,"4,071.95",,"2,248.95","10,132.85",,"5,220.45",,,"4,146.95",,8.208,
2012-03-08,,"1,698.70",8.242,,,,,,,,,,,8.208,
2012-03-09,,"1,711.50",8.281,"4,165.00",,"2,334.40","10,505.65",,"5,333.55",,,"4,238.85",,8.243,
2012-03-10,,,8.285,,,,,,,,,,,8.243,
2012-03-12,,"1,699.80",8.294,"4,193.90",,"2,366.70","10,625.65",,"5,359.55",,,"4,265.25",,8.26,
2012-03-13,,"1,694.20",8.321,"4,194.35",,"2,388.30","10,686.20",,"5,429.50",,,"4,317.65",,8.304,
2012-03-14,,"1,642.90",8.281,"4,237.25",,"2,390.75","10,889.70",,"5,463.90",,,"4,343.05",,8.102,
2012-03-15,,"1,659.50",8.36,"4,209.00",,"2,327.20","10,595.00",,"5,380.50",,,"4,275.75",,8.162,
2012-03-16,,"1,655.80",8.422,"4,215.40",,"2,300.60","10,391.35",,"5,317.90",,,"4,226.05",,8.165,
2012-03-17,,,8.428,,,,,,,,,,,8.165,
2012-03-19,,"1,667.30",8.416,"4,197.05",,"2,267.05","10,188.85",,"5,257.05",,,"4,177.00",,8.237,
2012-03-20,,"1,647.00",8.411,"4,132.10",,"2,296.05","10,281.60",,"5,274.85",,,"4,197.05",,8.238,
2012-03-21,,"1,650.30",8.391,"4,192.20",,"2,348.70","10,524.45",,"5,364.95",,,"4,270.90",,8.234,
2012-03-22,,"1,642.50",8.376,"4,118.75",,"2,278.15","10,173.55",,"5,228.45",,,"4,165.30",,8.228,
2012-03-23,,"1,662.40",8.384,"4,147.75",,"2,309.90","10,294.55",,"5,278.20",,,"4,202.25",,8.228,
2012-03-26,,"1,685.60",8.472,"4,093.00",,"2,264.45","10,043.50",,"5,184.25",,,"4,131.25",,8.284,
2012-03-27,,"1,684.90",8.502,"4,106.95",,"2,279.50","10,148.85",,"5,243.15",,,"4,168.55",,8.318,
2012-03-28,,"1,657.90",8.62,"4,083.95",,"2,239.15","9,960.40",,"5,194.75",,,"4,129.15",,8.303,
2012-03-29,,"1,654.90",8.606,"4,105.95",,"2,238.25","9,927.65",,"5,178.85",,,"4,124.45",,8.271,
2012-03-30,,"1,671.90",8.572,"4,207.00",,"2,301.00","10,212.75",,"5,295.55",,,"4,221.80",,8.314,
2012-03-31,,,8.588,,,,,,,,,,,8.314,
2012-04-02,,"1,679.70",,"4,216.30",,"2,319.65","10,305.35",,"5,317.90",,,"4,246.95",,,
2012-04-03,,"1,672.00",8.736,"4,209.95",,"2,346.05","10,432.60",,"5,358.50",,,"4,283.10",,8.381,
2012-04-04,,"1,614.10",8.688,"4,188.80",,"2,346.05","10,340.10",,"5,322.90",,,"4,262.20",,8.367,
2012-04-05,,"1,630.10",8.693,,,,,,,,,,,8.367,
2012-04-08,,,8.693,,,,,,,,,,,8.367,
2012-04-09,,"1,643.90",8.626,"4,139.35",,"2,297.70","10,131.60",,"5,234.40",,,"4,193.90",,8.385,
2012-04-10,,"1,660.70",8.591,"4,184.10",,"2,296.25","10,196.05",,"5,243.60",,,"4,196.70",,8.375,
2012-04-11,,"1,660.30",8.545,"4,168.30",,"2,276.30","10,214.25",,"5,226.85",,,"4,179.40",,8.36,
2012-04-12,,"1,680.60",8.439,"4,214.90",,"2,304.05","10,400.70",,"5,276.85",,,"4,216.55",,8.3,
2012-04-13,,"1,660.20",8.468,"4,229.75",,"2,278.65","10,306.25",,"5,207.45",,,"4,169.55",,8.299,
2012-04-14,,,8.471,,,,,,,,,,,8.299,
2012-04-16,,"1,649.70",8.455,"4,284.95",,"2,290.15","10,432.70",,"5,226.20",,,"4,186.70",,8.294,
2012-04-17,,"1,651.10",8.341,"4,325.95",,"2,308.65","10,519.55",,"5,289.70",,,"4,232.10",,8.189,
2012-04-18,,"1,639.60",8.359,"4,389.60",,"2,315.65","10,512.45",,"5,300.00",,,"4,242.00",,8.173,
2012-04-19,,"1,641.40",8.409,"4,471.30",,"2,316.25","10,567.90",,"5,332.40",,,"4,259.90",,8.151,
2012-04-20,,"1,642.80",8.543,"4,472.40",,"2,292.15","10,456.50",,"5,290.85",,,"4,226.35",,8.193,
2012-04-21,,,8.548,,,,,,,,,,,8.193,
2012-04-23,,"1,632.60",8.568,"4,396.30",,"2,248.25","10,243.15",,"5,200.60",,,"4,154.85",,8.222,
2012-04-24,,"1,643.80",8.567,"4,395.65",,"2,231.60","10,215.15",,"5,222.65",,,"4,164.00",,8.234,
2012-04-25,,"1,642.30",8.628,"4,416.45",,"2,198.75","10,159.85",,"5,202.00",,,"4,146.30",,8.252,
2012-04-26,,"1,660.50",8.655,"4,377.05",,"2,179.50","10,128.00",,"5,189.00",,,"4,133.15",,8.287,
2012-04-27,,"1,664.80",8.647,"4,384.40",,"2,168.45","10,148.70",,"5,190.60",,,"4,131.15",,8.245,
2012-04-28,,,8.652,,,,,,,,,,,8.245,
2012-04-30,,"1,664.20",8.671,"4,433.15",,"2,206.65","10,276.80",,"5,248.15",,,"4,178.35",,8.218,
2012-05-01,,"1,662.40",8.675,,,,,,,,,,,8.218,
2012-05-02,,"1,654.00",8.635,"4,356.90",,"2,202.75","10,306.60",,"5,239.15",,,"4,171.30",,8.179,
2012-05-03,,"1,634.80",8.619,"4,250.40",,"2,170.25","10,126.55",,"5,188.40",,,"4,128.65",,8.197,
2012-05-04,,"1,645.20",8.63,"4,174.65",,"2,123.65","9,802.35",,"5,086.85",,,"4,050.85",,8.171,
2012-05-05,,,8.651,,,,,,,,,,,8.171,
2012-05-06,,,8.651,,,,,,,,,,,8.171,
2012-05-07,,"1,639.10",8.69,"4,228.90",,"2,147.90","9,876.35",,"5,114.15",,,"4,074.95",,8.167,
2012-05-08,,"1,604.50",8.541,"4,142.25",,"2,104.10","9,588.75",,"4,999.95",,,"3,992.55",,8.185,
2012-05-09,,"1,594.20",8.561,"4,105.40",,"2,063.40","9,404.80",,"4,974.80",,,"3,963.70",,8.203,
2012-05-10,,"1,595.50",8.562,"4,072.75",,"2,060.80","9,410.90",,"4,965.70",,,"3,959.60",,8.181,
2012-05-11,,"1,584.00",8.565,"4,094.10",,"2,033.10","9,398.10",,"4,928.90",,,"3,928.25",,8.184,
2012-05-12,,,8.569,,,,,,,,,,,8.184,
2012-05-14,,"1,561.00",8.518,"4,073.50",,"2,008.35","9,257.65",,"4,907.80",,,"3,906.90",,8.167,
2012-05-15,,"1,557.10",8.495,"4,076.05",,"2,023.40","9,319.70",,"4,942.80",,,"3,932.90",,8.168,
2012-05-16,,"1,536.60",8.517,"3,973.80",,"2,000.85","9,164.25",,"4,858.25",,,"3,871.40",,8.163,
2012-05-17,,"1,574.90",8.495,"3,952.55",,"1,985.40","9,154.20",,"4,870.20",,,"3,879.15",,8.153,
2012-05-18,,"1,591.90",8.525,"3,875.85",,"1,977.95","9,310.25",,"4,891.45",,,"3,889.05",,8.114,
2012-05-19,,,8.525,,,,,,,,,,,8.114,
2012-05-21,,"1,588.70",8.542,"3,903.10",,"1,992.45","9,412.00",,"4,906.05",,,"3,904.45",,8.104,
2012-05-22,,"1,576.60",8.52,"3,878.05",,"1,971.05","9,268.80",,"4,860.50",,,"3,869.80",,8.099,
2012-05-23,,"1,548.40",8.513,"3,853.70",,"1,956.55","9,209.90",,"4,835.65",,,"3,848.80",,8.064,
2012-05-24,,"1,557.50",8.497,"3,893.30",,"1,976.70","9,437.60",,"4,921.40",,,"3,904.85",,8.089,
2012-05-25,,"1,568.90",8.509,"3,884.15",,"1,989.50","9,456.30",,"4,920.40",,,"3,910.60",,8.091,
2012-05-26,,,8.514,,,,,,,,,,,8.091,
2012-05-28,,"1,548.70",8.512,"3,946.90",,"2,030.25","9,698.30",,"4,985.65",,,"3,961.05",,8.092,
2012-05-29,,,8.518,"3,958.85",,"2,016.10","9,708.10",,"4,990.10",,,"3,961.10",,8.093,
2012-05-30,,"1,565.70",8.523,"3,814.15",,"1,976.10","9,534.05",,"4,950.75",,,"3,923.85",,8.081,
2012-05-31,,"1,564.20",8.377,"3,739.75",,"1,984.55","9,441.00",,"4,924.25",,,"3,913.05",,8.029,
2012-06-01,,"1,622.10",8.369,"3,670.80",,"1,945.85","9,267.60",,"4,841.60",,,"3,851.95",,8.008,
2012-06-02,,,8.37,,,,,,,,,,,8.008,
2012-06-04,,"1,613.90",8.342,"3,695.25",,"1,942.35","9,362.30",,"4,848.15",,,"3,850.80",,7.979,
2012-06-05,,"1,616.90",8.332,"3,685.50",,"1,948.55","9,460.15",,"4,863.30",,,"3,862.55",,7.98,
2012-06-06,,"1,634.20",8.371,"3,821.55",,"2,002.95","9,742.80",,"4,997.10",,,"3,959.00",,7.963,
2012-06-07,,"1,588.00",8.347,"3,871.45",,"2,022.60","9,950.90",,"5,049.65",,,"3,996.50",,7.91,
2012-06-08,,"1,591.40",8.354,"3,872.75",,"2,033.05","9,998.85",,"5,068.35",,,"4,010.95",,7.894,
2012-06-09,,,8.36,,,,,,,,,,,7.894,
2012-06-11,,"1,596.80",8.329,"3,846.70",,"2,028.85","9,969.20",,"5,054.10",,,"3,998.05",,7.883,
2012-06-12,,"1,613.80",8.294,"3,914.30",,"2,050.55","10,139.20",,"5,115.90",,,"4,040.90",,7.842,
2012-06-13,,"1,619.40",8.292,"3,851.70",,"2,047.20","10,128.15",,"5,121.45",,,"4,043.75",,7.813,
2012-06-14,,"1,619.60",8.326,"3,778.95",,"2,013.65","9,836.95",,"5,054.75",,,"3,992.25",,7.825,
2012-06-15,,"1,628.10",8.336,"3,876.70",,"2,035.80","10,064.80",,"5,139.05",,,"4,047.45",,7.809,
2012-06-16,,,8.338,,,,,,,,,,,7.809,
2012-06-18,,"1,627.00",8.428,"3,850.00",,"2,003.05","9,749.90",,"5,064.25",,,"3,991.35",,7.93,
2012-06-19,,"1,623.20",8.388,"3,850.40",,"2,007.60","9,786.45",,"5,103.85",,,"4,016.45",,7.912,
2012-06-20,,"1,615.80",8.388,"3,889.50",,"2,033.65","9,831.80",,"5,120.55",,,"4,037.80",,7.919,
2012-06-21,,"1,565.50",8.343,"3,917.85",,"2,060.35","10,033.65",,"5,165.00",,,"4,074.20",,7.914,
2012-06-22,,"1,566.90",8.346,"3,920.80",,"2,068.15","10,038.35",,"5,146.05",,,"4,063.75",,7.891,
2012-06-23,,,8.349,,,,,,,,,,,7.891,
2012-06-25,,"1,588.40",8.329,"3,895.35",,"2,063.90","9,925.75",,"5,114.65",,,"4,044.75",,7.862,
2012-06-26,,"1,574.90",8.343,"3,907.05",,"2,076.15","9,970.10",,"5,120.80",,,"4,053.20",,7.863,
2012-06-27,,"1,578.40",8.355,"3,880.90",,"2,090.40","10,017.80",,"5,141.90",,,"4,069.85",,7.857,
2012-06-28,,"1,550.40",8.364,"3,886.90",,"2,087.10","10,003.85",,"5,149.15",,,"4,075.05",,7.864,
2012-06-29,,"1,604.20",8.38,"3,966.40",,"2,137.00","10,340.65",,"5,278.90",,,"4,170.65",,7.86,
2012-06-30,,,8.39,,,,,,,,,,,7.86,
2012-07-01,,,8.39,,,,,,,,,,,7.86,
2012-07-02,,"1,597.70",8.383,"3,943.95",,"2,158.35","10,412.20",,"5,278.60",,,"4,180.90",,7.86,
2012-07-03,,"1,621.80",8.178,"3,949.45",,"2,176.65","10,481.30",,"5,287.95",,,"4,196.70",,7.843,
2012-07-04,,"1,609.40",8.159,"3,969.85",,"2,198.85","10,529.45",,"5,302.55",,,"4,213.05",,7.831,
2012-07-05,,,8.175,"3,999.15",,"2,214.50","10,641.90",,"5,327.30",,,"4,236.95",,7.826,
2012-07-06,,"1,578.90",8.154,"3,983.65",,"2,190.35","10,655.35",,"5,316.95",,,"4,224.15",,7.803,
2012-07-07,,,8.157,,,,,,,,,,,7.803,
2012-07-08,,,8.157,,,,,,,,,,,7.803,
2012-07-09,,"1,589.10",8.148,"3,945.05",,"2,146.50","10,588.05",,"5,275.15",,,"4,184.15",,7.785,
2012-07-10,,"1,579.80",8.151,"4,006.50",,"2,182.50","10,751.55",,"5,345.35",,,"4,235.80",,7.792,
2012-07-11,,"1,575.70",8.142,"3,960.90",,"2,170.10","10,713.30",,"5,306.30",,,"4,210.65",,7.774,
2012-07-12,,"1,565.30",8.104,"3,921.55",,"2,155.70","10,616.30",,"5,235.25",,,"4,164.60",,7.749,
2012-07-13,,"1,592.00",8.096,"3,919.35",,"2,147.75","10,594.45",,"5,227.25",,,"4,156.75",,7.77,
2012-07-14,,,8.101,,,,,,,,,,,7.77,
2012-07-16,,"1,591.60",8.049,"3,888.80",,"2,132.55","10,568.20",,"5,197.25",,,"4,134.75",,7.739,
2012-07-17,,"1,589.50",8.09,"3,836.70",,"2,112.25","10,558.05",,"5,192.85",,,"4,123.05",,7.765,
2012-07-18,,"1,570.80",8.066,"3,861.55",,"2,119.95","10,607.10",,"5,216.30",,,"4,139.75",,7.778,
2012-07-19,,"1,580.40",8.085,"3,845.90",,"2,128.40","10,622.05",,"5,242.70",,,"4,157.30",,7.785,
2012-07-20,,"1,582.80",8.075,"3,856.65",,"2,124.85","10,481.60",,"5,205.10",,,"4,134.75",,7.78,
2012-07-21,,,8.079,,,,,,,,,,,7.78,
2012-07-23,,"1,577.40",8.066,"3,763.20",,"2,083.40","10,274.60",,"5,117.95",,,"4,069.05",,7.787,
2012-07-24,,"1,576.20",8.07,"3,758.55",,"2,089.00","10,299.00",,"5,128.20",,,"4,079.30",,7.813,
2012-07-25,,"1,608.10",8.101,"3,735.85",,"2,067.50","10,267.85",,"5,109.60",,,"4,062.40",,7.827,
2012-07-26,,"1,615.10",8.113,"3,701.15",,"2,014.75","10,083.80",,"5,043.00",,,"4,003.60",,7.815,
2012-07-27,,"1,618.00",8.119,"3,735.15",,"2,002.20","10,140.55",,"5,099.85",,,"4,028.25",,7.83,
2012-07-28,,,8.119,,,,,,,,,,,7.83,
2012-07-30,,"1,624.00",8.148,"3,818.20",,"2,046.75","10,412.15",,"5,199.80",,,"4,104.10",,7.836,
2012-07-31,,"1,614.60",8.245,"3,829.75",,"2,059.05","10,384.10",,"5,229.00",,,"4,126.45",,7.926,
2012-08-01,,"1,607.30",8.23,"3,823.50",,"2,081.20","10,419.90",,"5,240.50",,,"4,141.85",,7.946,
2012-08-02,,"1,590.70",8.219,"3,804.10",,"2,094.05","10,379.60",,"5,227.75",,,"4,138.90",,7.934,
2012-08-03,,"1,609.30",8.256,"3,778.70",,"2,085.50","10,315.60",,"5,215.70",,,"4,129.05",,7.944,
2012-08-04,,,8.256,,,,,,,,,,,7.944,
2012-08-05,,,8.256,,,,,,,,,,,7.944,
2012-08-06,,"1,616.20",8.222,"3,852.05",,"2,100.40","10,462.40",,"5,282.55",,,"4,172.45",,7.938,
2012-08-07,,"1,612.80",8.149,"3,910.55",,"2,109.50","10,591.95",,"5,336.70",,,"4,206.15",,7.926,
2012-08-08,,"1,616.00",8.138,"3,951.20",,"2,102.40","10,529.25",,"5,338.00",,,"4,201.60",,7.94,
2012-08-09,,"1,620.20",8.141,"3,969.25",,"2,089.65","10,445.90",,"5,322.95",,,"4,190.15",,7.954,
2012-08-10,,"1,622.80",8.164,"3,930.20",,"2,088.20","10,358.95",,"5,320.40",,,"4,186.95",,7.963,
2012-08-11,,,8.17,,,,,,,,,,,7.963,
2012-08-13,,"1,612.60",8.204,"3,924.65",,"2,110.90","10,401.30",,"5,347.90",,,"4,213.25",,7.991,
2012-08-14,,"1,602.40",8.219,"3,954.95",,"2,118.85","10,519.15",,"5,380.35",,,"4,234.50",,7.966,
2012-08-15,,"1,606.60",8.221,,,,,,,,,,,7.966,
2012-08-16,,"1,619.20",8.265,"3,988.45",,"2,113.70","10,426.75",,"5,362.95",,,"4,222.65",,8.0,
2012-08-17,,"1,619.40",8.237,"4,014.35",,"2,094.50","10,417.90",,"5,366.30",,,"4,223.70",,7.991,
2012-08-18,,,8.237,,,,,,,,,,,7.991,
2012-08-20,,"1,623.00",,,,,,,,,,,,,
2012-08-21,,"1,642.90",8.245,"4,067.70",,"2,101.60","10,469.50",,"5,421.00",,,"4,257.95",,7.986,
2012-08-22,,"1,640.50",8.221,"4,077.70",,"2,081.60","10,472.20",,"5,412.85",,,"4,249.65",,7.98,
2012-08-23,,"1,672.80",8.228,"4,042.25",,"2,077.00","10,457.70",,"5,415.35",,,"4,248.05",,7.962,
2012-08-24,,"1,672.90",8.207,"4,040.10",,"2,067.70","10,332.85",,"5,386.70",,,"4,226.00",,7.965,
2012-08-25,,,8.21,,,,,,,,,,,7.965,
2012-08-27,,"1,675.60",8.186,"4,024.60",,"2,040.05","10,150.40",,"5,350.25",,,"4,194.95",,7.972,
2012-08-28,,"1,669.70",8.174,"3,984.50",,"2,014.75","10,059.40",,"5,334.60",,,"4,176.35",,7.96,
2012-08-29,,"1,663.00",8.177,"3,927.20",,"1,998.25","10,011.90",,"5,287.80",,,"4,143.60",,7.975,
2012-08-30,,"1,657.10",8.194,"3,931.20",,"2,001.55","10,085.20",,"5,315.05",,,"4,162.95",,7.981,
2012-08-31,,"1,687.60",8.241,"3,889.25",,"1,994.30","9,990.50",,"5,258.50",,,"4,129.90",,8.012,
2012-09-01,,,8.241,,,,,,,,,,,8.012,
2012-09-03,,"1,696.00",8.215,"3,905.30",,"1,993.30","9,963.00",,"5,253.75",,,"4,128.10",,7.986,
2012-09-04,,,8.212,"3,931.00",,"2,006.55","10,020.65",,"5,274.00",,,"4,148.30",,7.98,
2012-09-05,,"1,694.00",8.179,"3,893.10",,"1,990.00","9,827.90",,"5,225.70",,,"4,115.35",,7.975,
2012-09-06,,"1,705.60",8.159,"3,915.80",,"2,002.30","9,893.15",,"5,238.40",,,"4,125.95",,7.969,
2012-09-07,,"1,740.50",8.2,"3,994.85",,"2,033.70","10,122.00",,"5,342.10",,,"4,195.75",,7.979,
2012-09-08,,,8.201,"4,014.30",,"2,042.00","10,147.05",,"5,358.70",,,"4,210.90",,7.979,
2012-09-10,,"1,731.80",8.177,"4,036.25",,"2,046.85","10,069.85",,"5,363.45",,,"4,217.85",,7.953,
2012-09-11,,"1,734.90",8.183,"4,030.00",,"2,054.05","10,135.90",,"5,390.00",,,"4,234.60",,7.947,
2012-09-12,,"1,733.70",8.198,"4,089.60",,"2,057.85","10,183.45",,"5,431.00",,,"4,260.25",,7.949,
2012-09-13,,"1,772.10",8.174,"4,078.80",,"2,033.65","10,207.80",,"5,435.35",,,"4,260.00",,7.909,
2012-09-14,,"1,772.70",8.177,"4,191.20",,"2,063.55","10,642.90",,"5,577.65",,,"4,348.80",,7.946,
2012-09-15,,,8.18,,,,,,,,,,,7.946,
2012-09-17,,"1,770.60",8.18,"4,264.25",,"2,116.10","10,981.65",,"5,610.00",,,"4,383.10",,7.94,
2012-09-18,,"1,771.20",8.165,"4,267.40",,"2,155.80","11,043.50",,"5,600.05",,,"4,390.85",,7.922,
2012-09-19,,"1,771.70",8.168,,,,,,,,,,,7.922,
2012-09-20,,"1,770.20",8.16,"4,248.55",,"2,134.05","10,920.80",,"5,554.25",,,"4,358.95",,7.916,
2012-09-21,,"1,778.00",8.165,"4,318.05",,"2,191.65","11,358.50",,"5,691.15",,,"4,456.15",,7.885,
2012-09-22,,,8.167,,,,,,,,,,,7.885,
2012-09-23,,,8.167,,,,,,,,,,,7.885,
2012-09-24,,"1,764.60",8.155,"4,352.25",,"2,198.40","11,423.50",,"5,669.60",,,"4,450.95",,7.858,
2012-09-25,,"1,766.40",8.168,"4,318.00",,"2,203.40","11,420.75",,"5,673.90",,,"4,460.40",,7.852,
2012-09-26,,"1,753.60",8.168,"4,302.65",,"2,210.90","11,427.25",,"5,663.45",,,"4,458.00",,7.853,
2012-09-27,,"1,780.50",8.162,"4,297.60",,"2,216.90","11,419.45",,"5,649.50",,,"4,458.15",,7.826,
2012-09-28,,"1,773.90",8.149,"4,369.55",,"2,252.45","11,456.80",,"5,703.30",,,"4,504.35",,7.815,
2012-09-29,,,8.152,,,,,,,,,,,7.815,
2012-10-01,,"1,783.30",8.161,"4,399.95",,"2,269.65","11,420.45",,"5,718.80",,,"4,522.95",,7.824,
2012-10-02,,"1,775.60",8.161,,,,,,,,,,,7.824,
2012-10-03,,"1,779.80",8.147,"4,390.65",,"2,286.75","11,414.95",,"5,731.25",,,"4,539.60",,7.811,
2012-10-04,,"1,796.50",8.149,"4,383.20",,"2,298.00","11,636.05",,"5,787.60",,,"4,579.40",,7.805,
2012-10-05,,"1,780.80",8.159,"4,406.95",,"2,275.55","11,511.40",,"5,746.95",,,"4,547.90",,7.829,
2012-10-06,,,8.162,,,,,,,,,,,7.829,
2012-10-08,,"1,775.70",8.149,"4,355.90",,"2,255.90","11,362.20",,"5,676.00",,,"4,499.85",,7.816,
2012-10-09,,"1,765.00",8.143,"4,347.65",,"2,271.65","11,446.10",,"5,704.60",,,"4,523.25",,7.795,
2012-10-10,,"1,765.10",8.155,"4,314.40",,"2,238.95","11,291.50",,"5,652.15",,,"4,477.30",,7.818,
2012-10-11,,"1,770.60",8.162,"4,337.85",,"2,287.35","11,431.30",,"5,708.05",,,"4,523.60",,7.805,
2012-10-12,,"1,759.70",8.169,"4,314.65",,"2,286.05","11,388.45",,"5,676.05",,,"4,506.15",,7.815,
2012-10-13,,,8.17,,,,,,,,,,,7.815,
2012-10-15,,"1,737.60",8.169,"4,303.15",,"2,287.05","11,441.80",,"5,687.25",,,"4,511.85",,7.823,
2012-10-16,,"1,746.30",8.152,"4,258.35",,"2,254.00","11,348.00",,"5,648.00",,,"4,480.45",,7.795,
2012-10-17,,"1,753.00",8.152,"4,278.40",,"2,251.40","11,358.25",,"5,660.25",,,"4,488.50",,7.803,
2012-10-18,,"1,744.70",8.135,"4,334.45",,"2,281.30","11,586.35",,"5,718.70",,,"4,535.20",,7.803,
2012-10-19,,"1,724.00",8.128,"4,297.40",,"2,258.20","11,491.20",,"5,684.25",,,"4,509.45",,7.812,
2012-10-20,,,8.129,,,,,,,,,,,7.812,
2012-10-22,,"1,726.30",8.132,"4,295.40",,"2,258.80","11,607.40",,"5,717.15",,,"4,528.45",,7.805,
2012-10-23,,"1,709.40",8.135,"4,263.45",,"2,239.60","11,578.15",,"5,691.40",,,"4,510.00",,7.806,
2012-10-24,,"1,701.60",8.137,,,,,,,,,,,7.806,
2012-10-25,,"1,713.00",8.128,"4,286.60",,"2,228.80","11,614.50",,"5,705.30",,,"4,518.40",,7.801,
2012-10-26,,"1,711.90",8.13,"4,323.50",,"2,199.00","11,509.15",,"5,664.30",,,"4,480.30",,7.801,
2012-10-29,,"1,708.70",8.133,"4,324.15",,"2,188.10","11,472.15",,"5,665.60",,,"4,475.00",,7.801,
2012-10-30,,"1,712.10",8.181,"4,263.70",,"2,162.00","11,203.00",,"5,597.90",,,"4,424.10",,7.831,
2012-10-31,,"1,719.10",8.215,"4,329.40",,"2,174.40","11,268.80",,"5,619.70",,,"4,448.85",,7.846,
2012-11-01,,"1,715.50",8.191,"4,427.65",,"2,207.10","11,315.05",,"5,645.05",,,"4,473.85",,7.847,
2012-11-02,,"1,675.20",8.197,"4,488.70",,"2,226.45","11,460.45",,"5,697.70",,,"4,510.25",,7.849,
2012-11-03,,,8.198,,,,,,,,,,,7.849,
2012-11-05,,"1,683.20",8.195,"4,463.85",,"2,208.50","11,475.15",,"5,704.20",,,"4,511.30",,7.85,
2012-11-06,,"1,715.00",8.183,"4,445.00",,"2,214.35","11,539.05",,"5,724.40",,,"4,528.30",,7.843,
2012-11-07,,"1,714.00",8.191,"4,478.00",,"2,238.80","11,665.50",,"5,760.10",,,"4,559.10",,7.828,
2012-11-08,,"1,726.00",8.191,"4,515.00",,"2,242.30","11,613.55",,"5,738.75",,,"4,548.95",,7.829,
2012-11-09,,"1,730.90",8.215,"4,495.25",,"2,219.80","11,475.60",,"5,686.25",,,"4,508.80",,7.853,
2012-11-10,,,8.215,,,,,,,,,,,7.853,
2012-11-12,,"1,730.90",8.211,"4,490.85",,"2,229.75","11,583.85",,"5,683.70",,,"4,519.25",,7.871,
2012-11-13,,"1,724.80",8.213,"4,478.55",,"2,233.80","11,533.90",,"5,666.95",,,"4,518.10",,7.871,
2012-11-14,,"1,730.10",,,,,,,,,,,,,
2012-11-15,,"1,713.80",8.19,"4,441.05",,"2,233.70","11,521.40",,"5,631.00",,,"4,497.00",,7.841,
2012-11-16,,"1,714.70",8.193,"4,374.10",,"2,200.05","11,335.50",,"5,574.05",,,"4,451.10",,7.859,
2012-11-17,,,8.193,,,,,,,,,,,7.859,
2012-11-19,,"1,734.40",8.191,"4,413.70",,"2,178.80","11,306.95",,"5,571.40",,,"4,437.25","4,444.98",7.852,
2012-11-20,,"1,723.60",8.201,"4,439.80",,"2,152.10","11,318.30",,"5,571.55",,,"4,428.40","4,413.13",7.845,
2012-11-21,,"1,728.20",8.208,"4,437.45",,"2,168.00","11,465.35",,"5,614.80",,,"4,458.45","4,445.09",7.853,
2012-11-22,,"1,751.40",8.226,"4,428.95",,"2,176.80","11,508.35",,"5,627.75",,,"4,471.80","4,483.01",7.861,
2012-11-23,,,8.23,"4,443.50",,"2,176.10","11,475.80",,"5,626.60",,,"4,474.15","4,496.31",7.864,
2012-11-24,,,8.23,,,,,,,,,,,7.864,
2012-11-26,,"1,749.60",8.204,"4,434.50",,"2,195.60","11,432.45",,"5,635.90",,,"4,493.60","4,549.45",7.826,
2012-11-27,,"1,742.30",8.191,"4,480.65",,"2,226.20","11,657.40",,"5,727.45",,,"4,562.40","4,615.09",7.819,
2012-11-28,,"1,716.50",8.191,,,,,,,,,,,7.819,
2012-11-29,,"1,729.50",8.206,"4,566.95",,"2,248.25","11,992.80",,"5,825.00",,,"4,631.90","4,655.09",7.835,
2012-11-30,,"1,712.70",8.175,"4,556.00",,"2,288.45","12,158.90",,"5,879.85",,,"4,675.25","4,679.31",7.83,
2012-12-01,,,8.177,,,,,,,,,,,7.83,
2012-12-03,,"1,721.10",8.174,"4,568.45",,"2,315.55","12,103.90",,"5,870.95",,,"4,685.05","4,717.59",7.839,
2012-12-04,,"1,695.80",8.171,"4,550.65",,"2,332.05","12,197.15",,"5,889.25",,,"4,701.45","4,758.05",7.839,
2012-12-05,,"1,693.80",8.171,"4,554.40",,"2,343.85","12,281.60",,"5,900.50",,,"4,712.10","4,731.56",7.832,
2012-12-06,,"1,701.80",8.17,"4,592.10",,"2,369.60","12,427.55",,"5,930.90",,,"4,740.20","4,744.27",7.833,
2012-12-07,,"1,705.50",8.159,"4,618.15",,"2,360.10","12,363.70",,"5,907.40",,,"4,724.25","4,723.16",7.835,
2012-12-10,,"1,714.40",8.172,"4,604.30",,"2,377.95","12,381.65",,"5,908.90",,,"4,731.90","4,725.71",7.836,
2012-12-11,,"1,709.60",8.178,"4,605.00",,"2,350.85","12,344.60",,"5,898.80",,,"4,716.25","4,715.11",7.829,
2012-12-12,,"1,717.90",8.177,"4,647.40",,"2,361.85","12,301.70",,"5,888.00",,,"4,709.85","4,726.27",7.83,
2012-12-13,,"1,696.80",8.158,"4,685.55",,"2,323.15","12,269.15",,"5,851.50",,,"4,674.05","4,688.03",7.822,
2012-12-14,,"1,697.00",8.142,"4,714.30",,"2,347.85","12,424.70",,"5,879.60",,,"4,698.80","4,710.48",7.833,
2012-12-15,,,8.142,,,,,,,,,,,7.833,
2012-12-17,,"1,698.20",8.14,"4,744.60",,"2,363.65","12,427.45",,"5,857.90",,,"4,693.95","4,721.95",7.826,
2012-12-18,,"1,670.70",8.148,"4,769.40",,"2,388.25","12,477.15",,"5,896.80",,,"4,727.85","4,775.06",7.834,
2012-12-19,,"1,667.70",8.154,"4,847.30",,"2,391.65","12,510.25",,"5,929.60",,,"4,755.30","4,822.37",7.835,
2012-12-20,,"1,645.90",8.154,"4,814.20",,"2,379.35","12,486.50",,"5,916.40",,,"4,746.40","4,830.11",7.836,
2012-12-21,,"1,660.10",8.143,"4,752.90",,"2,325.35","12,315.05",,"5,847.70",,,"4,686.90","4,749.30",7.839,
2012-12-22,,,8.143,,,,,,,,,,,7.839,
2012-12-23,,,8.143,,,,,,,,,,,7.839,
2012-12-24,,"1,659.50",8.129,"4,773.95",,"2,327.45","12,317.70",,"5,855.75",,,"4,695.00","4,778.29",7.832,
2012-12-25,,,8.131,,,,,,,,,,,7.832,
2012-12-26,,"1,660.70",8.112,"4,792.60",,"2,345.10","12,479.45",,"5,905.60",,,"4,731.60","4,787.04",7.841,
2012-12-27,,"1,663.70",8.111,"4,783.55",,"2,334.00","12,459.70",,"5,870.10",,,"4,706.35","4,752.37",7.834,
2012-12-28,,"1,655.90",8.106,"4,801.50",,"2,357.25","12,458.15",,"5,908.35",,,"4,738.30","4,767.38",7.827,
2012-12-29,,,8.107,,,,,,,,,,,7.827,
2012-12-30,,,8.107,,,,,,,,,,,7.827,
2012-12-31,,"1,675.80",8.049,"4,830.55",,"2,369.50","12,474.25",,"5,905.10",,,"4,743.45","4,790.81",7.812,
2013-01-01,,,7.994,"4,869.50",,"2,409.50","12,654.15",,"5,950.85",,,"4,786.20","4,832.55",7.788,
2013-01-02,,"1,688.80",7.993,"4,911.30",,"2,424.95","12,786.85",,"5,993.25",,,"4,818.90","4,858.16",7.78,
2013-01-03,,"1,674.60",7.967,"4,905.35",,"2,439.15","12,778.15",,"6,009.50",,,"4,835.70","4,876.54",7.773,
2013-01-04,,"1,648.90",7.93,"4,892.90",,"2,446.40","12,787.35",,"6,016.15",,,"4,844.00","4,866.44",7.75,
2013-01-05,,,7.933,,,,,,,,,,,7.75,
2013-01-07,,"1,646.30",7.9,"4,913.20",,"2,456.15","12,708.70",,"5,988.40",,,"4,831.45","4,850.33",7.734,
2013-01-08,,"1,662.20",7.906,"4,915.30",,"2,465.30","12,725.50",,"6,001.70",,,"4,837.95","4,857.32",7.734,
2013-01-09,,"1,655.50",7.897,"4,951.75",,"2,446.85","12,718.00",,"5,971.50",,,"4,815.75","4,855.66",7.744,
2013-01-10,,"1,678.00",7.877,"4,970.90",,"2,437.40","12,802.25",,"5,968.65",,,"4,809.20","4,863.92",7.77,
2013-01-11,,"1,660.60",7.866,"4,908.35",,"2,395.20","12,617.85",,"5,951.30",,,"4,778.15","4,797.40",7.755,
2013-01-13,,,7.869,,,,,,,,,,,7.755,
2013-01-14,,"1,669.40",7.8,"4,882.10",,"2,446.00","12,758.75",,"6,024.05",,,"4,836.70","4,839.34",7.756,
2013-01-15,,"1,683.90",7.832,"4,903.25",,"2,449.90","12,855.40",,"6,056.60",,,"4,858.90","4,851.38",7.734,
2013-01-16,,"1,683.20",7.881,"4,784.05",,"2,404.00","12,638.50",,"6,001.85",,,"4,807.55","4,808.26",7.753,
2013-01-17,,"1,690.80",7.837,"4,806.60",,"2,417.50","12,649.60",,"6,039.20",,,"4,831.35","4,818.50",7.735,
2013-01-18,,"1,687.00",7.861,"4,778.25",,"2,412.65","12,680.00",,"6,064.40",,,"4,844.05","4,816.08",7.779,
2013-01-21,,"1,693.20",7.861,"4,765.10",,"2,428.35","12,651.35",,"6,082.30",,,"4,856.00","4,853.26",7.766,
2013-01-22,,,7.849,"4,739.30",,"2,395.25","12,574.35",,"6,048.50",,,"4,822.35","4,815.43",7.724,
2013-01-23,,"1,686.70",7.864,"4,699.60",,"2,362.90","12,635.20",,"6,054.30",,,"4,814.80","4,785.37",7.748,
2013-01-24,,"1,669.90",7.885,"4,579.90",,"2,279.10","12,561.40",,"6,019.35",,,"4,763.85","4,695.57",7.703,
2013-01-25,,"1,656.60",7.885,"4,679.05",,"2,348.70","12,693.25",,"6,074.65",,,"4,816.45","4,783.50",7.703,
2013-01-28,,"1,652.90",7.863,"4,723.25",,"2,343.30","12,781.35",,"6,074.80",,,"4,818.30","4,799.86",7.703,
2013-01-29,,"1,660.80",7.847,"4,680.80",,"2,315.05","12,722.80",,"6,049.90",,,"4,794.80","4,779.06",7.704,
2013-01-30,,"1,681.60",7.891,"4,658.55",,"2,304.20","12,767.50",,"6,055.75",,,"4,797.15","4,787.94",7.751,
2013-01-31,,"1,662.00",7.912,"4,649.90",,"2,324.85","12,708.60",,"6,034.75",,,"4,795.30","4,805.41",7.747,
2013-02-01,,"1,670.60",7.905,"4,591.05",,"2,315.85","12,606.25",,"5,998.90",,,"4,775.90","4,815.25",7.758,
2013-02-04,,"1,676.40",7.937,"4,628.15",,"2,280.40","12,548.35",,"5,987.25",,,"4,759.25","4,796.89",7.768,
2013-02-05,,"1,673.50",7.923,"4,611.95",,"2,256.35","12,467.75",,"5,956.90",,,"4,733.60","4,768.94",7.754,
2013-02-06,,"1,678.80",7.907,"4,605.50",,"2,265.90","12,417.70",,"5,959.20",,,"4,738.10","4,796.12",7.755,
2013-02-07,,"1,671.30",7.878,"4,615.10",,"2,248.80","12,349.30",,"5,938.80",,,"4,713.25","4,749.83",7.732,
2013-02-08,,"1,666.90",7.843,"4,566.05",,"2,226.80","12,280.15",,"5,903.50",,,"4,682.55","4,713.18",7.733,
2013-02-09,,,7.844,,,,,,,,,,,7.733,
2013-02-11,,"1,649.10",7.858,"4,571.20",,"2,225.75","12,333.00",,"5,897.85",,,"4,677.85",,7.748,
2013-02-12,,"1,649.60",7.867,"4,611.75",,"2,203.30","12,405.25",,"5,922.50",,,"4,690.30","4,703.39",7.753,
2013-02-13,,"1,645.10",7.844,"4,628.00",,"2,178.85","12,385.10",,"5,932.95",,,"4,688.45","4,659.90",7.725,
2013-02-14,,"1,635.50",7.818,"4,567.15",,"2,139.80","12,311.30",,"5,896.95",,,"4,650.35","4,620.22",7.735,
2013-02-15,,"1,609.50",7.832,"4,585.35",,"2,152.25","12,336.55",,"5,887.40",,,"4,647.25","4,635.80",7.756,
2013-02-17,,,7.832,,,,,,,,,,,7.756,
2013-02-18,,"1,604.20",7.824,"4,586.20",,"2,169.05","12,347.20",,"5,898.20",,,"4,659.60","4,641.29",7.738,
2013-02-19,,,7.827,"4,627.90",,"2,202.40","12,413.65",,"5,939.70",,,"4,697.10","4,711.20",7.738,
2013-02-20,,"1,578.00",7.804,"4,619.65",,"2,200.25","12,363.70",,"5,943.05",,,"4,698.35","4,718.20",7.715,
2013-02-21,,"1,578.60",7.812,"4,550.80",,"2,138.65","12,055.50",,"5,852.25",,,"4,621.75",,7.715,
2013-02-22,,"1,572.80",7.799,"4,526.80",,"2,145.40","12,068.95",,"5,850.30",,,"4,621.80","4,654.09",7.717,
2013-02-25,,"1,586.60",7.798,"4,563.65",,"2,120.05","12,037.30",,"5,854.75",,,"4,611.65","4,628.14",7.732,
2013-02-26,,"1,615.50",7.816,"4,436.05",,"2,079.45","11,844.85",,"5,761.35",,,"4,537.10","4,539.48",7.737,
2013-02-27,,"1,595.70",7.798,"4,469.55",,"2,102.25","11,930.50",,"5,796.90",,,"4,568.20","4,572.51",7.738,
2013-02-28,,"1,578.10",7.872,"4,424.80",,"2,011.55","11,487.35",,"5,693.05",,,"4,477.50","4,485.48",7.769,
2013-03-01,,"1,572.30",7.908,"4,481.60",,"2,043.45","11,540.05",,"5,719.70",,,"4,499.75","4,492.33",7.781,
2013-03-04,,"1,572.40",7.885,"4,454.25",,"1,999.90","11,575.60",,"5,698.50",,,"4,470.15","4,431.49",7.786,
2013-03-05,,"1,574.90",7.871,"4,531.05",,"2,046.10","11,792.05",,"5,784.25",,,"4,539.00","4,515.60",7.787,
2013-03-06,,"1,574.90",7.86,"4,546.60",,"2,071.80","11,876.20",,"5,818.60",,,"4,570.45","4,562.02",7.768,
2013-03-07,,"1,575.10",7.862,"4,578.00",,"2,086.80","11,970.25",,"5,863.30",,,"4,601.55","4,605.22",7.774,
2013-03-08,,"1,576.90",7.839,"4,601.25",,"2,110.30","12,197.25",,"5,945.70",,,"4,660.65","4,664.96",7.766,
2013-03-11,,"1,578.00",7.84,"4,578.85",,"2,112.15","12,165.40",,"5,942.35",,,"4,661.25","4,675.44",7.747,
2013-03-12,,"1,591.70",7.888,"4,584.60",,"2,093.45","12,054.50",,"5,914.10",,,"4,636.90","4,649.73",7.772,
2013-03-13,,"1,588.40",7.903,"4,520.85",,"2,067.35","11,777.50",,"5,851.20",,,"4,585.00","4,587.53",7.758,
2013-03-14,,"1,590.70",7.865,"4,534.75",,"2,103.15","12,020.75",,"5,908.95",,,"4,625.75","4,610.13",7.714,
2013-03-15,,"1,592.60",7.861,"4,498.60",,"2,078.70","11,816.55",,"5,872.60",,,"4,598.20","4,609.69",7.701,
2013-03-17,,,7.863,,,,,,,,,,,7.701,
2013-03-18,,"1,604.60",7.884,"4,438.55",,"2,063.65","11,735.50",,"5,835.25",,,"4,572.65","4,600.37",7.721,
2013-03-19,,"1,611.30",7.903,"4,375.45",,"2,014.70","11,508.05",,"5,745.95",,,"4,500.85","4,544.36",7.742,
2013-03-20,,"1,607.50",7.922,"4,373.20",,"1,957.15","11,254.85",,"5,694.40",,,"4,446.05","4,481.11",7.773,
2013-03-21,,"1,613.80",7.933,"4,283.10",,"1,916.65","11,238.35",,"5,658.75",,,"4,413.50","4,451.94",7.784,
2013-03-22,,"1,606.10",7.961,"4,284.95",,"1,912.10","11,204.05",,"5,651.35",,,"4,404.50","4,403.62",7.806,
2013-03-25,,"1,604.50",7.948,"4,247.90",,"1,897.90","11,125.65",,"5,633.85",,,"4,390.30","4,395.17",7.797,
2013-03-26,,"1,595.70",7.99,"4,258.65",,"1,880.20","11,163.45",,"5,641.60",,,"4,394.60","4,397.19",7.808,
2013-03-27,,"1,607.20",7.99,,,,,,,,,,,7.808,
2013-03-28,,"1,595.70",7.951,"4,224.60",,"1,933.00","11,361.85",,"5,682.55",,,"4,438.35","4,475.11",7.745,
2013-03-29,,,7.96,,,,,,,,,,,7.745,
2013-04-01,,"1,600.90",,"4,195.00",,"1,964.25","11,425.55",,"5,704.40",,,"4,465.60","4,524.55",,
2013-04-02,,"1,575.90",7.993,"4,210.85",,"2,012.80","11,523.40",,"5,748.10",,,"4,508.80","4,566.96",7.69,
2013-04-03,,"1,553.50",7.964,"4,111.50",,"1,987.45","11,344.10",,"5,672.90",,,"4,457.20","4,547.16",7.716,
2013-04-04,,"1,552.40",7.962,"4,092.90",,"1,947.40","11,126.25",,"5,574.75",,,"4,378.65","4,443.61",7.722,
2013-04-05,,"1,575.90",7.931,"4,116.45",,"1,947.00","11,098.95",,"5,553.25",,,"4,366.65","4,433.94",7.709,
2013-04-08,,"1,572.50",7.91,"4,134.10",,"1,946.55","11,012.65",,"5,542.95",,,"4,361.15","4,447.07",7.694,
2013-04-09,,"1,586.70",7.882,"4,140.15",,"1,925.55","10,929.15",,"5,495.10",,,"4,323.40","4,397.42",7.634,
2013-04-10,,"1,558.80",7.899,"4,174.50",,"1,951.70","11,122.25",,"5,558.70",,,"4,366.45","4,431.55",7.645,
2013-04-11,,"1,564.90",7.9,"4,206.90",,"1,950.80","11,306.50",,"5,594.00",,,"4,388.05","4,452.04",7.645,
2013-04-12,,"1,501.40",7.869,"4,180.55",,"1,966.80","11,410.10",,"5,528.55",,,"4,352.75","4,408.95",7.611,
2013-04-15,,"1,361.10",7.831,"4,143.10",,"1,968.10","11,526.25",,"5,568.40",,,"4,376.05","4,419.68",7.596,
2013-04-16,,"1,387.40",7.823,"4,245.05",,"2,011.80","11,871.60",,"5,688.95",,,"4,457.55","4,446.62",7.566,
2013-04-17,,"1,382.70",7.803,"4,298.20",,"2,019.65","11,981.05",,"5,688.70",,,"4,461.75","4,504.72",7.515,
2013-04-18,,"1,392.50",7.777,"4,397.75",,"2,043.20","12,288.25",,"5,783.10",,,"4,526.80","4,518.87",7.523,
2013-04-19,,"1,395.60",7.782,,,,,,,,,,,7.523,
2013-04-22,,"1,421.20",7.753,"4,423.60",,"2,087.85","12,576.20",,"5,834.40",,,"4,574.40","4,567.31",7.508,
2013-04-23,,"1,408.80",7.734,"4,424.30",,"2,076.55","12,543.40",,"5,836.90",,,"4,572.40","4,577.19",7.498,
2013-04-24,,"1,423.70",7.739,,,,,,,,,,,7.498,
2013-04-25,,"1,462.00",7.773,"4,542.10",,"2,085.95","12,726.85",,"5,916.30",,,"4,624.30","4,591.31",7.473,
2013-04-26,,"1,453.60",7.743,"4,574.75",,"2,060.65","12,533.15",,"5,871.45",,,"4,591.65","4,555.58",7.5,
2013-04-29,,"1,467.40",7.762,"4,605.15",,"2,095.35","12,609.15",,"5,904.10",,,"4,620.90","4,586.90",7.496,
2013-04-30,,"1,472.10",7.731,"4,632.45",,"2,089.20","12,561.55",,"5,930.20",,,"4,641.75","4,628.60",7.45,
2013-05-01,,"1,446.20",7.731,,,,,,,,,,,7.45,
2013-05-02,,"1,467.60",7.723,"4,647.70",,"2,123.20","12,709.95",,"5,999.35",,,"4,695.05","4,686.21",7.434,
2013-05-03,,"1,464.20",7.735,"4,589.35",,"2,117.60","12,393.60",,"5,944.00",,,"4,659.10","4,682.85",7.451,
2013-05-06,,"1,468.00",7.749,"4,658.20",,"2,148.85","12,396.40",,"5,971.05",,,"4,685.60","4,741.96",7.452,
2013-05-07,,"1,448.80",7.743,"4,705.70",,"2,166.90","12,631.50",,"6,043.55",,,"4,737.55","4,779.95",7.473,
2013-05-08,,"1,473.70",7.694,"4,687.10",,"2,156.55","12,643.05",,"6,069.30",,,"4,754.45","4,823.39",7.479,
2013-05-09,,"1,468.60",7.605,"4,675.65",,"2,136.25","12,596.30",,"6,050.15",,,"4,737.70","4,796.00",7.401,
2013-05-10,,"1,436.60",7.586,"4,776.75",,"2,140.45","12,752.30",,"6,094.75",,,"4,769.20","4,792.65",7.397,
2013-05-11,,,,"4,771.20",,"2,147.00","12,780.15",,"6,107.25",,,"4,779.75","4,822.42",,
2013-05-13,,"1,434.30",7.585,"4,675.00",,"2,096.70","12,568.85",,"5,980.45",,,"4,689.75","4,780.28",7.376,
2013-05-14,,"1,424.50",7.472,"4,675.90",,"2,102.95","12,583.60",,"5,995.40",,,"4,702.50",,7.308,
2013-05-15,,"1,396.20",7.457,"4,788.30",,"2,151.00","13,077.90",,"6,146.75",,,"4,810.95","4,842.35",7.292,
2013-05-16,,"1,386.90",7.391,"4,765.10",,"2,155.70","13,239.45",,"6,169.90",,,"4,830.25","4,852.61",7.271,
2013-05-17,,"1,364.70",7.404,"4,761.00",,"2,171.90","13,317.10",,"6,187.30",,,"4,847.10","4,848.45",7.272,
2013-05-20,,"1,384.10",7.338,"4,802.85",,"2,160.70","13,181.50",,"6,156.90",,,"4,821.95","4,827.35",7.272,
2013-05-21,,"1,377.60",7.351,"4,729.80",,"2,136.10","13,066.50",,"6,114.10",,,"4,788.20","4,796.92",7.246,
2013-05-22,,"1,367.40",7.365,"4,711.85",,"2,102.35","13,008.25",,"6,094.50",,,"4,766.85",,7.262,
2013-05-23,,"1,391.80",7.382,"4,637.60",,"2,046.35","12,636.50",,"5,967.05",,,"4,668.20","4,667.22",7.3,
2013-05-24,,"1,386.60",7.341,"4,645.00",,"2,064.60","12,769.35",,"5,983.55",,,"4,685.60","4,694.80",7.236,
2013-05-25,,,7.341,,,,,,,,,,,7.236,
2013-05-27,,"1,378.90",7.335,"4,669.35",,"2,092.45","12,961.55",,"6,083.15",,,"4,756.40","4,735.56",7.231,
2013-05-28,,,7.356,"4,736.15",,"2,101.40","12,950.00",,"6,111.25",,,"4,777.05","4,726.41",7.232,
2013-05-29,,"1,391.30",7.39,"4,752.25",,"2,076.25","12,853.20",,"6,104.30",,,"4,766.65","4,721.41",7.28,
2013-05-30,,"1,412.00",7.441,"4,855.40",,"2,073.35","12,805.90",,"6,124.05",,,"4,774.00","4,725.26",7.339,
2013-05-31,,"1,393.00",7.443,"4,769.05",,"2,023.75","12,475.65",,"5,985.95",,,"4,681.45","4,679.85",7.324,
2013-06-03,,"1,411.90",7.244,"4,726.70",,"2,034.75","12,402.10",,"5,939.30",,,"4,659.30","4,689.54",7.325,
2013-06-04,,"1,397.20",7.192,"4,706.75",,"2,042.05","12,275.10",,"5,919.45",,,"4,652.55","4,707.82",7.303,
2013-06-05,,"1,398.50",7.208,"4,713.30",,"2,058.90","12,289.35",,"5,923.85",,,"4,656.50","4,696.19",7.331,
2013-06-06,,"1,415.80",7.212,"4,713.15",,"2,066.75","12,398.40",,"5,921.40",,,"4,653.40","4,684.16",7.304,
2013-06-07,,"1,383.00",7.242,"4,646.10",,"2,035.20","12,231.50",,"5,881.00",,,"4,621.10","4,666.67",7.321,
2013-06-08,,,7.242,,,,,,,,,,,7.321,
2013-06-10,,"1,386.00",7.278,"4,619.60",,"1,998.80","12,087.05",,"5,878.00",,,"4,604.40","4,626.84",7.36,
2013-06-11,,"1,377.00",7.302,"4,564.55",,"1,958.20","11,820.50",,"5,788.80",,,"4,529.85","4,553.73",7.41,
2013-06-12,,"1,392.00",7.291,"4,535.45",,"1,950.25","11,814.85",,"5,760.20",,,"4,502.20","4,496.66",7.443,
2013-06-13,,"1,377.80",7.331,"4,419.35",,"1,904.40","11,686.75",,"5,699.10",,,"4,447.40","4,436.56",7.455,
2013-06-14,,"1,387.60",7.314,"4,543.20",,"1,930.35","11,922.85",,"5,808.40",,,"4,525.95","4,493.42",7.384,
2013-06-16,,,7.317,,,,,,,,,,,7.384,
2013-06-17,,"1,383.10",7.255,"4,625.95",,"1,943.20","11,971.05",,"5,850.05",,,"4,557.50","4,546.24",7.345,
2013-06-18,,"1,366.90",7.279,"4,617.90",,"1,959.30","11,820.95",,"5,813.60",,,"4,540.70","4,563.33",7.389,
2013-06-19,,"1,374.00",7.263,"4,591.05",,"1,976.40","11,852.65",,"5,822.25",,,"4,552.70","4,564.84",7.384,
2013-06-20,,"1,286.20",7.393,"4,512.70",,"1,921.95","11,375.40",,"5,655.90",,,"4,429.65","4,484.89",7.534,
2013-06-21,,"1,292.00",7.433,"4,505.65",,"1,886.30","11,340.15",,"5,667.65",,,"4,420.15","4,439.71",7.557,
2013-06-23,,,7.436,,,,,,,,,,,7.557,
2013-06-24,,"1,277.10",7.518,"4,439.75",,"1,837.30","11,178.30",,"5,590.25",,,"4,345.60","4,317.98",7.641,
2013-06-25,,"1,275.10",7.497,"4,457.05",,"1,835.00","11,181.05",,"5,609.10",,,"4,350.10","4,287.60",7.608,
2013-06-26,,"1,229.80",7.579,"4,379.90",,"1,826.35","11,066.55",,"5,588.70",,,"4,335.50","4,265.07",7.748,
2013-06-27,,"1,211.60",7.557,"4,404.55",,"1,833.20","11,235.75",,"5,682.35",,,"4,393.90","4,296.28",7.71,
2013-06-28,,"1,223.70",7.439,"4,539.45",,"1,891.65","11,617.25",,"5,842.20",,,"4,510.90","4,358.85",7.582,
2013-07-01,,"1,255.70",7.455,"4,630.15",,"1,953.05","11,714.90",,"5,898.85",,,"4,572.05","4,468.11",7.638,
2013-07-02,,"1,243.40",7.464,"4,589.35",,"1,933.30","11,614.25",,"5,857.55",,,"4,542.80","4,456.62",7.661,
2013-07-03,,"1,251.90",7.502,"4,556.75",,"1,878.85","11,357.80",,"5,770.90",,,"4,473.35","4,417.82",7.685,
2013-07-04,,"1,212.70",7.419,"4,588.25",,"1,894.80","11,381.20",,"5,836.95",,,"4,517.70","4,458.78",7.606,
2013-07-05,,,7.497,"4,593.20",,"1,900.55","11,434.30",,"5,867.90",,,"4,535.80","4,450.63",7.675,
2013-07-08,,"1,234.90",7.572,"4,524.60",,"1,909.40","11,283.30",,"5,811.55",,,"4,501.25","4,464.40",7.744,
2013-07-09,,"1,245.90",7.548,"4,535.10",,"1,934.35","11,442.45",,"5,859.00",,,"4,539.95","4,491.75",7.682,
2013-07-10,,"1,247.40",7.522,"4,470.65",,"1,920.90","11,364.45",,"5,816.70",,,"4,511.40","4,477.45",7.677,
2013-07-11,,"1,279.90",7.47,"4,489.80",,"1,940.80","11,655.30",,"5,935.10",,,"4,586.45","4,495.68",7.695,
2013-07-12,,"1,277.60",7.535,"4,492.95",,"1,946.75","11,722.80",,"6,009.00",,,"4,630.95","4,512.33",7.737,
2013-07-15,,"1,283.50",7.55,"4,515.00",,"1,972.00","11,790.25",,"6,030.80",,,"4,655.70","4,566.72",7.726,
2013-07-16,,"1,290.40",8.068,"4,485.55",,"1,932.55","11,226.15",,"5,955.25",,,"4,596.50","4,514.96",8.83,
2013-07-17,,"1,277.50",8.052,"4,449.75",,"1,907.60","10,971.60",,"5,973.30",,,"4,597.70","4,487.91",8.526,
2013-07-18,,"1,284.20",7.987,"4,462.30",,"1,938.15","11,187.70",,"6,038.05",,,"4,647.55","4,522.56",8.205,
2013-07-19,,"1,292.90",7.939,"4,536.50",,"1,928.15","10,973.90",,"6,029.20",,,"4,632.75","4,494.81",8.302,
2013-07-22,,"1,336.00",8.087,"4,584.60",,"1,934.30","11,086.95",,"6,031.80",,,"4,631.10","4,490.32",8.398,
2013-07-23,,"1,334.70",8.175,"4,600.10",,"1,941.80","11,239.70",,"6,077.80",,,"4,660.75","4,487.34",8.625,
2013-07-24,,"1,319.50",8.424,"4,536.35",,"1,910.55","10,720.15",,"5,990.50",,,"4,588.25","4,430.44",8.776,
2013-07-25,,"1,328.80",8.193,"4,547.55",,"1,892.25","10,614.00",,"5,907.50",,,"4,531.80","4,397.18",8.958,
2013-07-26,,"1,321.50",8.162,"4,527.75",,"1,880.80","10,465.25",,"5,886.20",,,"4,507.25","4,351.06",8.916,
2013-07-29,,"1,328.40",8.129,"4,535.40",,"1,862.55","10,331.00",,"5,831.65",,,"4,459.90","4,280.44",9.027,
2013-07-30,,"1,324.80",8.255,"4,441.40",,"1,807.75","10,209.55",,"5,755.05",,,"4,390.35","4,211.21",9.1,
2013-07-31,,"1,313.00",8.172,"4,474.00",,"1,830.00","10,015.75",,"5,742.00",,,"4,379.65","4,201.54",9.121,
2013-08-01,,"1,311.20",8.065,"4,411.55",,"1,785.10","10,142.95",,"5,727.85",,,"4,354.00","4,182.08",8.941,
2013-08-02,,"1,310.50",8.283,"4,390.35",,"1,746.35","9,997.80",,"5,677.90",,,"4,314.95","4,143.15",9.04,
2013-08-05,,"1,302.40",8.201,"4,369.45",,"1,759.65","10,094.90",,"5,685.40",,,"4,323.35","4,130.98",8.915,
2013-08-06,,"1,282.50",8.198,"4,329.75",,"1,712.60","9,703.10",,"5,542.25",,,"4,214.15","4,024.25",8.996,
2013-08-07,,"1,285.30",8.138,"4,268.75",,"1,745.50","9,757.25",,"5,519.10",,,"4,213.85","4,016.42",9.029,
2013-08-08,,"1,309.90",8.125,"4,344.75",,"1,769.45","9,816.40",,"5,565.65",,,"4,250.35","4,049.47",9.027,
2013-08-09,,"1,312.20",8.126,,,,,,,,,,,9.027,
2013-08-10,,,8.126,,,,,,,,,,,9.027,
2013-08-11,,,8.126,,,,,,,,,,,9.027,
2013-08-12,,"1,334.20",8.297,"4,384.35",,"1,802.15","9,711.40",,"5,612.40",,,"4,293.20","4,146.33",9.122,
2013-08-13,,"1,320.50",8.398,"4,480.60",,"1,840.65","9,985.65",,"5,699.30",,,"4,360.65","4,231.17",9.186,
2013-08-14,,"1,333.40",8.499,"4,622.45",,"1,851.35","10,026.40",,"5,742.30",,,"4,392.05","4,289.62",9.13,
2013-08-15,,"1,360.90",8.502,,,,,,,,,,,9.13,
2013-08-16,,"1,371.00",8.884,"4,512.60",,"1,768.25","9,450.85",,"5,507.85",,,"4,224.30","4,152.32",9.45,
2013-08-19,,"1,365.70",9.228,"4,368.55",,"1,751.10","9,145.00",,"5,414.75",,,"4,151.95","4,059.06",9.862,
2013-08-20,,"1,372.60",8.903,"4,274.20",,"1,763.10","9,218.95",,"5,401.45",,,"4,138.40","4,002.63",9.412,
2013-08-21,,"1,370.10",8.408,"4,210.20",,"1,712.35","9,264.40",,"5,302.55",,,"4,069.45","3,945.73",9.24,
2013-08-22,,"1,370.80",8.234,"4,281.75",,"1,761.10","9,268.90",,"5,408.45",,,"4,136.10","3,957.94",9.105,
2013-08-23,,"1,395.80",8.264,"4,355.45",,"1,783.45","9,470.10",,"5,471.75",,,"4,183.65","4,018.22",9.095,
2013-08-26,,"1,393.10",8.339,"4,357.75",,"1,793.65","9,373.55",,"5,476.50",,,"4,194.50","4,057.90",9.054,
2013-08-27,,"1,420.20",8.785,"4,244.35",,"1,742.75","8,870.50",,"5,287.45",,,"4,060.70","3,948.07",9.214,
2013-08-28,,"1,418.80",8.961,"4,249.40",,"1,739.05","8,760.85",,"5,285.00",,,"4,047.70","3,896.54",9.483,
2013-08-29,,"1,412.90",8.769,"4,347.00",,"1,765.95","8,904.60",,"5,409.05",,,"4,132.80","3,985.61",9.41,
2013-08-30,,"1,396.10",8.596,"4,345.60",,"1,769.55","9,049.20",,"5,471.80",,,"4,175.85","4,019.00",9.27,
2013-09-01,,,8.602,,,,,,,,,,,9.27,
2013-09-02,,"1,412.00",8.463,"4,354.55",,"1,807.20","9,139.50",,"5,550.75",,,"4,235.25","4,098.64",9.209,
2013-09-03,,,8.58,"4,291.40",,"1,756.90","8,664.20",,"5,341.45",,,"4,092.90","4,042.48",9.27,
2013-09-04,,"1,390.00",8.386,"4,398.95",,"1,783.20","8,845.75",,"5,448.10",,,"4,164.50","4,107.02",9.184,
2013-09-05,,"1,373.00",8.418,"4,443.00",,"1,817.15","9,682.40",,"5,592.95",,,"4,264.05","4,183.69",8.977,
2013-09-06,,"1,386.50",8.631,"4,432.85",,"1,821.90","9,961.40",,"5,680.40",,,"4,319.40","4,218.13",9.007,
2013-09-07,,,8.631,,,,,,,,,,,9.007,
2013-09-08,,,8.631,,,,,,,,,,,9.007,
2013-09-09,,"1,386.70",8.631,,,,,,,,,,,9.007,
2013-09-10,,"1,364.00",8.473,"4,697.95",,"1,843.70","10,188.25",,"5,896.75",,,"4,463.55","4,328.70",8.939,
2013-09-11,,"1,363.80",8.464,"4,706.10",,"1,876.95","10,369.10",,"5,913.15",,,"4,489.45","4,382.84",8.884,
2013-09-12,,"1,330.60",8.5,"4,627.75",,"1,859.50","10,158.55",,"5,850.70",,,"4,445.95","4,350.94",8.951,
2013-09-13,,"1,308.60",8.487,"4,662.05",,"1,877.10","10,180.45",,"5,850.60",,,"4,450.45","4,337.36",8.926,
2013-09-15,,,8.492,,,,,,,,,,,8.926,
2013-09-16,,"1,317.80",8.429,"4,683.10",,"1,864.10","10,368.40",,"5,840.55",,,"4,440.90","4,316.11",8.878,
2013-09-17,,"1,309.40",8.438,"4,713.45",,"1,868.60","10,279.60",,"5,850.20",,,"4,444.50","4,298.78",8.835,
2013-09-18,,"1,307.60",8.372,"4,716.75",,"1,874.55","10,447.85",,"5,899.45",,,"4,478.35","4,365.33",8.773,
2013-09-19,,"1,369.30",8.193,"4,847.25",,"1,945.55","11,148.65",,"6,115.55",,,"4,627.85","4,464.11",8.583,
2013-09-20,,"1,332.50",8.578,"4,773.45",,"1,931.90","10,686.80",,"6,012.10",,,"4,560.10","4,423.46",8.816,
2013-09-22,,,8.576,,,,,,,,,,,8.816,
2013-09-23,,"1,327.00",8.851,"4,714.40",,"1,905.90","10,211.70",,"5,889.75",,,"4,482.00","4,401.92",8.786,
2013-09-24,,"1,316.30",8.839,"4,769.75",,"1,916.05","10,175.90",,"5,892.45",,,"4,484.10","4,420.22",8.775,
2013-09-25,,"1,336.20",8.786,"4,769.15",,"1,922.10","10,081.70",,"5,873.85",,,"4,477.05","4,430.75",8.738,
2013-09-26,,"1,324.10",8.718,"4,766.65",,"1,915.00","10,098.25",,"5,882.25",,,"4,482.30","4,416.50",8.689,
2013-09-27,,"1,339.20",8.71,"4,748.75",,"1,910.55","9,899.75",,"5,833.20",,,"4,455.95","4,436.55",8.67,
2013-09-29,,,8.71,,,,,,,,,,,8.67,
2013-09-30,,"1,327.00",8.766,"4,681.95",,"1,884.35","9,617.80",,"5,735.30",,,"4,392.05","4,415.82",8.653,
2013-10-01,,"1,286.10",8.728,"4,727.10",,"1,908.15","9,883.30",,"5,780.05",,,"4,422.90","4,440.30",8.605,
2013-10-02,,"1,320.70",8.735,,,,,,,,,,,8.605,
2013-10-03,,"1,317.60",8.635,"4,843.55",,"1,953.35","10,222.95",,"5,909.70",,,"4,512.65","4,502.67",8.548,
2013-10-04,,"1,309.90",8.613,"4,887.60",,"1,952.70","10,197.15",,"5,907.30",,,"4,516.15","4,515.02",8.509,
2013-10-07,,"1,325.10",8.683,"4,888.20",,"1,975.00","10,082.10",,"5,906.15",,,"4,522.80","4,537.39",8.498,
2013-10-08,,"1,324.60",8.496,"4,889.70",,"1,977.20","10,141.45",,"5,928.40",,,"4,536.45","4,535.27",8.276,
2013-10-09,,"1,307.20",8.455,"4,917.00",,"1,996.45","10,334.95",,"6,007.45",,,"4,592.45","4,611.78",8.298,
2013-10-10,,"1,296.90",8.421,"5,006.30",,"1,999.20","10,288.95",,"6,020.95",,,"4,607.50","4,650.21",8.306,
2013-10-11,,"1,268.20",8.489,"5,099.45",,"2,003.50","10,622.15",,"6,096.20",,,"4,651.80","4,653.17",8.405,
2013-10-14,,"1,276.60",8.575,"5,116.05",,"2,015.45","10,665.25",,"6,112.70",,,"4,665.95","4,670.41",8.4,
2013-10-15,,"1,273.20",8.66,"5,085.90",,"1,986.00","10,389.25",,"6,089.05",,,"4,639.50","4,622.48",8.511,
2013-10-16,,"1,282.30",8.663,,,,,,,,,,,8.511,
2013-10-17,,"1,323.00",8.602,"5,024.95",,"1,981.20","10,336.55",,"6,045.85",,,"4,612.05","4,583.00",8.433,
2013-10-18,,"1,314.60",8.552,"5,091.95",,"2,022.25","10,744.90",,"6,189.35",,,"4,706.90","4,622.68",8.399,
2013-10-21,,"1,315.80",8.604,"5,122.85",,"2,053.60","10,797.55",,"6,204.95",,,"4,731.00","4,653.27",8.421,
2013-10-22,,"1,342.60",8.606,"5,099.90",,"2,066.70","10,809.10",,"6,202.80",,,"4,738.35","4,693.95",8.396,
2013-10-23,,"1,334.00",8.631,"5,059.75",,"2,054.40","10,880.65",,"6,178.35",,,"4,723.50","4,693.31",8.392,
2013-10-24,,"1,350.30",8.583,"5,094.75",,"2,053.55","10,902.45",,"6,164.35",,,"4,713.00","4,681.16",8.387,
2013-10-25,,"1,352.50",8.579,"5,039.35",,"2,027.35","10,896.50",,"6,144.90",,,"4,693.40","4,663.27",8.38,
2013-10-27,,,8.579,,,,,,,,,,,8.38,
2013-10-28,,"1,352.20",8.656,"5,034.85",,"2,007.00","10,773.20",,"6,101.10",,,"4,656.85","4,616.27",8.409,
2013-10-29,,"1,345.50",8.535,"5,153.55",,"2,043.10","11,241.65",,"6,220.90",,,"4,741.10","4,676.28",8.35,
2013-10-30,,"1,349.30",8.573,"5,155.85",,"2,046.50","11,249.35",,"6,251.70",,,"4,764.30","4,702.35",8.343,
2013-10-31,,"1,323.70",8.625,"5,163.90",,"2,084.45","11,473.15",,"6,299.15",,,"4,804.85","4,722.66",8.359,
2013-11-01,,"1,313.20",8.7,"5,228.85",,"2,125.30","11,628.65",,"6,307.20",,,"4,823.00","4,731.10",8.402,
2013-11-03,,,8.705,"5,255.80",,"2,137.85","11,649.90",,"6,324.95",,,"4,842.55","4,761.63",8.402,
2013-11-04,,"1,314.70",8.705,,,,,,,,,,,8.402,
2013-11-05,,"1,308.10",8.737,"5,248.05",,"2,156.20","11,498.90",,"6,253.15",,,"4,808.20","4,726.95",8.431,
2013-11-06,,"1,317.80",8.82,"5,216.75",,"2,147.00","11,292.55",,"6,215.15",,,"4,784.65","4,729.98",8.523,
2013-11-07,,"1,308.50",8.849,"5,167.85",,"2,107.55","11,054.90",,"6,187.25",,,"4,752.00","4,676.24",8.525,
2013-11-08,,"1,284.60",8.99,"5,137.40",,"2,115.45","10,913.15",,"6,140.75",,,"4,725.90","4,677.58",8.567,
2013-11-11,,"1,281.10",8.954,"5,083.50",,"2,098.00","10,758.45",,"6,078.80",,,"4,680.50","4,652.00",8.639,
2013-11-12,,"1,271.20",9.053,"5,003.55",,"2,068.10","10,583.05",,"6,018.05",,,"4,637.35","4,622.29",8.852,
2013-11-13,,"1,268.40",8.918,"5,027.30",,"2,058.65","10,523.35",,"5,989.60",,,"4,614.65","4,618.65",8.652,
2013-11-14,,"1,286.30",9.024,"5,177.90",,"2,097.55","10,811.20",,"6,056.15",,,"4,670.10","4,664.11",8.655,
2013-11-15,,"1,287.40",9.024,,,,,,,,,,,8.655,
2013-11-17,,,9.024,,,,,,,,,,,8.655,
2013-11-18,,"1,272.30",9.0,"5,233.80",,"2,132.75","11,142.30",,"6,189.00",,,"4,760.65","4,712.29",8.588,
2013-11-19,,"1,273.50",9.009,"5,250.40",,"2,138.45","11,187.85",,"6,203.35",,,"4,771.75","4,719.27",8.527,
2013-11-20,,"1,258.00",9.035,"5,179.60",,"2,122.20","10,967.15",,"6,122.90",,,"4,720.05","4,686.08",8.607,
2013-11-21,,"1,243.60",9.077,"5,132.15",,"2,086.25","10,706.90",,"5,999.05",,,"4,631.85","4,625.41",8.574,
2013-11-22,,"1,244.10",9.099,"5,071.60",,"2,084.25","10,677.35",,"5,995.45",,,"4,632.45","4,629.97",8.568,
2013-11-25,,"1,241.20",9.087,"5,175.50",,"2,131.40","11,083.40",,"6,115.35",,,"4,716.00","4,670.79",8.571,
2013-11-26,,"1,241.40",9.042,"5,201.10",,"2,117.60","10,909.35",,"6,059.10",,,"4,679.15","4,674.51",8.53,
2013-11-27,,"1,237.90",8.996,"5,253.35",,"2,127.25","10,899.30",,"6,057.10",,,"4,679.85","4,693.86",8.462,
2013-11-28,,"1,250.40",9.014,"5,275.95",,"2,149.65","10,906.75",,"6,091.85",,,"4,708.80","4,710.32",8.543,
2013-11-29,,,9.044,"5,283.15",,"2,177.90","11,153.95",,"6,176.10",,,"4,770.10","4,741.64",8.479,
2013-12-02,,"1,221.90",9.048,"5,310.95",,"2,192.20","11,284.35",,"6,217.85",,,"4,804.40","4,798.43",8.481,
2013-12-03,,"1,220.80",9.069,"5,287.30",,"2,186.65","11,211.30",,"6,201.85",,,"4,795.90","4,792.79",8.448,
2013-12-04,,"1,247.20",9.09,"5,230.00",,"2,165.35","11,156.75",,"6,160.95",,,"4,764.55","4,753.05",8.45,
2013-12-05,,"1,231.90",9.108,"5,245.90",,"2,193.40","11,665.10",,"6,241.10",,,"4,815.00","4,736.23",8.38,
2013-12-06,,"1,229.00",9.165,"5,273.50",,"2,207.55","11,720.20",,"6,259.90",,,"4,830.80","4,750.65",8.46,
2013-12-09,,"1,234.20",8.904,"5,351.70",,"2,234.15","12,065.90",,"6,363.90",,,"4,898.15","4,764.23",8.431,
2013-12-10,,"1,261.10",8.835,"5,347.50",,"2,230.50","11,843.45",,"6,332.85",,,"4,873.80","4,763.03",8.471,
2013-12-11,,"1,257.20",8.826,"5,293.85",,"2,211.00","11,784.35",,"6,307.90",,,"4,855.60","4,757.76",8.506,
2013-12-12,,"1,224.90",8.85,"5,180.90",,"2,191.25","11,635.50",,"6,237.05",,,"4,810.55","4,753.05",8.473,
2013-12-13,,"1,234.60",8.911,"5,180.20",,"2,152.85","11,366.90",,"6,168.40",,,"4,756.05","4,737.08",8.5,
2013-12-16,,"1,244.40",8.865,"5,150.70",,"2,165.20","11,372.95",,"6,154.70",,,"4,756.00","4,759.60",8.501,
2013-12-17,,"1,230.10",8.915,"5,140.85",,"2,157.50","11,208.65",,"6,139.05",,,"4,748.50","4,766.09",8.463,
2013-12-18,,"1,235.00",8.784,"5,228.90",,"2,206.75","11,357.90",,"6,217.15",,,"4,809.65","4,821.09",8.478,
2013-12-19,,"1,193.60",8.743,"5,216.35",,"2,193.45","11,087.45",,"6,166.65",,,"4,780.60","4,842.83",8.381,
2013-12-20,,"1,203.70",8.797,"5,320.55",,"2,237.35","11,292.35",,"6,274.25",,,"4,861.65","4,903.96",8.472,
2013-12-23,,"1,197.00",8.817,"5,333.35",,"2,269.65","11,378.50",,"6,284.50",,,"4,878.85","4,894.42",8.508,
2013-12-24,,"1,203.30",8.866,"5,331.90",,"2,279.55","11,330.65",,"6,268.40",,,"4,876.10","4,908.17",8.559,
2013-12-25,,,8.869,,,,,,,,,,,8.559,
2013-12-26,,"1,212.30",8.889,"5,311.95",,"2,284.00","11,385.75",,"6,278.90",,,"4,887.85","4,908.26",8.635,
2013-12-27,,"1,214.00",8.959,"5,309.05",,"2,297.45","11,459.70",,"6,313.80",,,"4,914.70","4,924.37",8.563,
2013-12-30,,"1,203.80",8.858,"5,278.85",,"2,291.05","11,376.00",,"6,291.10",,,"4,899.95","4,914.43",8.563,
2013-12-31,,"1,202.30",8.82,"5,285.00",,"2,302.75","11,385.25",,"6,304.00",,,"4,914.85","4,930.49",8.564,
2014-01-01,,,8.844,"5,292.65",,"2,322.05","11,385.60",,"6,301.65",,,"4,921.25","4,958.24",8.665,
2014-01-02,,"1,225.20",8.84,"5,253.55",,"2,263.10","11,183.20",,"6,221.15",,,"4,848.95","4,889.98",8.616,
2014-01-03,,"1,238.60",8.834,"5,194.90",,"2,271.50","11,181.65",,"6,211.15",,,"4,850.65","4,928.01",8.52,
2014-01-06,,"1,238.00",8.783,"5,204.80",,"2,284.65","11,049.05",,"6,191.45",,,"4,845.05","4,949.98",8.496,
2014-01-07,,"1,229.60",8.789,"5,209.70",,"2,261.15","11,036.75",,"6,162.25",,,"4,820.25","4,930.46",8.472,
2014-01-08,,"1,225.50",8.801,"5,251.60",,"2,268.70","11,053.70",,"6,174.60",,,"4,833.55","4,954.24",8.548,
2014-01-09,,"1,229.40",8.79,"5,219.10",,"2,241.05","10,970.45",,"6,168.35",,,"4,820.15","4,941.53",8.524,
2014-01-10,,"1,246.90",8.758,"5,165.65",,"2,216.30","10,805.30",,"6,171.45",,,"4,813.95","4,934.28",8.502,
2014-01-13,,"1,251.10",8.711,"5,210.65",,"2,215.40","11,021.60",,"6,272.75",,,"4,869.95","4,971.36",8.605,
2014-01-14,,"1,245.40",,"5,184.00",,"2,222.35","10,948.90",,"6,241.85",,,"4,850.75","4,955.74",,
2014-01-15,,"1,238.30",8.639,"5,239.95",,"2,229.30","11,125.40",,"6,320.90",,,"4,899.70","4,953.99",8.379,
2014-01-16,,"1,240.20",8.615,"5,200.40",,"2,225.90","11,092.55",,"6,318.90",,,"4,891.40","4,947.77",8.38,
2014-01-17,,"1,251.90",8.627,"5,197.85",,"2,196.70","10,911.35",,"6,261.65",,,"4,841.30","4,874.72",8.499,
2014-01-20,,"1,241.80",8.517,"5,239.45",,"2,226.35","11,007.50",,"6,303.95",,,"4,878.25","4,970.75",8.384,
2014-01-21,,,8.553,"5,288.70",,"2,233.35","11,171.50",,"6,313.80",,,"4,886.70","5,026.13",8.334,
2014-01-22,,"1,238.60",8.608,"5,310.90",,"2,243.00","11,207.35",,"6,338.95",,,"4,903.95","5,022.47",8.385,
2014-01-23,,"1,262.30",8.665,"5,256.05",,"2,232.45","11,199.00",,"6,345.65",,,"4,903.50","4,979.39",8.463,
2014-01-24,,"1,264.30",8.738,"5,168.25",,"2,183.75","10,982.40",,"6,266.75",,,"4,836.70","4,915.44",8.568,
2014-01-27,,"1,263.40",8.765,"4,998.70",,"2,095.90","10,540.40",,"6,135.85",,,"4,725.60","4,819.62",8.569,
2014-01-28,,"1,250.80",8.748,"5,010.20",,"2,092.30","10,507.60",,"6,126.25",,,"4,720.60","4,861.53",8.725,
2014-01-29,,"1,262.20",8.774,"5,010.90",,"2,106.65","10,437.75",,"6,120.25",,,"4,720.60","4,870.43",8.726,
2014-01-30,,"1,242.50",8.82,"5,021.25",,"2,075.20","10,153.15",,"6,073.70",,,"4,675.10","4,828.95",8.675,
2014-01-31,,"1,239.80",8.77,"5,009.85",,"2,131.20","10,237.75",,"6,089.50",,,"4,709.15","4,925.55",8.679,
2014-02-03,,"1,259.90",8.734,"4,912.40",,"2,098.60","10,102.10",,"6,001.80",,,"4,648.55","4,910.16",8.654,
2014-02-04,,"1,251.20",8.679,"4,938.60",,"2,106.95","10,191.20",,"6,000.90",,,"4,652.50","4,923.06",8.655,
2014-02-05,,"1,256.90",8.707,"5,021.85",,"2,116.70","10,231.65",,"6,022.40",,,"4,671.85","4,951.41",8.657,
2014-02-06,,"1,257.20",8.717,"5,061.95",,"2,120.95","10,205.20",,"6,036.30",,,"4,681.35","4,946.79",8.658,
2014-02-07,,"1,262.90",8.736,"5,092.05",,"2,143.90","10,263.20",,"6,063.20",,,"4,701.70","4,957.84",8.74,
2014-02-10,,"1,274.70",8.69,"5,115.40",,"2,132.05","10,213.90",,"6,053.45",,,"4,692.55","4,972.05",8.689,
2014-02-11,,"1,289.80",8.74,"5,166.20",,"2,131.65","10,245.45",,"6,062.70",,,"4,699.60","5,015.89",8.691,
2014-02-12,,"1,295.00",8.811,"5,173.65",,"2,126.40","10,348.80",,"6,084.00",,,"4,711.95","5,031.75",8.745,
2014-02-13,,"1,300.10",8.865,"5,171.70",,"2,086.30","10,135.70",,"6,001.10",,,"4,650.00","4,980.46",8.704,
2014-02-14,,"1,318.60",8.808,"5,198.90",,"2,092.90","10,203.75",,"6,048.35",,,"4,677.80","4,990.69",8.734,
2014-02-17,,"1,324.40",8.805,"5,236.20",,"2,094.60","10,326.55",,"6,073.30",,,"4,690.45","4,997.11",8.752,
2014-02-18,,,8.768,"5,275.40",,"2,116.75","10,575.20",,"6,127.10",,,"4,731.50","5,030.26",8.702,
2014-02-19,,"1,320.40",,"5,275.35",,"2,125.85","10,609.60",,"6,152.75",,,"4,752.90","5,090.05",,
2014-02-20,,"1,316.90",8.788,"5,259.65",,"2,124.65","10,428.30",,"6,091.45",,,"4,716.35","5,095.49",8.677,
2014-02-21,,"1,323.60",8.795,"5,285.75",,"2,141.20","10,554.35",,"6,155.45",,,"4,762.75","5,130.66",8.708,
2014-02-24,,"1,338.00",8.885,"5,314.00",,"2,145.65","10,683.50",,"6,186.10",,,"4,783.15","5,133.12",8.709,
2014-02-25,,"1,342.70",8.875,"5,346.00",,"2,145.60","10,666.75",,"6,200.05",,,"4,793.90","5,190.20",8.684,
2014-02-26,,"1,328.00",8.915,"5,396.35",,"2,147.05","10,730.40",,"6,238.80",,,"4,816.40","5,198.35",8.687,
2014-02-27,,"1,331.80",,,,,,,,,,,,,
2014-02-28,,"1,321.60",8.862,"5,467.25",,"2,168.50","10,764.70",,"6,276.95",,,"4,849.50","5,278.28",8.651,
2014-03-03,,"1,350.30",8.904,"5,404.50",,"2,155.60","10,651.95",,"6,221.45",,,"4,816.30","5,279.07",8.669,
2014-03-04,,"1,337.90",8.836,"5,437.85",,"2,192.25","10,929.05",,"6,297.95",,,"4,873.20","5,303.05",8.649,
2014-03-05,,"1,340.30",8.842,"5,434.65",,"2,210.80","11,098.80",,"6,328.65",,,"4,900.85","5,329.43",8.65,
2014-03-06,,"1,351.80",8.792,"5,478.95",,"2,254.10","11,278.35",,"6,401.15",,,"4,959.10","5,349.65",8.636,
2014-03-07,,"1,338.20",8.811,"5,530.30",,"2,278.00","11,884.75",,"6,526.65",,,"5,033.85","5,252.76",8.651,
2014-03-09,,,8.812,,,,,,,,,,,8.651,
2014-03-10,,"1,341.50",8.752,"5,552.85",,"2,298.10","12,108.10",,"6,537.25",,,"5,046.45","5,200.14",8.706,
2014-03-11,,"1,346.70",8.733,"5,516.95",,"2,285.10","12,043.15",,"6,511.90",,,"5,026.95","5,174.48",8.654,
2014-03-12,,"1,370.50",8.715,"5,482.40",,"2,280.95","12,024.10",,"6,516.90",,,"5,028.70","5,187.68",8.682,
2014-03-13,,"1,372.40",8.735,"5,509.35",,"2,251.40","12,141.45",,"6,493.10",,,"5,007.20","5,151.05",8.684,
2014-03-14,,"1,379.00",8.791,"5,555.60",,"2,265.20","12,055.85",,"6,504.20",,,"5,011.55","5,175.03",8.717,
2014-03-17,,"1,372.90",,,,,,,,,,,,,
2014-03-18,,"1,359.00",8.8,"5,549.45",,"2,292.10","12,114.85",,"6,516.65",,,"5,035.40","5,214.98",8.691,
2014-03-19,,"1,341.30",8.777,"5,540.85",,"2,306.45","12,186.55",,"6,524.05",,,"5,044.20","5,204.18",8.486,
2014-03-20,,"1,330.50",8.819,"5,493.65",,"2,283.80","12,017.25",,"6,483.10",,,"5,014.80","5,230.22",8.645,
2014-03-21,,"1,336.00",8.795,"5,542.40",,"2,305.10","12,092.35",,"6,493.20",,,"5,031.05","5,265.59",8.633,
2014-03-22,,,,"5,557.20",,"2,308.80","12,075.80",,"6,494.90",,,"5,037.50","5,286.06",,
2014-03-24,,"1,311.20",8.783,"5,616.30",,"2,322.95","12,408.15",,"6,583.50",,,"5,091.20","5,229.39",8.646,
2014-03-25,,"1,311.40",8.788,"5,644.60",,"2,346.10","12,450.00",,"6,589.75",,,"5,102.75","5,251.07",8.675,
2014-03-26,,"1,303.40",8.783,"5,694.35",,"2,355.00","12,518.35",,"6,601.40",,,"5,114.70","5,242.62",8.621,
2014-03-27,,"1,294.70",8.816,"5,719.55",,"2,356.15","12,604.95",,"6,641.75",,,"5,146.20","5,234.26",8.639,
2014-03-28,,"1,294.30",8.804,"5,738.80",,"2,433.60","12,754.70",,"6,695.90",,,"5,202.15","5,256.70",8.463,
2014-03-31,,"1,283.80",,"5,803.20",,"2,465.15","12,742.05",,"6,704.20",,,"5,224.85","5,259.91",,
2014-04-01,,"1,280.00",8.81,"5,813.15",,"2,452.65","12,588.50",,"6,721.05",,,"5,232.85","5,271.06",8.463,
2014-04-02,,"1,290.80",8.962,"5,879.05",,"2,504.70","12,715.30",,"6,752.55",,,"5,272.40","5,342.93",8.825,
2014-04-03,,"1,284.60",9.008,"5,869.00",,"2,482.25","12,563.85",,"6,736.10",,,"5,254.35","5,329.02",8.855,
2014-04-04,,"1,303.50",9.065,"5,811.05",,"2,490.45","12,551.70",,"6,694.35",,,"5,234.50","5,312.12",8.749,
2014-04-07,,"1,298.30",9.101,"5,824.20",,"2,485.65","12,506.45",,"6,695.05",,,"5,234.20","5,294.64",8.78,
2014-04-08,,"1,309.10",,,,,,,,,,,,,
2014-04-09,,"1,305.90",9.032,"5,927.80",,"2,542.35","12,937.40",,"6,796.20",,,"5,315.25","5,337.13",8.754,
2014-04-10,,"1,320.50",9.002,"5,956.05",,"2,590.05","12,949.40",,"6,796.40",,,"5,328.40","5,299.87",8.756,
2014-04-11,,"1,319.00",8.941,"5,887.60",,"2,583.20","12,840.20",,"6,776.30",,,"5,317.70","5,315.93",8.705,
2014-04-14,,"1,327.50",,,,,,,,,,,,,
2014-04-15,,"1,300.30",8.953,"5,822.70",,"2,554.40","12,579.90",,"6,733.10",,,"5,278.15","5,279.47",8.791,
2014-04-16,,"1,303.50",8.964,"5,784.50",,"2,514.80","12,563.15",,"6,675.30",,,"5,230.35","5,228.86",8.735,
2014-04-17,,"1,293.90",8.85,"5,915.30",,"2,570.70","12,787.25",,"6,779.40",,,"5,310.75","5,306.33",8.695,
2014-04-21,,"1,288.50",8.862,"5,998.00",,"2,601.05","12,958.50",,"6,817.65",,,"5,347.25","5,380.73",8.696,
2014-04-22,,"1,281.10",8.854,"5,965.20",,"2,586.45","12,987.10",,"6,815.35",,,"5,346.60","5,364.00",8.697,
2014-04-23,,"1,284.60",8.851,"5,979.20",,"2,573.00","13,122.10",,"6,840.80",,,"5,362.45","5,397.31",8.625,
2014-04-24,,"1,290.60",,,,,,,,,,,,,
2014-04-25,,"1,300.80",8.883,"5,961.40",,"2,570.75","13,034.50",,"6,782.75",,,"5,328.60","5,358.82",8.6,
2014-04-28,,"1,299.00",8.853,"5,907.55",,"2,608.55","13,081.55",,"6,761.25",,,"5,321.50","5,364.48",8.578,
2014-04-29,,"1,296.30",8.828,"5,844.25",,"2,579.30","12,910.55",,"6,715.25",,,"5,286.05","5,317.02",8.649,
2014-04-30,,"1,295.90",8.828,"5,866.50",,"2,525.35","12,855.85",,"6,696.40",,,"5,255.65","5,281.23",8.68,
2014-05-01,,"1,283.40",,,,,,,,,,,,,
2014-05-02,,"1,302.90",8.808,"5,849.05",,"2,539.60","12,842.00",,"6,694.80",,,"5,260.95","5,334.62",8.684,
2014-05-05,,"1,309.30",8.735,"5,862.40",,"2,538.45","12,880.65",,"6,699.35",,,"5,260.30","5,283.15",8.673,
2014-05-06,,"1,308.60",8.778,"5,876.80",,"2,539.85","12,966.05",,"6,715.30",,,"5,273.10","5,304.08",8.675,
2014-05-07,,"1,288.90",8.802,"5,838.35",,"2,533.45","12,938.20",,"6,652.55",,,"5,232.85","5,924.53",8.734,
2014-05-08,,"1,287.70",8.758,"5,875.90",,"2,518.35","13,037.40",,"6,659.85",,,"5,236.60","5,329.23",8.683,
2014-05-09,,"1,287.60",8.746,"6,011.20",,"2,582.40","13,750.50",,"6,858.80",,,"5,375.90","5,354.75",8.739,
2014-05-12,,"1,295.80",8.727,"6,180.05",,"2,616.85","14,085.05",,"7,014.25",,,"5,479.70","5,394.15",8.676,
2014-05-13,,"1,294.80",8.784,"6,218.25",,"2,689.00","14,165.55",,"7,108.75",,,"5,562.55","5,447.48",8.685,
2014-05-14,,"1,305.90",,"6,213.20",,"2,757.85","14,207.10",,"7,108.75",,,"5,583.60","5,457.90",,
2014-05-15,,"1,293.60",8.781,"6,192.55",,"2,730.15","14,236.55",,"7,123.15",,,"5,580.30","5,408.65",8.627,
2014-05-16,,"1,293.40",8.834,"6,246.20",,"2,826.85","14,853.00",,"7,203.00",,,"5,656.00","5,398.13",8.602,
2014-05-19,,"1,293.80",8.863,"6,251.20",,"3,017.75","15,222.15",,"7,263.55",,,"5,762.60","5,404.11",8.544,
2014-05-20,,"1,294.60",8.855,"6,265.40",,"3,032.45","15,111.20",,"7,275.50",,,"5,790.95","5,486.59",8.545,
2014-05-21,,"1,288.10",8.768,"6,323.90",,"3,041.30","14,952.10",,"7,252.90",,,"5,792.30","5,578.75",8.546,
2014-05-22,,"1,295.00",8.711,"6,333.45",,"3,092.05","15,055.55",,"7,276.40",,,"5,841.30","5,648.38",8.518,
2014-05-23,,"1,291.70",8.637,"6,433.65",,"3,193.45","15,285.50",,"7,367.10",,,"5,923.65","5,705.47",8.492,
2014-05-25,,,8.637,,,,,,,,,,,8.492,
2014-05-26,,"1,265.50",8.675,"6,502.00",,"3,111.55","15,175.90",,"7,359.05",,,"5,883.75","5,618.50",8.523,
2014-05-27,,,8.673,"6,435.65",,"3,074.70","15,084.00",,"7,318.00",,,"5,844.20","5,657.69",8.583,
2014-05-28,,"1,259.30",8.703,"6,374.75",,"3,093.75","15,173.35",,"7,329.65",,,"5,861.25","5,678.93",8.573,
2014-05-29,,"1,257.10",8.671,"6,375.25",,"3,055.10","15,030.30",,"7,235.65",,,"5,796.45","5,654.78",8.496,
2014-05-30,,"1,246.00",8.645,"6,385.10",,"3,049.30","14,793.40",,"7,229.95",,,"5,802.85","5,708.75",8.588,
2014-06-02,,"1,244.00",8.66,"6,470.55",,"3,145.55","15,287.25",,"7,362.50",,,"5,911.70","5,784.02",8.38,
2014-06-03,,"1,244.50",8.598,"6,509.30",,"3,166.40","15,257.50",,"7,415.85",,,"5,956.85","5,824.69",8.351,
2014-06-04,,"1,244.30",8.587,"6,558.35",,"3,234.70","15,333.40",,"7,402.25",,,"5,972.85","5,842.53",8.352,
2014-06-05,,"1,253.30",8.526,"6,618.25",,"3,308.25","15,282.15",,"7,474.10",,,"6,037.65","5,905.48",8.503,
2014-06-06,,"1,252.50",8.512,"6,724.90",,"3,370.50","15,543.15",,"7,583.40",,,"6,129.95","5,996.65",8.236,
2014-06-09,,"1,253.90",8.548,"6,832.65",,"3,434.60","15,567.40",,"7,654.60",,,"6,196.70","6,051.78",8.237,
2014-06-10,,"1,260.10",8.561,"6,835.80",,"3,406.35","15,427.80",,"7,656.40",,,"6,192.30","6,059.77",8.268,
2014-06-11,,"1,261.20",8.535,"6,807.35",,"3,329.95","15,450.55",,"7,626.85",,,"6,152.55","6,065.76",8.172,
2014-06-12,,"1,274.00",8.547,"6,858.80",,"3,336.30","15,464.85",,"7,649.90",,,"6,168.80","6,114.99",8.282,
2014-06-13,,"1,274.10",8.595,"6,738.60",,"3,216.40","15,106.90",,"7,542.10",,,"6,057.50","6,058.35",8.345,
2014-06-16,,"1,275.30",8.649,"6,668.70",,"3,240.30","15,030.00",,"7,533.55",,,"6,056.70","6,120.16",8.334,
2014-06-17,,"1,272.00",8.598,"6,703.85",,"3,295.00","15,373.20",,"7,631.70",,,"6,139.35","6,188.22",8.335,
2014-06-18,,"1,272.70",8.671,"6,643.20",,"3,250.80","15,220.40",,"7,558.20",,,"6,084.85","6,163.39",8.281,
2014-06-19,,"1,314.10",8.688,"6,658.90",,"3,213.65","15,067.40",,"7,540.70",,,"6,064.75","6,175.76",8.282,
2014-06-20,,"1,316.60",8.724,"6,604.15",,"3,186.65","14,997.65",,"7,511.45",,,"6,038.60","6,181.22",8.285,
2014-06-23,,"1,318.40",8.773,"6,651.90",,"3,218.40","15,076.35",,"7,493.35",,,"6,037.95","6,218.91",8.495,
2014-06-24,,"1,321.30",8.717,"6,727.20",,"3,293.15","15,309.50",,"7,580.20",,,"6,113.85","6,288.63",8.287,
2014-06-25,,"1,322.60",8.702,"6,791.70",,"3,303.00","15,237.85",,"7,569.25",,,"6,115.15","6,284.77",8.251,
2014-06-26,,"1,317.00",8.731,"6,796.30",,"3,264.25","15,050.00",,"7,493.20",,,"6,065.80","6,304.49",8.221,
2014-06-27,,"1,320.00",8.747,"6,750.40",,"3,281.10","14,992.35",,"7,508.80",,,"6,082.10","6,382.77",8.316,
2014-06-30,,"1,322.00",8.744,"6,775.15",,"3,380.25","15,241.90",,"7,611.35",,,"6,174.20","6,472.11",8.348,
2014-07-01,,"1,326.60",8.737,"6,989.20",,"3,384.45","15,321.35",,"7,634.70",,,"6,199.90","6,508.89",8.349,
2014-07-02,,"1,330.90",8.657,"7,100.40",,"3,432.45","15,490.35",,"7,725.15",,,"6,276.90","6,579.18",8.319,
2014-07-03,,"1,320.60",8.657,"7,149.30",,"3,418.10","15,451.65",,"7,714.80",,,"6,267.20","6,630.69",8.32,
2014-07-04,,"1,317.00",8.663,"7,153.20",,"3,435.65","15,556.15",,"7,751.60",,,"6,297.60","6,655.64",8.417,
2014-07-07,,,8.696,"7,201.85",,"3,436.85","15,367.60",,"7,787.15",,,"6,322.00","6,671.64",8.419,
2014-07-08,,"1,316.50",8.727,"7,034.50",,"3,228.65","14,997.50",,"7,623.20",,,"6,152.30","6,471.74",8.42,
2014-07-09,,"1,324.30",8.727,"6,852.00",,"3,154.00","14,931.10",,"7,585.00",,,"6,104.00","6,332.28",8.264,
2014-07-10,,"1,339.20",8.765,"6,796.50",,"3,169.65","14,821.70",,"7,567.75",,,"6,105.20","6,338.37",8.454,
2014-07-11,,"1,337.40",8.767,"6,722.50",,"3,028.70","14,447.20",,"7,459.60",,,"5,991.70","6,257.92",8.458,
2014-07-12,,,8.771,,,,,,,,,,,8.458,
2014-07-14,,"1,306.70",8.781,"6,782.25",,"3,058.55","14,489.75",,"7,454.15",,,"5,990.70","6,265.88",8.503,
2014-07-15,,"1,297.10",8.735,"6,885.25",,"3,146.70","14,891.90",,"7,526.65",,,"6,067.35","6,400.55",8.505,
2014-07-16,,"1,299.80",8.724,"6,989.50",,"3,195.00","15,265.45",,"7,624.40",,,"6,147.90","6,500.44",8.506,
2014-07-17,,"1,316.90",8.736,"6,981.60",,"3,244.90","15,269.05",,"7,640.45",,,"6,179.45","6,611.52",8.508,
2014-07-18,,"1,309.40",8.769,"6,986.70",,"3,213.75","15,389.35",,"7,663.90",,,"6,184.55","6,603.44",8.512,
2014-07-20,,,8.771,,,,,,,,,,,8.512,
2014-07-21,,"1,313.90",8.692,"6,987.70",,"3,207.10","15,385.95",,"7,684.20",,,"6,200.30","6,631.18",8.449,
2014-07-22,,"1,306.30",8.69,"7,019.40",,"3,205.30","15,427.35",,"7,767.85",,,"6,251.35","6,658.47",8.226,
2014-07-23,,"1,304.70",8.66,"7,033.00",,"3,197.20","15,463.00",,"7,795.75",,,"6,261.10","6,655.04",8.311,
2014-07-24,,"1,290.80",8.648,"7,031.80",,"3,201.90","15,534.35",,"7,830.60",,,"6,278.95","6,621.95",8.228,
2014-07-25,,"1,303.30",8.671,"6,945.10",,"3,126.30","15,322.25",,"7,790.45",,,"6,230.45","6,548.63",8.321,
2014-07-27,,,8.671,,,,,,,,,,,8.321,
2014-07-28,,"1,303.30",8.707,"6,907.85",,"3,109.85","15,212.15",,"7,748.70",,,"6,200.00","6,538.27",8.33,
2014-07-29,,"1,298.30",,,,,,,,,,,,,
2014-07-30,,"1,296.90",8.728,"6,957.70",,"3,144.60","15,452.40",,"7,791.40",,,"6,232.60","6,565.16",8.447,
2014-07-31,,"1,282.80",8.718,"6,907.15",,"3,150.45","15,267.60",,"7,721.30",,,"6,194.45","6,598.60",8.481,
2014-08-01,,"1,294.80",8.755,"6,847.15",,"3,125.55","15,127.80",,"7,602.60",,,"6,111.70","6,537.60",8.498,
2014-08-02,,,8.755,,,,,,,,,,,8.498,
2014-08-04,,"1,288.90",8.731,"6,936.65",,"3,179.40","15,242.35",,"7,683.65",,,"6,175.70","6,654.55",8.434,
2014-08-05,,"1,285.30",8.834,"7,072.35",,"3,203.90","15,293.25",,"7,746.55",,,"6,226.45","6,721.79",8.587,
2014-08-06,,"1,308.20",8.865,"7,022.70",,"3,169.10","15,008.65",,"7,672.05",,,"6,173.70","6,693.84",8.733,
2014-08-07,,"1,312.50",8.852,"7,015.90",,"3,156.80","14,986.85",,"7,649.25",,,"6,153.50","6,668.07",8.788,
2014-08-08,,"1,311.00",8.852,"6,918.65",,"3,078.90","14,765.75",,"7,568.55",,,"6,072.65","6,552.64",8.76,
2014-08-10,,,8.855,,,,,,,,,,,8.76,
2014-08-11,,"1,310.50",8.817,"7,093.30",,"3,112.80","14,846.80",,"7,625.95",,,"6,117.65","6,638.85",8.729,
2014-08-12,,"1,310.60",8.845,"7,223.70",,"3,131.10","15,056.70",,"7,727.05",,,"6,186.15","6,700.75",8.731,
2014-08-13,,"1,314.50",8.764,"7,230.90",,"3,056.90","14,910.90",,"7,739.55",,,"6,167.20","6,596.40",8.746,
2014-08-14,,"1,315.70",8.713,"7,270.65",,"3,103.05","15,089.65",,"7,791.70",,,"6,215.65","6,657.15",8.756,
2014-08-15,,"1,306.20",,,,,,,,,,,,,
2014-08-18,,"1,299.30",,"7,387.80",,"3,170.15","15,439.75",,"7,874.25",,,"6,294.10","6,785.16",,
2014-08-19,,"1,296.70",8.532,"7,569.80",,"3,194.55","15,524.65",,"7,897.50",,,"6,328.80","6,867.02",8.758,
2014-08-20,,"1,295.20",8.479,"7,524.40",,"3,196.65","15,481.70",,"7,875.30",,,"6,321.65","6,884.32",8.477,
2014-08-21,,"1,275.40",8.512,"7,573.50",,"3,205.15","15,662.20",,"7,891.10",,,"6,339.35","6,894.09",8.513,
2014-08-22,,"1,280.20",8.516,"7,582.15",,"3,220.30","15,819.15",,"7,913.20",,,"6,352.35","6,897.01",8.464,
2014-08-25,,"1,278.90",8.556,"7,597.50",,"3,168.55","15,669.00",,"7,906.30",,,"6,332.45","6,887.36",8.451,
2014-08-26,,"1,285.20",8.554,"7,595.65",,"3,152.80","15,624.10",,"7,904.75",,,"6,328.45","6,904.49",8.487,
2014-08-27,,"1,283.40",8.556,"7,665.00",,"3,155.95","15,717.65",,"7,936.05",,,"6,355.15","6,963.09",8.488,
2014-08-28,,"1,290.40",8.559,"7,683.60",,"3,131.40","15,740.40",,"7,954.35",,,"6,360.75","6,969.89",8.507,
2014-08-29,,"1,287.40",,,,,,,,,,,,,
2014-08-31,,,8.565,,,,,,,,,,,8.507,
2014-09-01,,"1,265.00",8.55,"7,789.35",,"3,224.80","16,012.80",,"8,027.70",,,"6,438.45","7,075.29",8.597,
2014-09-02,,,8.519,"7,797.50",,"3,240.95","16,130.55",,"8,083.05",,,"6,484.35","7,184.31",8.599,
2014-09-03,,"1,270.30",8.522,"7,850.85",,"3,263.70","16,110.00",,"8,114.60",,,"6,517.70","7,291.50",8.601,
2014-09-04,,"1,266.50",8.522,"7,856.15",,"3,261.95","16,033.55",,"8,095.95",,,"6,501.95","7,372.44",8.603,
2014-09-05,,"1,267.30",8.522,"7,805.60",,"3,268.05","15,982.50",,"8,086.85",,,"6,502.30","7,401.35",8.608,
2014-09-08,,"1,254.30",8.502,"7,864.60",,"3,318.85","16,206.70",,"8,173.90",,,"6,578.00","7,515.08",8.61,
2014-09-09,,"1,248.50",8.522,"7,899.00",,"3,337.95","16,156.75",,"8,152.95",,,"6,577.05","7,582.77",8.481,
2014-09-10,,"1,245.30",8.543,"7,882.65",,"3,333.00","16,151.75",,"8,094.10",,,"6,540.25","7,598.59",8.684,
2014-09-11,,"1,239.00",8.505,"7,932.25",,"3,360.20","16,204.15",,"8,085.70",,,"6,554.75","7,690.91",8.56,
2014-09-12,,"1,231.50",8.501,"8,009.80",,"3,360.65","16,254.15",,"8,105.50",,,"6,572.70","7,744.61",8.566,
2014-09-13,,,8.505,,,,,,,,,,,8.566,
2014-09-15,,"1,235.10",8.504,"7,984.65",,"3,367.25","16,167.55",,"8,042.00",,,"6,540.10","7,720.70",8.533,
2014-09-16,,"1,236.70",8.498,"7,830.70",,"3,215.20","15,844.10",,"7,932.90",,,"6,411.25","7,429.91",8.556,
2014-09-17,,"1,235.90",8.498,"7,901.15",,"3,234.30","15,838.60",,"7,975.50",,,"6,442.50","7,467.59",8.48,
2014-09-18,,"1,226.90",8.453,"8,120.35",,"3,316.80","16,156.85",,"8,114.75",,,"6,560.00","7,617.24",8.482,
2014-09-19,,"1,216.60",8.455,"8,059.30",,"3,283.00","16,152.15",,"8,121.45",,,"6,561.65","7,637.49",8.487,
2014-09-22,,"1,217.90",8.435,"8,153.50",,"3,274.75","16,194.55",,"8,146.30",,,"6,576.60","7,591.51",8.496,
2014-09-23,,"1,222.00",8.467,"7,991.10",,"3,186.70","15,902.85",,"8,017.55",,,"6,464.80","7,423.39",8.498,
2014-09-24,,"1,219.50",8.481,"7,946.60",,"3,152.35","15,740.30",,"8,002.40",,,"6,437.25","7,313.40",8.5,
2014-09-25,,"1,221.90",8.487,"7,867.10",,"3,057.05","15,299.05",,"7,911.85",,,"6,343.15","7,210.92",8.501,
2014-09-26,,"1,215.40",8.441,"7,933.95",,"3,116.20","15,607.25",,"7,968.85",,,"6,396.55","7,268.52",8.507,
2014-09-27,,,8.443,,,,,,,,,,,8.507,
2014-09-29,,"1,218.80",8.49,"7,904.30",,"3,135.05","15,473.55",,"7,958.90",,,"6,408.30","7,386.42",8.437,
2014-09-30,,"1,211.60",8.511,"7,899.35",,"3,127.50","15,392.25",,"7,964.80",,,"6,415.70","7,418.60",8.475,
2014-10-01,,"1,215.50",8.477,"7,895.20",,"3,128.10","15,316.20",,"7,945.55",,,"6,398.05","7,417.13",8.486,
2014-10-02,,"1,215.10",,,,,,,,,,,,,
2014-10-03,,"1,192.90",,,,,,,,,,,,,
2014-10-06,,"1,207.30",,,,,,,,,,,,,
2014-10-07,,"1,212.40",8.453,"7,828.25",,"3,101.30","15,180.25",,"7,852.40",,,"6,324.85","7,366.95",8.524,
2014-10-08,,"1,206.00",8.408,"7,870.75",,"3,112.15","15,344.00",,"7,842.70",,,"6,316.65","7,281.87",8.526,
2014-10-09,,"1,225.30",8.465,"7,957.60",,"3,175.85","15,741.20",,"7,960.55",,,"6,416.40","7,399.00",8.528,
2014-10-10,,"1,221.70",8.456,"7,732.35",,"3,114.90","15,453.80",,"7,859.95",,,"6,330.35","7,290.35",8.533,
2014-10-13,,"1,230.00",8.418,"7,720.70",,"3,131.70","15,677.50",,"7,884.25",,,"6,352.40","7,312.59",8.506,
2014-10-14,,"1,234.30",8.397,"7,690.55",,"3,132.40","15,751.55",,"7,864.00",,,"6,339.90","7,277.27",8.352,
2014-10-15,,"1,244.80",8.398,,,,,,,,,,,8.352,
2014-10-16,,"1,241.20",8.37,"7,524.35",,"3,036.65","15,541.60",,"7,748.20",,,"6,225.30","7,031.69",8.366,
2014-10-17,,"1,239.00",8.389,"7,568.80",,"3,079.60","15,929.80",,"7,779.70",,,"6,255.15","7,028.17",8.377,
2014-10-20,,"1,244.70",8.359,"7,725.75",,"3,134.80","16,216.60",,"7,879.40",,,"6,334.80","7,119.35",8.318,
2014-10-21,,"1,251.70",8.371,"7,765.40",,"3,165.50","16,427.25",,"7,927.75",,,"6,378.15","7,237.52",8.295,
2014-10-22,,"1,245.50",8.356,"7,991.10",,"3,198.65","16,444.70",,"7,995.90",,,"6,436.55","7,334.58",8.36,
2014-10-23,,"1,229.10",,"8,000.90",,"3,212.60","16,470.05",,"8,014.55",,,"6,463.25","7,393.83",,
2014-10-24,,"1,231.80",,,,,,,,,,,,,
2014-10-27,,"1,229.30",8.316,"7,939.60",,"3,184.50","16,556.60",,"7,991.70",,,"6,438.90","7,335.44",8.318,
2014-10-28,,"1,229.40",8.322,"7,972.85",,"3,194.40","16,667.00",,"8,027.60",,,"6,465.15","7,348.63",8.197,
2014-10-29,,"1,224.90",8.318,"8,103.70",,"3,203.00","16,634.05",,"8,090.45",,,"6,513.75","7,431.47",8.254,
2014-10-30,,"1,198.60",8.289,"8,128.90",,"3,225.30","16,760.05",,"8,169.20",,,"6,570.30","7,509.16",8.254,
2014-10-31,,"1,171.60",8.278,"8,246.90",,"3,293.30","17,045.05",,"8,322.20",,,"6,685.75","7,622.94",8.21,
2014-11-03,,"1,169.80",8.259,"8,172.85",,"3,333.20","17,134.10",,"8,324.15",,,"6,704.30","7,714.76",8.269,
2014-11-04,,"1,167.70",,,,,,,,,,,,,
2014-11-05,,"1,145.70",8.191,"8,183.95",,"3,325.30","17,352.95",,"8,338.30",,,"6,713.75","7,759.70",8.161,
2014-11-06,,"1,142.60",,,,,,,,,,,,,
2014-11-07,,"1,169.80",8.209,"8,118.40",,"3,316.15","17,347.05",,"8,337.00",,,"6,720.95","7,785.17",8.197,
2014-11-10,,"1,159.80",8.178,"8,106.30",,"3,317.45","17,262.40",,"8,344.25",,,"6,727.75","7,823.71",8.18,
2014-11-11,,"1,163.00",8.185,"8,172.80",,"3,342.45","17,390.20",,"8,362.65",,,"6,753.10","7,898.61",8.2,
2014-11-12,,"1,159.10",8.158,"8,285.25",,"3,366.15","17,587.05",,"8,383.30",,,"6,777.60","7,954.48",8.202,
2014-11-13,,"1,161.50",8.221,"8,251.25",,"3,345.75","17,453.00",,"8,357.85",,,"6,753.55","7,964.58",8.254,
2014-11-14,,"1,185.60",8.215,"8,285.05",,"3,384.30","17,576.80",,"8,389.90",,,"6,785.75","7,971.46",8.26,
2014-11-16,,,8.221,,,,,,,,,,,8.26,
2014-11-17,,"1,183.50",8.181,"8,401.20",,"3,413.90","17,640.40",,"8,430.75",,,"6,825.75","8,001.49",8.293,
2014-11-18,,"1,197.10",8.153,"8,441.70",,"3,444.85","17,702.55",,"8,425.90",,,"6,837.35","8,048.68",8.264,
2014-11-19,,"1,193.90",8.164,"8,378.70",,"3,376.25","17,585.65",,"8,382.30",,,"6,797.70","8,075.47",8.278,
2014-11-20,,"1,190.90",8.158,"8,334.20",,"3,361.75","17,645.05",,"8,401.90",,,"6,806.30","8,080.33",8.127,
2014-11-21,,"1,197.70",8.168,"8,378.80",,"3,362.70","18,056.30",,"8,477.35",,,"6,847.30","8,006.82",8.132,
2014-11-24,,"1,195.70",8.162,"8,393.70",,"3,385.70","18,281.95",,"8,530.15",,,"6,880.80","8,035.27",8.141,
2014-11-25,,"1,197.10",8.158,"8,301.85",,"3,313.85","18,037.05",,"8,463.10",,,"6,810.45","7,963.58",8.161,
2014-11-26,,"1,197.50",8.143,"8,333.75",,"3,340.50","17,975.95",,"8,475.75",,,"6,825.45","7,981.53",8.131,
2014-11-27,,"1,175.50",8.147,"8,378.75",,"3,361.55","18,022.50",,"8,494.20",,,"6,845.30","8,005.61",8.127,
2014-11-28,,,8.087,"8,540.25",,"3,418.35","18,513.15",,"8,588.25",,,"6,918.05","8,037.93",8.074,
2014-11-30,,,8.087,,,,,,,,,,,8.074,
2014-12-01,,"1,218.10",8.059,"8,556.10",,"3,403.85","18,525.30",,"8,555.90",,,"6,898.05","7,998.57",8.095,
2014-12-02,,"1,199.40",7.969,"8,481.65",,"3,443.70","18,555.85",,"8,524.70",,,"6,895.70","8,062.37",7.942,
2014-12-03,,"1,208.70",7.971,"8,594.90",,"3,479.75","18,645.85",,"8,537.65",,,"6,935.55","8,235.93",7.988,
2014-12-04,,"1,207.70",7.967,"8,587.70",,"3,488.50","18,782.85",,"8,564.40",,,"6,960.75","8,282.48",8.042,
2014-12-05,,"1,190.40",7.936,"8,585.95",,"3,457.05","18,756.75",,"8,538.30",,,"6,937.55","8,253.21",8.007,
2014-12-08,,"1,194.90",7.917,"8,450.35",,"3,407.35","18,510.05",,"8,438.25",,,"6,857.15","8,161.28",7.931,
2014-12-09,,"1,232.00",7.902,"8,351.85",,"3,324.05","18,290.65",,"8,340.70",,,"6,767.60","8,044.39",8.056,
2014-12-10,,"1,229.40",7.908,"8,389.55",,"3,368.55","18,462.95",,"8,355.65",,,"6,796.25","8,146.66",7.999,
2014-12-11,,"1,225.60",7.866,"8,318.75",,"3,330.00","18,405.00",,"8,292.90",,,"6,744.95","8,057.28",7.89,
2014-12-12,,"1,222.50",7.83,"8,284.35",,"3,270.90","18,299.75",,"8,224.10",,,"6,680.55","7,987.08",7.789,
2014-12-14,,,7.831,,,,,,,,,,,7.789,
2014-12-15,,"1,207.70",7.832,"8,260.75",,"3,246.55","18,372.65",,"8,219.60",,,"6,667.55","7,921.82",7.765,
2014-12-16,,"1,194.30",7.987,"8,109.50",,"3,150.35","17,830.55",,"8,067.60",,,"6,525.20","7,700.74",8.187,
2014-12-17,,"1,194.50",7.969,"7,977.55",,"3,129.40","17,865.75",,"8,029.80",,,"6,492.90","7,598.28",8.057,
2014-12-18,,"1,194.80",7.928,"8,156.10",,"3,248.45","18,326.60",,"8,159.30",,,"6,625.60","7,872.04",7.959,
2014-12-19,,"1,196.00",7.96,"8,168.40",,"3,269.35","18,478.90",,"8,225.20",,,"6,670.15","7,969.55",8.01,
2014-12-22,,"1,179.80",7.954,"8,286.70",,"3,302.10","18,747.35",,"8,324.00",,,"6,744.15","8,016.47",8.085,
2014-12-23,,"1,178.00",7.922,"8,259.50",,"3,263.90","18,603.75",,"8,267.00",,,"6,703.00","7,990.21",8.001,
2014-12-24,,"1,173.50",7.96,"8,184.35",,"3,267.45","18,535.35",,"8,174.10",,,"6,650.60","7,972.32",8.104,
2014-12-26,,"1,195.30",7.978,"8,203.25",,"3,292.70","18,557.20",,"8,200.70",,,"6,674.80","8,015.47",8.211,
2014-12-28,,,7.981,,,,,,,,,,,8.211,
2014-12-29,,"1,181.90",7.927,"8,323.10",,"3,326.45","18,528.35",,"8,246.30",,,"6,718.60","8,120.92",7.964,
2014-12-30,,"1,200.40",7.873,"8,302.35",,"3,344.40","18,647.55",,"8,248.25",,,"6,733.75","8,166.79",7.944,
2014-12-31,,"1,184.10",7.855,"8,281.20",,"3,363.45","18,736.65",,"8,282.70",,,"6,773.65","8,283.31",7.979,
2015-01-01,,,7.88,"8,318.80",,"3,368.60","18,750.45",,"8,284.00",,,"6,786.10","8,319.42",7.879,
2015-01-02,,"1,186.20",7.872,"8,365.40",,"3,394.75","19,057.80",,"8,395.45",,,"6,866.45","8,413.83",8.019,
2015-01-05,,"1,204.00",7.892,"8,467.95",,"3,405.00","19,017.40",,"8,378.40",,,"6,857.45","8,402.64",7.987,
2015-01-06,,"1,219.40",7.899,"8,248.20",,"3,269.70","18,430.75",,"8,127.35",,,"6,656.80","8,145.13",8.03,
2015-01-07,,"1,210.70",7.856,"8,254.70",,"3,261.20","18,304.25",,"8,102.10",,,"6,644.95","8,191.78",7.991,
2015-01-08,,"1,208.50",7.86,"8,397.30",,"3,341.70","18,701.40",,"8,234.60",,,"6,755.45","8,343.39",7.958,
2015-01-09,,"1,216.10",7.844,"8,397.00",,"3,340.95","18,637.25",,"8,284.50",,,"6,783.00","8,379.46",7.95,
2015-01-12,,"1,232.80",7.812,"8,409.55",,"3,379.05","18,795.85",,"8,323.00",,,"6,815.05","8,426.75",7.917,
2015-01-13,,"1,234.40",7.768,"8,398.80",,"3,359.45","18,707.20",,"8,299.40",,,"6,801.40","8,466.89",7.891,
2015-01-14,,"1,234.50",7.772,"8,427.70",,"3,342.70","18,603.80",,"8,277.55",,,"6,787.15","8,460.28",7.9,
2015-01-15,,"1,264.80",7.694,"8,614.70",,"3,401.65","19,235.65",,"8,494.15",,,"6,937.50","8,524.88",7.778,
2015-01-16,,"1,276.90",7.706,"8,623.60",,"3,425.85","19,223.15",,"8,513.80",,,"6,961.45","8,580.31",7.768,
2015-01-19,,"1,294.20",7.723,"8,694.90",,"3,435.55","19,406.05",,"8,550.70",,,"6,992.15","8,604.92",7.86,
2015-01-20,,,7.723,"8,760.90",,"3,442.55","19,767.05",,"8,695.60",,,"7,080.65","8,631.96",7.819,
2015-01-21,,"1,293.70",7.69,"8,779.95",,"3,448.80","19,843.25",,"8,729.50",,,"7,099.60","8,573.93",7.738,
2015-01-22,,"1,300.70",7.712,"8,842.00",,"3,441.35","19,917.65",,"8,761.40",,,"7,121.85","8,614.34",7.753,
2015-01-23,,"1,292.60",7.704,"8,983.10",,"3,451.10","20,072.70",,"8,835.60",,,"7,170.25","8,564.71",7.752,
2015-01-26,,"1,279.40",,,,,,,,,,,,,
2015-01-27,,"1,291.70",7.704,"9,099.60",,"3,455.20","20,555.25",,"8,910.50",,,"7,229.05","8,651.28",7.739,
2015-01-28,,"1,285.90",7.705,"9,043.15",,"3,464.25","20,491.75",,"8,914.30",,,"7,241.55","8,701.87",7.769,
2015-01-29,,"1,255.90",7.711,"9,049.70",,"3,488.15","20,528.60",,"8,952.35",,,"7,257.25","8,646.49",7.742,
2015-01-30,,"1,279.20",7.691,"8,930.85",,"3,484.30","19,843.75",,"8,808.90",,,"7,166.70","8,583.72",7.787,
2015-02-01,,,7.693,,,,,,,,,,,7.787,
2015-02-02,,"1,276.90",7.652,"8,976.10",,"3,516.50","19,865.90",,"8,797.40",,,"7,172.90","8,660.54",7.789,
2015-02-03,,"1,260.30",7.727,"8,919.70",,"3,471.35","19,382.95",,"8,756.55",,,"7,137.45","8,648.33",7.791,
2015-02-04,,"1,264.50",7.717,"8,812.50",,"3,452.10","19,174.00",,"8,723.70",,,"7,108.75","8,634.00",7.863,
2015-02-05,,"1,262.70",7.699,"8,749.65",,"3,375.75","19,051.90",,"8,711.70",,,"7,076.65","8,553.69",7.9,
2015-02-06,,"1,234.60",7.7,"8,496.30",,"3,335.60","18,786.70",,"8,661.05",,,"7,029.45","8,407.83",7.863,
2015-02-09,,"1,241.50",7.728,"8,294.45",,"3,257.15","18,403.85",,"8,526.35",,,"6,922.35","8,246.94",7.915,
2015-02-10,,"1,232.20",7.728,"8,436.05",,"3,277.20","18,752.50",,"8,565.55",,,"6,959.90","8,324.31",7.945,
2015-02-11,,"1,219.60",7.732,"8,514.15",,"3,364.85","18,940.80",,"8,627.40",,,"7,031.80","8,517.24",7.947,
2015-02-12,,"1,220.70",7.743,"8,654.30",,"3,405.40","19,128.60",,"8,711.55",,,"7,108.20","8,644.66",7.935,
2015-02-13,,"1,227.10",7.697,"8,759.00",,"3,435.90","19,369.70",,"8,805.50",,,"7,176.20","8,726.27",7.81,
2015-02-16,,"1,208.60",7.707,"8,792.55",,"3,409.70","19,189.95",,"8,809.35",,,"7,175.00","8,732.13",7.791,
2015-02-18,,"1,200.20",7.708,"8,884.85",,"3,428.50","19,296.50",,"8,869.10",,,"7,228.55","8,838.64",7.814,
2015-02-19,,"1,207.60",7.71,"8,871.65",,"3,438.80","19,188.30",,"8,895.30",,,"7,242.85","8,815.46",7.814,
2015-02-20,,"1,204.90",7.695,"8,874.65",,"3,450.30","19,073.55",,"8,833.60",,,"7,209.40","8,793.60",7.742,
2015-02-23,,"1,200.80",7.702,"8,804.15",,"3,401.20","18,913.40",,"8,754.95",,,"7,147.55","8,721.26",7.779,
2015-02-24,,"1,197.30",7.716,"8,777.70",,"3,393.20","18,883.80",,"8,762.10",,,"7,146.60","8,706.57",7.788,
2015-02-25,,"1,201.50",7.706,"8,781.30",,"3,396.30","18,733.05",,"8,767.25",,,"7,144.20","8,693.44",7.779,
2015-02-26,,"1,210.10",7.738,"8,640.70",,"3,353.20","18,538.10",,"8,683.85",,,"7,077.50","8,568.78",7.787,
2015-02-27,,"1,213.10",7.724,"8,841.80",,"3,440.55","19,074.55",,"8,844.60",,,"7,210.30","8,715.14",7.762,
2015-02-28,,,,"8,935.35",,"3,438.50","19,691.20",,"8,901.85",,,"7,239.45","8,721.86",,
2015-03-02,,"1,208.20",7.741,"8,919.55",,"3,499.65","20,008.10",,"8,956.75",,,"7,299.65","8,890.38",7.823,
2015-03-03,,"1,204.40",7.754,"8,838.80",,"3,538.80","19,961.20",,"8,996.25",,,"7,345.55","9,021.12",7.823,
2015-03-04,,"1,200.90",7.685,"8,777.85",,"3,459.40","19,643.90",,"8,922.65",,,"7,279.80","8,923.06",7.756,
2015-03-05,,"1,196.20",7.705,"8,825.65",,"3,477.95","19,748.00",,"8,937.75",,,"7,303.35","9,047.26",7.927,
2015-03-06,,"1,164.30",,,,,,,,,,,,,
2015-03-09,,"1,166.50",7.74,"8,727.05",,"3,429.05","19,145.55",,"8,756.75",,,"7,171.50","8,945.56",7.926,
2015-03-10,,"1,160.10",7.747,"8,756.40",,"3,432.90","19,054.40",,"8,712.05",,,"7,141.70","8,963.69",7.955,
2015-03-11,,"1,150.60",7.759,"8,761.50",,"3,418.55","19,044.00",,"8,699.95",,,"7,126.60","8,966.51",7.844,
2015-03-12,,"1,151.90",7.722,"8,851.65",,"3,493.00","19,141.85",,"8,776.00",,,"7,202.60","9,111.55",7.82,
2015-03-13,,"1,152.40",7.796,"8,721.75",,"3,414.30","18,779.80",,"8,647.75",,,"7,099.90","9,007.67",7.891,
2015-03-16,,"1,153.20",7.804,"8,697.85",,"3,406.60","18,837.35",,"8,633.15",,,"7,078.95","9,057.69",7.891,
2015-03-17,,"1,148.20",7.782,"8,807.40",,"3,446.25","19,058.25",,"8,723.30",,,"7,154.05","9,182.58",7.847,
2015-03-18,,"1,151.30",7.792,"8,748.75",,"3,457.75","19,147.25",,"8,685.90",,,"7,137.05","9,181.81",7.891,
2015-03-19,,"1,169.00",7.756,"8,719.55",,"3,429.65","18,811.15",,"8,634.65",,,"7,096.75","9,142.57",7.842,
2015-03-20,,"1,184.60",7.746,"8,585.95",,"3,370.25","18,606.35",,"8,570.90",,,"7,028.20","8,992.27",7.826,
2015-03-23,,"1,187.70",7.756,"8,597.80",,"3,355.85","18,449.00",,"8,550.90",,,"6,997.60","8,924.24",7.841,
2015-03-24,,"1,191.40",7.75,"8,480.80",,"3,343.80","18,331.45",,"8,542.95",,,"6,984.75","8,867.24",7.84,
2015-03-25,,"1,197.00",7.772,"8,515.65",,"3,337.70","18,310.10",,"8,530.80",,,"6,972.45","8,833.07",7.84,
2015-03-26,,"1,204.80",7.797,"8,385.35",,"3,305.70","17,831.65",,"8,342.15",,,"6,846.25","8,751.60",7.864,
2015-03-27,,"1,199.80",7.776,"8,435.00",,"3,310.90","18,044.80",,"8,341.40",,,"6,846.60","8,784.83",7.834,
2015-03-30,,"1,185.30",7.761,"8,574.45",,"3,377.60","18,361.80",,"8,492.30",,,"6,969.95","8,956.58",7.849,
2015-03-31,,"1,183.20",7.738,"8,621.75",,"3,373.65","18,206.65",,"8,491.00",,,"6,978.15","9,041.87",7.838,
2015-04-01,,"1,208.20",,"8,710.75",,"3,420.95","18,617.85",,"8,586.25",,,"7,060.20","9,184.55",,
2015-04-02,,"1,200.90",,,,,,,,,,,,,
2015-04-06,,"1,218.60",7.721,"8,792.00",,"3,424.60","18,605.45",,"8,659.90",,,"7,126.75","9,294.73",7.813,
2015-04-07,,"1,210.60",7.786,"8,794.50",,"3,459.65","18,469.30",,"8,660.30",,,"7,144.40","9,361.73",7.822,
2015-04-08,,"1,203.10",7.786,"8,838.75",,"3,482.30","18,416.60",,"8,714.40",,,"7,193.60","9,418.38",7.812,
2015-04-09,,"1,193.60",7.774,"8,848.15",,"3,499.85","18,875.85",,"8,778.30",,,"7,234.00","9,407.87",7.772,
2015-04-10,,"1,204.60",7.801,"8,879.00",,"3,545.05","18,800.85",,"8,780.35",,,"7,246.05","9,413.54",7.786,
2015-04-13,,"1,199.30",7.796,"8,817.85",,"3,559.40","18,798.25",,"8,834.00",,,"7,286.20","9,424.59",7.8,
2015-04-14,,"1,192.60",,,,,,,,,,,,,
2015-04-15,,"1,201.30",7.782,"8,682.00",,"3,525.20","18,716.30",,"8,750.20",,,"7,224.20","9,385.23",7.785,
2015-04-16,,"1,198.00",7.799,"8,666.40",,"3,488.60","18,637.05",,"8,706.70",,,"7,183.35","9,314.10",7.775,
2015-04-17,,"1,203.10",7.791,"8,558.20",,"3,454.65","18,345.55",,"8,606.00",,,"7,093.85","9,175.88",7.764,
2015-04-20,,"1,193.70",7.794,"8,398.60",,"3,368.75","18,112.75",,"8,448.10",,,"6,958.00","9,011.47",7.764,
2015-04-21,,"1,203.10",7.773,"8,284.90",,"3,348.50","18,105.75",,"8,377.75",,,"6,908.00","8,975.80",7.768,
2015-04-22,,"1,186.90",7.753,"8,280.30",,"3,362.70","18,243.70",,"8,429.70",,,"6,938.00","8,926.62",7.758,
2015-04-23,,"1,194.30",7.757,"8,228.80",,"3,349.10","18,245.60",,"8,398.30",,,"6,922.40","8,893.42",7.768,
2015-04-24,,"1,175.00",7.787,"8,164.45",,"3,267.50","18,001.90",,"8,305.25",,,"6,826.55","8,650.80",7.772,
2015-04-27,,"1,203.20",7.778,"8,118.65",,"3,194.15","17,767.60",,"8,213.80",,,"6,723.90","8,332.54",7.782,
2015-04-28,,"1,213.90",7.761,"8,315.40",,"3,246.55","18,246.25",,"8,285.60",,,"6,794.65","8,459.63",7.782,
2015-04-29,,"1,210.00",7.815,"8,278.50",,"3,254.50","18,302.65",,"8,239.75",,,"6,781.70","8,619.47",7.832,
2015-04-30,,"1,182.40",7.86,"8,188.20",,"3,266.90","18,338.10",,"8,181.50",,,"6,749.65","8,627.15",7.882,
2015-05-01,,"1,174.50",,,,,,,,,,,,,
2015-05-03,,,,,,,,,,,,,"8,627.15",,
2015-05-04,,"1,186.80",,"8,330.20",,"3,360.30","18,501.30",,"8,331.95",,,"6,873.40","8,805.30",,
2015-05-05,,"1,193.20",7.849,"8,327.20",,"3,359.50","18,471.45",,"8,324.80",,,"6,878.50","8,872.30",7.882,
2015-05-06,,"1,190.30",7.891,"8,089.85",,"3,215.95","17,799.55",,"8,097.00",,,"6,680.90","8,536.61",7.923,
2015-05-07,,"1,182.20",7.993,"7,986.25",,"3,143.10","17,376.90",,"8,057.30",,,"6,616.85","8,331.88",7.933,
2015-05-08,,"1,188.90",7.977,"8,199.25",,"3,205.65","17,796.60",,"8,191.50",,,"6,728.90","8,458.13",7.943,
2015-05-11,,"1,183.00",7.886,"8,427.55",,"3,282.10","18,199.75",,"8,325.25",,,"6,839.00","8,622.61",7.855,
2015-05-12,,"1,192.40",7.95,"8,277.50",,"3,194.95","17,628.65",,"8,126.95",,,"6,689.40","8,433.22",7.865,
2015-05-13,,"1,218.20",7.957,"8,413.40",,"3,242.55","18,097.45",,"8,235.45",,,"6,780.40","8,568.75",7.943,
2015-05-14,,"1,225.20",7.939,"8,485.50",,"3,302.30","18,116.20",,"8,224.20",,,"6,796.75","8,679.94",7.943,
2015-05-15,,"1,225.30",7.946,"8,539.55",,"3,300.65","18,183.15",,"8,262.35",,,"6,827.05","8,764.98",7.937,
2015-05-18,,"1,227.60",7.898,"8,600.05",,"3,341.90","18,422.95",,"8,373.65",,,"6,910.85","8,858.92",7.885,
2015-05-19,,"1,206.70",7.858,"8,531.30",,"3,341.90","18,380.40",,"8,365.65",,,"6,909.70","8,902.56",7.813,
2015-05-20,,"1,208.70",7.855,"8,484.80",,"3,347.20","18,555.15",,"8,423.25",,,"6,944.40","8,897.80",7.833,
2015-05-21,,"1,204.10",7.876,"8,549.60",,"3,340.20","18,513.15",,"8,421.00",,,"6,938.75","8,879.99",7.88,
2015-05-22,,"1,204.00",7.858,"8,581.65",,"3,334.80","18,433.30",,"8,458.95",,,"6,964.45","8,897.11",7.879,
2015-05-25,,"1,186.90",7.864,"8,565.10",,"3,333.50","18,324.85",,"8,370.25",,,"6,911.15","8,915.52",7.801,
2015-05-26,,,7.891,"8,548.15",,"3,332.05","18,329.30",,"8,339.35",,,"6,890.60","8,926.08",7.817,
2015-05-27,,"1,185.60",7.868,"8,369.90",,"3,341.55","18,538.85",,"8,334.60",,,"6,885.10","8,940.25",7.801,
2015-05-28,,"1,188.80",7.854,"8,379.30",,"3,344.75","18,449.20",,"8,319.00",,,"6,867.75","8,896.07",7.8,
2015-05-29,,"1,189.80",7.815,"8,536.75",,"3,371.95","18,721.35",,"8,433.65",,,"6,959.85","9,101.99",7.768,
2015-05-30,,,7.816,,,,,,,,,,,7.768,
2015-06-01,,"1,188.70",7.822,"8,509.35",,"3,368.05","18,617.00",,"8,433.40",,,"6,957.45","9,127.63",7.773,
2015-06-02,,"1,194.40",7.933,"8,325.05",,"3,273.50","17,977.30",,"8,236.45",,,"6,799.45","8,909.06",7.8,
2015-06-03,,"1,184.90",7.951,"8,191.60",,"3,200.00","17,721.40",,"8,135.10",,,"6,703.45","8,703.39",7.884,
2015-06-04,,"1,175.20",8.01,"8,130.45",,"3,185.15","17,719.20",,"8,130.65",,,"6,704.75","8,736.40",7.894,
2015-06-05,,"1,168.10",7.983,"8,092.30",,"3,190.85","17,549.25",,"8,114.70",,,"6,700.70","8,753.41",7.878,
2015-06-06,,,,,,,,,,,,,"8,753.41",,
2015-06-07,,,7.983,,,,,,,,,,"8,753.41",7.878,
2015-06-08,,"1,173.60",7.801,"8,006.15",,"3,120.20","17,432.60",,"8,044.15",,,"6,631.30","8,606.86",7.894,
2015-06-09,,"1,177.60",7.789,"7,953.65",,"3,120.70","17,489.90",,"8,022.40",,,"6,612.90","8,526.90",7.857,
2015-06-10,,"1,186.60",7.825,"8,104.05",,"3,154.60","17,707.25",,"8,124.45",,,"6,691.25","8,644.37",7.889,
2015-06-11,,"1,180.40",7.879,"7,909.00",,"3,083.10","17,304.40",,"7,965.35",,,"6,568.50","8,512.69",7.878,
2015-06-12,,"1,179.20",7.886,"7,905.25",,"3,088.55","17,523.55",,"7,982.90",,,"6,577.40","8,481.09",7.916,
2015-06-15,,"1,185.80",7.863,"7,996.20",,"3,099.05","17,458.70",,"8,013.90",,,"6,600.65","8,514.07",7.905,
2015-06-16,,"1,180.90",7.882,"8,090.85",,"3,119.25","17,602.45",,"8,047.30",,,"6,627.00","8,576.94",7.905,
2015-06-17,,"1,176.80",7.846,"8,160.95",,"3,148.70","17,584.05",,"8,091.55",,,"6,680.80","8,752.54",7.889,
2015-06-18,,"1,202.00",7.763,"8,258.65",,"3,172.45","17,733.55",,"8,174.60",,,"6,746.85","8,858.61",7.862,
2015-06-19,,"1,201.90",7.708,"8,305.35",,"3,203.95","17,880.85",,"8,224.95",,,"6,785.10","8,866.16",7.818,
2015-06-22,,"1,184.10",7.736,"8,400.70",,"3,260.30","18,334.50",,"8,353.10",,,"6,889.70","8,999.99",7.802,
2015-06-23,,"1,176.60",7.748,"8,405.80",,"3,283.40","18,391.35",,"8,381.55",,,"6,912.45","9,025.41",7.796,
2015-06-24,,"1,172.90",7.804,"8,326.95",,"3,227.45","18,365.55",,"8,360.85",,,"6,887.80","8,983.29",7.878,
2015-06-25,,"1,171.80",7.823,"8,395.95",,"3,249.85","18,492.90",,"8,398.00",,,"6,917.55","8,990.16",7.823,
2015-06-26,,"1,173.20",7.821,"8,447.20",,"3,247.35","18,371.50",,"8,381.10",,,"6,908.85","9,025.71",7.888,
2015-06-29,,"1,179.00",7.886,"8,325.05",,"3,188.35","18,241.25",,"8,318.40",,,"6,843.95","8,858.32",7.905,
2015-06-30,,"1,171.80",7.861,"8,383.25",,"3,212.45","18,296.10",,"8,368.50",,,"6,897.20","8,975.14",7.823,
2015-07-01,,"1,169.30",7.817,"8,482.45",,"3,277.40","18,581.60",,"8,453.05",,,"6,972.30","9,111.15",7.795,
2015-07-02,,"1,163.50",7.811,"8,528.60",,"3,299.20","18,585.55",,"8,444.90",,,"6,983.35","9,224.89",7.795,
2015-07-03,,"1,173.20",7.799,"8,493.50",,"3,292.90","18,729.65",,"8,484.90",,,"7,003.95","9,181.50",7.766,
2015-07-06,,,7.753,"8,517.95",,"3,347.10","18,825.15",,"8,522.15",,,"7,043.40","9,258.77",7.765,
2015-07-07,,"1,152.60",7.78,"8,488.90",,"3,373.55","18,798.50",,"8,510.80",,,"7,051.05","9,327.03",7.737,
2015-07-08,,"1,163.50",7.781,"8,287.30",,"3,313.90","18,463.15",,"8,363.05",,,"6,939.70","9,181.93",7.753,
2015-07-09,,"1,159.20",7.792,"8,248.55",,"3,323.50","18,508.70",,"8,328.55",,,"6,915.35","9,165.11",7.774,
2015-07-10,,"1,157.90",7.802,"8,234.10",,"3,325.30","18,719.80",,"8,360.55",,,"6,935.55","9,193.53",7.767,
2015-07-13,,"1,155.40",7.867,"8,370.75",,"3,369.10","18,893.55",,"8,459.65",,,"7,016.55","9,322.33",7.817,
2015-07-14,,"1,153.50",7.823,"8,305.70",,"3,384.30","18,780.20",,"8,454.10",,,"7,020.25","9,382.03",7.816,
2015-07-15,,"1,147.40",7.839,"8,403.20",,"3,385.85","18,816.25",,"8,523.80",,,"7,065.65","9,421.28",7.899,
2015-07-16,,"1,143.90",7.845,"8,434.55",,"3,422.35","19,168.05",,"8,608.05",,,"7,136.80","9,547.56",7.826,
2015-07-17,,"1,131.90",7.83,"8,473.90",,"3,437.00","19,094.70",,"8,609.85",,,"7,148.05","9,616.26",7.785,
2015-07-18,,,7.831,,,,,,,,,,,7.785,
2015-07-20,,"1,106.80",7.84,"8,476.35",,"3,448.90","19,032.70",,"8,603.45",,,"7,148.50","9,659.32",7.807,
2015-07-21,,"1,103.50",7.836,"8,440.45",,"3,384.75","18,723.40",,"8,529.45",,,"7,070.30","9,436.97",7.84,
2015-07-22,,"1,091.50",7.828,"8,538.80",,"3,439.60","18,997.00",,"8,633.50",,,"7,149.45","9,485.51",7.795,
2015-07-23,,"1,094.10",7.803,"8,581.35",,"3,458.05","18,865.00",,"8,589.80",,,"7,129.35","9,470.87",7.783,
2015-07-24,,"1,085.50",7.83,"8,472.05",,"3,419.45","18,635.85",,"8,521.55",,,"7,074.95","9,420.53",7.798,
2015-07-25,,,,,,,,,,,,,"9,420.53",,
2015-07-27,,"1,096.40",7.828,"8,305.65",,"3,353.10","18,213.05",,"8,361.00",,,"6,955.35","9,328.75",7.781,
2015-07-28,,"1,096.20",7.805,"8,259.50",,"3,346.35","18,282.80",,"8,337.00",,,"6,935.65","9,339.13",7.763,
2015-07-29,,"1,092.60",7.809,"8,368.90",,"3,369.55","18,323.40",,"8,375.05",,,"6,974.15","9,406.95",7.757,
2015-07-30,,"1,088.70",7.821,"8,387.50",,"3,416.80","18,440.40",,"8,421.80",,,"7,019.60","9,485.72",7.837,
2015-07-31,,"1,095.10",7.806,"8,544.85",,"3,443.65","18,729.85",,"8,532.85",,,"7,106.20","9,591.69",7.846,
2015-08-03,,"1,089.40",7.813,"8,609.65",,"3,480.65","18,914.70",,"8,543.05",,,"7,129.00","9,670.62",7.778,
2015-08-04,,"1,090.70",7.84,"8,703.60",,"3,527.25","18,972.60",,"8,516.90",,,"7,136.30","9,762.59",7.851,
2015-08-05,,"1,085.60",7.836,"8,795.45",,"3,536.85","18,928.55",,"8,567.95",,,"7,186.25","9,808.84",7.805,
2015-08-06,,"1,090.10",7.806,"8,796.95",,"3,544.65","19,029.35",,"8,588.65",,,"7,202.00","9,802.35",7.759,
2015-08-07,,"1,094.10",7.809,"8,803.00",,"3,539.90","18,893.55",,"8,564.60",,,"7,183.85","9,797.80",7.849,
2015-08-10,,"1,104.10",7.788,"8,745.60",,"3,508.60","18,875.00",,"8,525.60",,,"7,157.55","9,787.27",7.802,
2015-08-11,,"1,107.70",7.796,"8,619.25",,"3,455.00","18,616.90",,"8,462.35",,,"7,101.10","9,711.69",7.831,
2015-08-12,,"1,123.60",7.796,"8,407.15",,"3,362.35","18,059.75",,"8,349.45",,,"6,986.45","9,534.11",7.79,
2015-08-13,,"1,115.60",7.744,"8,441.55",,"3,339.95","18,175.40",,"8,355.85",,,"6,976.60","9,498.15",7.76,
2015-08-14,,"1,112.70",7.745,"8,642.10",,"3,418.20","18,723.60",,"8,518.55",,,"7,112.50","9,592.35",7.741,
2015-08-17,,"1,118.40",7.744,"8,615.45",,"3,442.10","18,822.05",,"8,477.30",,,"7,098.70","9,656.00",7.752,
2015-08-18,,"1,116.90",,"8,662.55",,"3,463.35","18,780.85",,"8,466.55",,,"7,106.40","9,817.11",,
2015-08-19,,"1,127.90",7.741,"8,703.30",,"3,444.70","18,703.25",,"8,495.15",,,"7,125.85","9,921.89",7.74,
2015-08-20,,"1,153.20",7.747,"8,553.55",,"3,364.10","18,283.10",,"8,372.75",,,"7,016.95","9,763.25",7.739,
2015-08-21,,"1,159.60",7.784,"8,381.70",,"3,343.75","18,057.20",,"8,299.95",,,"6,961.00","9,686.02",7.714,
2015-08-24,,"1,153.60",7.893,"7,773.45",,"2,979.45","16,811.80",,"7,809.00",,,"6,493.85","8,751.84",7.854,
2015-08-25,,"1,138.30",7.814,"7,920.35",,"3,056.85","17,192.75",,"7,880.70",,,"6,569.85","8,929.74",7.748,
2015-08-26,,"1,124.60",7.791,"7,882.10",,"3,055.40","16,917.65",,"7,791.85",,,"6,513.35","8,937.83",7.73,
2015-08-27,,"1,122.60",7.766,"7,952.35",,"3,150.60","17,214.40",,"7,948.95",,,"6,657.25","9,186.77",7.723,
2015-08-28,,"1,134.00",7.777,"8,023.30",,"3,147.05","17,211.95",,"8,001.95",,,"6,694.45","9,212.72",7.734,
2015-08-31,,"1,132.50",7.784,"7,948.55",,"3,136.85","17,146.55",,"7,971.30",,,"6,669.35","9,185.35",7.722,
2015-09-01,,"1,139.80",7.751,"7,745.40",,"3,048.10","16,530.30",,"7,785.85",,,"6,522.25","8,999.97",7.703,
2015-09-02,,"1,133.60",7.75,"7,638.70",,"3,027.00","16,252.70",,"7,717.00",,,"6,475.65","9,003.83",7.691,
2015-09-03,,"1,124.50",7.746,"7,738.60",,"3,067.85","16,555.40",,"7,823.00",,,"6,560.05","9,135.25",7.696,
2015-09-04,,"1,121.40",7.753,"7,559.45",,"2,982.75","16,129.10",,"7,655.05",,,"6,421.05","8,913.36",7.7,
2015-09-07,,"1,121.00",7.801,"7,464.30",,"2,937.20","15,790.10",,"7,558.80",,,"6,323.40","8,679.78",7.718,
2015-09-08,,,7.771,"7,589.00",,"2,990.75","16,350.95",,"7,688.25",,,"6,407.00","8,711.36",7.699,
2015-09-09,,"1,102.00",7.766,"7,814.85",,"3,062.90","16,631.50",,"7,818.60",,,"6,522.30","8,852.92",7.699,
2015-09-10,,"1,109.30",7.772,"7,875.85",,"3,062.15","16,597.65",,"7,788.10",,,"6,504.50","8,821.25",7.698,
2015-09-11,,"1,103.30",7.771,"7,857.45",,"3,062.75","16,612.60",,"7,789.30",,,"6,511.55","8,882.60",7.69,
2015-09-14,,"1,107.70",7.755,"7,890.75",,"3,123.25","16,911.80",,"7,872.25",,,"6,582.70","8,941.35",7.696,
2015-09-15,,"1,102.60",7.756,"7,766.20",,"3,096.50","16,739.55",,"7,829.10",,,"6,543.25","8,915.79",7.689,
2015-09-16,,"1,119.00",7.753,"7,799.10",,"3,092.85","16,964.85",,"7,899.15",,,"6,571.60","8,833.99",7.682,
2015-09-17,,"1,117.00",,,,,,,,,,,,,
2015-09-18,,"1,137.80",7.697,"7,842.55",,"3,118.10","17,409.15",,"7,981.90",,,"6,636.95","8,854.90",7.686,
2015-09-21,,"1,132.80",7.703,"7,848.75",,"3,174.80","17,542.90",,"7,977.10",,,"6,647.15","8,898.91",7.637,
2015-09-22,,"1,124.80",7.715,"7,709.85",,"3,118.30","17,031.15",,"7,812.00",,,"6,528.55","8,836.10",7.63,
2015-09-23,,"1,131.50",7.715,"7,705.55",,"3,149.35","17,255.30",,"7,845.95",,,"6,553.90","8,907.87",7.629,
2015-09-24,,"1,153.80",7.715,"7,721.25",,"3,160.35","17,196.65",,"7,868.50",,,"6,573.90","8,954.23",7.627,
2015-09-25,,"1,145.60",,,,,,,,,,,,,
2015-09-27,,,7.716,,,,,,,,,,,7.627,
2015-09-28,,"1,131.70",7.725,"7,584.25",,"3,154.25","17,100.30",,"7,795.70",,,"6,524.25","8,971.51",7.626,
2015-09-29,,"1,126.80",7.611,"7,648.20",,"3,153.80","17,281.20",,"7,843.30",,,"6,552.35","8,983.72",7.46,
2015-09-30,,"1,115.20",7.539,"7,759.60",,"3,201.35","17,216.30",,"7,948.90",,,"6,646.10","9,153.48",7.471,
2015-10-01,,"1,113.70",7.561,"7,731.55",,"3,201.20","17,150.20",,"7,950.90",,,"6,654.50","9,222.20",7.474,
2015-10-02,,"1,136.60",,,,,,,,,,,,,
2015-10-03,,,7.563,,,,,,,,,,,7.474,
2015-10-05,,"1,137.60",7.513,"7,890.45",,"3,276.05","17,674.05",,"8,119.30",,,"6,789.10","9,394.74",7.436,
2015-10-06,,"1,146.40",7.527,"7,947.65",,"3,306.35","17,605.35",,"8,152.90",,,"6,818.65","9,741.44",7.46,
2015-10-07,,"1,148.70",7.54,"8,064.05",,"3,314.55","17,616.80",,"8,177.40",,,"6,835.80","9,459.01",7.465,
2015-10-08,,"1,144.30",7.536,"8,021.75",,"3,295.65","17,474.30",,"8,129.35",,,"6,793.80","9,391.55",7.452,
2015-10-09,,"1,155.90",7.545,"8,051.20",,"3,299.90","17,590.25",,"8,189.70",,,"6,829.40","9,371.55",7.449,
2015-10-12,,"1,164.50",7.58,"8,062.60",,"3,303.75","17,583.15",,"8,143.60",,,"6,802.30","9,341.80",7.467,
2015-10-13,,"1,165.40",7.56,"8,078.20",,"3,321.65","17,554.85",,"8,131.70",,,"6,797.55","9,333.35",7.46,
2015-10-14,,"1,179.80",7.554,"8,010.55",,"3,320.60","17,543.25",,"8,107.90",,,"6,786.05","9,399.63",7.459,
2015-10-15,,"1,187.50",7.548,"8,193.40",,"3,348.15","17,686.10",,"8,179.50",,,"6,834.05","9,416.07",7.426,
2015-10-16,,"1,183.10",7.564,"8,266.65",,"3,367.20","17,912.85",,"8,238.15",,,"6,870.85","9,434.28",7.455,
2015-10-18,,,7.565,,,,,,,,,,,7.455,
2015-10-19,,"1,172.80",7.571,"8,245.55",,"3,385.10","17,855.05",,"8,275.05",,,"6,907.70","9,517.23",7.435,
2015-10-20,,"1,177.50",7.579,"8,265.40",,"3,399.10","17,830.25",,"8,261.65",,,"6,907.10","9,565.62",7.453,
2015-10-21,,"1,167.10",7.583,"8,285.15",,"3,380.55","17,710.55",,"8,251.70",,,"6,895.75","9,550.54",7.445,
2015-10-22,,"1,166.10",,,,,,,,,,,,,
2015-10-23,,"1,162.80",7.585,"8,228.30",,"3,381.20","17,934.05",,"8,295.45",,,"6,913.05","9,496.42",7.443,
2015-10-26,,"1,166.20",7.611,"8,232.25",,"3,356.55","17,815.05",,"8,260.55",,,"6,882.60","9,463.31",7.454,
2015-10-27,,"1,165.80",7.604,"8,272.35",,"3,367.35","17,806.30",,"8,232.90",,,"6,870.35","9,444.28",7.428,
2015-10-28,,"1,176.10",7.591,"8,206.15",,"3,348.30","17,373.15",,"8,171.20",,,"6,828.15","9,422.84",7.421,
2015-10-29,,"1,147.30",7.629,"8,195.90",,"3,327.45","17,212.20",,"8,111.75",,,"6,784.85","9,396.88",7.407,
2015-10-30,,"1,141.40",7.64,"8,091.95",,"3,307.30","17,354.50",,"8,065.80",,,"6,750.95","9,341.23",7.405,
2015-11-02,,"1,135.90",7.629,"8,097.10",,"3,300.80","17,340.60",,"8,050.80",,,"6,740.90","9,316.99",7.423,
2015-11-03,,"1,114.10",7.646,"8,102.90",,"3,306.40","17,325.60",,"8,060.70",,,"6,755.15","9,326.20",7.41,
2015-11-04,,"1,106.20",7.652,"8,235.75",,"3,300.55","17,221.05",,"8,040.20",,,"6,741.20","9,292.87",7.409,
2015-11-05,,"1,104.20",7.679,"8,194.15",,"3,233.50","16,995.10",,"7,955.45",,,"6,661.70","9,118.52",7.408,
2015-11-06,,"1,087.70",7.685,"8,144.45",,"3,210.50","17,086.50",,"7,954.30",,,"6,650.10","9,090.59",7.418,
2015-11-09,,"1,088.10",7.725,"8,246.20",,"3,253.25","17,003.00",,"7,915.20",,,"6,641.40","9,200.46",7.417,
2015-11-10,,"1,088.50",7.682,"8,257.70",,"3,205.15","16,836.00",,"7,783.35",,,"6,536.45","9,078.75",7.401,
2015-11-11,,"1,084.90",,"8,257.70",,"3,205.15","16,836.00",,"7,825.00",,,"6,536.45","9,158.08",,
2015-11-12,,"1,081.00",,,,,,,,,,,,,
2015-11-13,,"1,080.90",7.646,"8,178.30",,"3,220.10","16,932.85",,"7,762.25",,,"6,526.60","9,029.85",7.398,
2015-11-16,,"1,083.60",7.652,"8,190.35",,"3,255.05","17,184.90",,"7,806.60",,,"6,551.45","9,016.80",7.397,
2015-11-17,,"1,068.60",7.667,"8,252.10",,"3,280.10","17,140.45",,"7,837.55",,,"6,580.80","9,072.51",7.396,
2015-11-18,,"1,068.70",7.679,"8,181.00",,"3,234.90","16,812.10",,"7,731.80",,,"6,507.55","9,007.31",7.396,
2015-11-19,,"1,077.90",7.672,"8,295.05",,"3,275.20","17,071.90",,"7,842.75",,,"6,594.55","9,125.75",7.414,
2015-11-20,,"1,076.30",7.697,"8,339.40",,"3,312.20","17,055.60",,"7,856.55",,,"6,615.65","9,187.31",7.445,
2015-11-22,,,7.697,,,,,,,,,,,7.445,
2015-11-23,,"1,066.80",7.715,"8,395.35",,"3,323.40","17,060.25",,"7,849.25",,,"6,615.50","9,232.64",7.424,
2015-11-24,,"1,073.80",7.703,"8,332.90",,"3,325.35","16,988.65",,"7,831.60",,,"9,436.95","9,255.81",7.409,
2015-11-25,,"1,070.00",,,,,,,,,,,,,
2015-11-26,,"1,056.20",7.72,"8,444.60",,"3,356.70","17,036.55",,"7,883.80",,,"6,644.90","9,235.14",7.522,
2015-11-27,,,7.766,"8,443.65",,"3,386.70","17,370.95",,"7,942.70",,,"6,686.90","9,278.51",7.432,
2015-11-30,,"1,065.30",7.786,"8,481.85",,"3,406.15","17,430.40",,"7,935.25",,,"6,686.10","9,333.62",7.431,
2015-12-01,,"1,063.50",7.72,"8,419.00",,"3,424.35","17,398.55",,"7,954.90",,,"6,712.50","9,426.83",7.383,
2015-12-02,,"1,053.80",7.742,"8,416.40",,"3,411.65","17,218.50",,"7,931.35",,,"6,699.80","9,411.11",7.382,
2015-12-03,,"1,061.20",7.712,"8,334.65",,"3,391.00","17,110.10",,"7,864.15",,,"6,649.50","9,342.97",7.361,
2015-12-04,,"1,084.10",7.757,"8,240.70",,"3,356.00","16,897.30",,"7,781.90",,,"6,584.90","9,280.06",7.365,
2015-12-07,,"1,075.20",7.754,"8,221.50",,"3,352.80","16,947.00",,"7,765.40",,,"6,576.85","9,260.04",7.344,
2015-12-08,,"1,075.30",7.795,"8,210.35",,"3,291.75","16,801.15",,"7,701.70",,,"6,515.15","9,170.39",7.39,
2015-12-09,,"1,076.50",7.777,"8,067.90",,"3,221.25","16,660.75",,"7,612.50",,,"6,425.35","8,960.85",7.389,
2015-12-10,,"1,072.00",7.78,"8,085.00",,"3,266.45","16,711.05",,"7,683.30",,,"6,484.25","9,071.76",7.388,
2015-12-11,,"1,075.70",7.773,"7,943.25",,"3,214.90","16,342.50",,"7,610.45",,,"6,425.45","9,002.84",7.386,
2015-12-14,,"1,063.40",7.816,"7,964.05",,"3,222.70","16,350.65",,"7,650.05",,,"6,457.60","9,037.76",7.392,
2015-12-15,,"1,061.60",7.787,"8,082.35",,"3,238.90","16,398.65",,"7,700.90",,,"6,501.75","9,104.53",7.377,
2015-12-16,,"1,076.80",7.734,"8,035.60",,"3,258.00","16,579.40",,"7,750.90",,,"6,535.45","9,121.77",7.362,
2015-12-17,,"1,049.60",7.708,"8,149.00",,"3,321.05","16,741.50",,"7,844.35",,,"6,621.75","9,323.14",7.368,
2015-12-18,,"1,065.00",7.725,"8,079.20",,"3,315.90","16,594.30",,"7,761.95",,,"6,570.80","9,304.39",7.4,
2015-12-21,,"1,080.60",7.773,"8,154.90",,"3,344.40","16,825.15",,"7,834.45",,,"6,628.05","9,373.17",7.364,
2015-12-22,,"1,074.10",7.756,"8,099.65",,"3,319.30","16,749.20",,"7,786.10",,,"6,595.85","9,374.23",7.363,
2015-12-23,,"1,068.30",7.749,"8,111.00",,"3,337.10","16,882.50",,"7,865.95",,,"6,652.75","9,433.77",7.359,
2015-12-24,,"1,075.90",,"8,136.60",,"3,366.70","16,811.00",,"7,861.05",,,"6,656.75","9,446.83",,
2015-12-28,,"1,068.30",7.756,"8,228.40",,"3,376.10","16,979.15",,"7,925.15",,,"6,700.70","9,466.65",7.393,
2015-12-29,,"1,068.00",7.755,"8,268.80",,"3,388.90","16,991.45",,"7,928.95",,,"6,705.25","9,500.10",7.392,
2015-12-30,,"1,059.80",7.749,"8,240.20",,"3,390.85","16,917.90",,"7,896.25",,,"6,685.45","9,497.06",7.378,
2015-12-31,,"1,060.20",7.758,"8,254.75",,"3,415.20","16,922.20",,"7,946.35",,,"6,724.75","9,502.57",7.434,
2016-01-01,,,7.727,"8,328.30",,"3,472.10","17,039.25",,"7,963.20",,,"6,753.65","9,568.62",7.338,
2016-01-04,,"1,075.20",7.723,"8,142.85",,"3,425.25","16,599.15",,"7,791.30",,,"6,630.80","9,477.80",7.336,
2016-01-05,,"1,078.40",7.739,"8,124.35",,"3,464.25","16,542.50",,"7,784.65",,,"6,639.50","9,511.32",7.342,
2016-01-06,,"1,091.90",7.736,"8,025.40",,"3,445.35","16,433.15",,"7,741.00",,,"6,607.65","9,494.62",7.319,
2016-01-07,,"1,107.80",7.736,"7,725.15",,"3,315.35","16,073.85",,"7,568.30",,,"6,446.85","9,267.82",7.274,
2016-01-08,,"1,097.90",7.741,"7,744.25",,"3,361.95","16,142.65",,"7,601.35",,,"6,490.85","9,329.22",7.305,
2016-01-10,,,7.741,,,,,,,,,,,7.305,
2016-01-11,,"1,096.20",7.754,"7,751.65",,"3,342.40","16,016.25",,"7,563.85",,,"6,451.85","9,269.19",7.289,
2016-01-12,,"1,085.20",7.759,"7,721.05",,"3,302.70","15,734.80",,"7,510.30",,,"6,405.45","9,254.94",7.266,
2016-01-13,,"1,087.10",7.765,"7,795.50",,"3,246.00","15,871.85",,"7,562.40",,,"6,415.95","9,111.93",7.272,
2016-01-14,,"1,073.60",7.786,"7,684.65",,"3,187.95","15,609.80",,"7,536.80",,,"6,378.20","8,994.47",7.277,
2016-01-15,,"1,090.70",7.806,"7,544.20",,"3,047.25","15,206.30",,"7,437.80",,,"6,262.40","8,677.91",7.287,
2016-01-18,,"1,089.10",7.811,"7,431.45",,"2,952.65","15,020.80",,"7,351.00",,,"6,149.15","8,258.95",7.278,
2016-01-19,,,7.78,"7,526.00",,"3,009.00","15,269.65",,"7,435.10",,,"6,225.20","8,436.47",7.261,
2016-01-20,,"1,106.20",7.754,"7,401.55",,"2,928.90","14,935.50",,"7,309.30",,,"6,115.75","8,283.80",7.26,
2016-01-21,,"1,098.20",7.748,"7,259.45",,"2,944.95","15,101.20",,"7,276.80",,,"6,092.05","8,334.13",7.258,
2016-01-22,,"1,096.30",7.775,"7,544.00",,"3,041.90","15,497.55",,"7,422.45",,,"6,216.70","8,505.13",7.26,
2016-01-25,,"1,105.30",7.805,"7,487.30",,"3,048.65","15,561.15",,"7,436.15",,,"6,234.45","8,566.78",7.279,
2016-01-26,,"1,120.20",,,,,,,,,,,,,
2016-01-27,,"1,115.80",7.788,"7,491.30",,"3,075.70","15,534.60",,"7,437.75",,,"6,242.40","8,634.33",7.278,
2016-01-28,,"1,116.10",7.805,"7,458.00",,"3,062.75","15,381.45",,"7,424.65",,,"6,230.00","8,696.06",7.276,
2016-01-29,,"1,116.40",7.779,"7,605.05",,"3,093.25","15,522.40",,"7,563.55",,,"6,339.45","8,835.37",7.273,
2016-01-30,,,,,,,,,,,,,"8,835.37",,
2016-02-01,,"1,128.00",7.792,"7,569.90",,"3,086.15","15,314.45",,"7,555.95",,,"6,341.60","8,948.08",7.308,
2016-02-02,,"1,127.20",7.849,"7,470.40",,"3,044.45","15,068.00",,"7,455.55",,,"6,252.20","8,821.92",7.307,
2016-02-03,,"1,141.30",7.849,"7,343.30",,"2,965.65","14,834.05",,"7,361.80",,,"6,166.20","8,674.72",7.32,
2016-02-04,,"1,157.50",7.835,"7,377.55",,"2,941.70","14,869.15",,"7,404.00",,,"6,186.25","8,530.37",7.303,
2016-02-05,,"1,157.70",7.822,"7,495.95",,"3,023.25","15,162.05",,"7,489.10",,,"6,270.50","8,698.90",7.299,
2016-02-08,,"1,197.90",7.725,"7,423.20",,"3,012.30","15,046.80",,"7,387.25",,,"6,209.80","8,698.53",7.391,
2016-02-09,,"1,198.60",7.738,"7,295.75",,"2,951.05","14,875.10",,"7,298.20",,,"6,125.60","8,551.36",7.386,
2016-02-10,,"1,194.60",7.722,"7,202.50",,"2,916.60","14,588.45",,"7,215.70",,,"6,051.95","8,430.39",7.38,
2016-02-11,,"1,247.80",7.716,"6,949.45",,"2,749.85","14,028.55",,"6,976.35",,,"5,843.20","7,973.47",7.375,
2016-02-12,,"1,239.40",7.723,"7,074.50",,"2,723.45","13,971.50",,"6,980.95",,,"5,833.40","7,910.98",7.373,
2016-02-14,,,7.723,,,,,,,,,,,7.373,
2016-02-15,,"1,208.20",7.754,"7,391.15",,"2,846.10","14,445.00",,"7,162.95",,,"5,999.05","8,160.47",7.393,
2016-02-16,,,7.78,"7,248.70",,"2,756.90","14,166.45",,"7,048.25",,,"5,889.10","7,971.91",7.403,
2016-02-17,,"1,211.40",7.786,"7,320.90",,"2,781.90","14,119.85",,"7,108.45",,,"5,930.15","8,054.96",7.418,
2016-02-18,,"1,226.30",7.738,"7,373.40",,"2,797.65","14,298.15",,"7,191.75",,,"5,988.80","8,082.64",7.411,
2016-02-19,,"1,230.80",,"7,441.50",,"2,807.10","14,344.20",,"7,210.75",,,"6,000.40","8,106.78",,
2016-02-22,,"1,210.10",7.773,"7,464.80",,"2,822.90","14,384.80",,"7,234.55",,,"6,024.15","8,118.46",7.436,
2016-02-23,,"1,222.60",7.822,"7,351.60",,"2,780.85","14,008.35",,"7,109.55",,,"5,930.90","8,019.52",7.487,
2016-02-24,,"1,239.10",7.832,"7,261.15",,"2,759.60","13,794.05",,"7,018.70",,,"5,859.75","7,915.50",7.564,
2016-02-25,,"1,238.80",7.861,"7,175.75",,"2,707.40","13,555.70",,"6,970.60",,,"5,816.50","7,825.36",7.703,
2016-02-26,,"1,220.40",7.779,"7,164.85",,"2,714.40","13,791.45",,"7,029.75",,,"5,852.90","7,736.91",7.615,
2016-02-29,,"1,234.40",7.623,"7,092.30",,"2,720.75","13,946.40",,"6,987.05",,,"5,829.95","7,756.04",7.433,
2016-03-01,,"1,230.80",7.604,"7,396.05",,"2,820.80","14,412.90",,"7,222.30",,,"6,020.05","8,051.05",7.412,
2016-03-02,,"1,241.80",7.623,"7,435.15",,"2,905.90","15,092.45",,"7,368.85",,,"6,137.15","8,246.27",7.422,
2016-03-03,,"1,258.20",7.658,"7,580.30",,"2,945.95","15,177.75",,"7,475.60",,,"6,218.40","8,392.96",7.458,
2016-03-04,,"1,270.70",7.633,"7,591.75",,"2,985.15","15,339.20",,"7,485.35",,,"6,239.35","8,466.90",7.462,
2016-03-06,,,,,,,,,,,,,"8,466.90",,
2016-03-07,,"1,264.00",,,,,,,,,,,,,
2016-03-08,,"1,262.90",7.642,"7,596.65",,"2,992.60","15,146.50",,"7,485.30",,,"6,243.65","8,535.76",7.493,
2016-03-09,,"1,257.40",7.654,"7,689.80",,"3,025.35","15,279.05",,"7,531.80",,,"6,275.10","8,566.74",7.477,
2016-03-10,,"1,272.80",7.635,"7,688.30",,"3,005.20","15,180.65",,"7,486.15",,,"6,242.95","8,509.05",7.471,
2016-03-11,,"1,259.40",7.627,"7,723.55",,"3,009.45","15,168.20",,"7,510.20",,,"6,258.45","8,529.88",7.486,
2016-03-14,,"1,245.10",7.599,"7,777.15",,"3,015.90","15,277.80",,"7,538.75",,,"6,282.70","8,598.37",7.449,
2016-03-15,,"1,231.00",7.58,"7,711.10",,"3,008.25","15,326.80",,"7,460.60",,,"6,222.65","8,482.52",7.407,
2016-03-16,,"1,229.80",7.571,"7,671.70",,"2,997.15","15,461.70",,"7,498.75",,,"6,238.45","8,394.77",7.385,
2016-03-17,,"1,265.00",7.512,"7,662.60",,"3,003.10","15,444.00",,"7,512.55",,,"6,255.75","8,406.34",7.374,
2016-03-18,,"1,254.30",7.52,"7,767.10",,"3,044.25","15,654.85",,"7,604.35",,,"6,322.65","8,459.61",7.363,
2016-03-20,,,,,,,,,,,,,"8,459.61",,
2016-03-21,,"1,244.20",7.504,"7,867.60",,"3,100.25","15,926.10",,"7,704.25",,,"6,406.70","8,628.94",7.357,
2016-03-22,,"1,248.60",7.504,"7,947.15",,"3,125.70","15,936.00",,"7,714.90",,,"6,418.30","8,614.30",7.351,
2016-03-23,,"1,224.00",7.507,"7,990.75",,"3,134.65","15,887.75",,"7,716.50",,,"6,423.70","8,668.65",7.338,
2016-03-24,,"1,221.60",,,,,,,,,,,,,
2016-03-28,,"1,220.10",7.498,"7,876.70",,"3,086.65","15,604.90",,"7,615.10",,,"6,334.70","8,454.90",7.29,
2016-03-29,,"1,235.80",7.514,"7,955.00",,"3,082.55","15,666.25",,"7,597.00",,,"6,323.00","8,352.87",7.305,
2016-03-30,,"1,228.60",7.496,"8,084.00",,"3,154.10","16,134.85",,"7,735.20",,,"6,436.70","8,527.29",7.273,
2016-03-31,,"1,235.60",7.459,"8,087.60",,"3,200.60","16,141.65",,"7,738.40",,,"6,452.15","8,620.50",7.223,
2016-04-01,,"1,223.50",,"8,030.05",,"3,224.80","16,174.90",,"7,713.05",,,"6,445.50","8,622.22",,
2016-04-04,,"1,219.30",7.408,"8,124.55",,"3,217.50","16,190.60",,"7,758.80",,,"6,479.60","8,633.35",7.179,
2016-04-05,,"1,229.60",7.462,"7,883.10",,"3,144.45","15,695.00",,"7,603.20",,,"6,358.35","8,505.53",7.178,
2016-04-06,,"1,223.80",7.46,"7,919.95",,"3,169.30","15,636.95",,"7,614.35",,,"6,378.00","8,530.73",7.14,
2016-04-07,,"1,237.50",7.447,"7,834.60",,"3,140.25","15,530.75",,"7,546.45",,,"6,329.80","8,479.12",7.132,
2016-04-08,,"1,243.80",,"7,821.30",,"3,169.75","15,568.35",,"7,555.20",,,"6,346.65","8,497.20",,
2016-04-11,,"1,258.00",7.415,"7,992.55",,"3,221.10","15,818.50",,"7,671.40",,,"6,430.60","8,597.75",7.147,
2016-04-12,,"1,260.90",7.417,"8,116.50",,"3,256.70","15,880.20",,"7,708.95",,,"6,470.10","8,656.69",7.141,
2016-04-13,,"1,248.30",7.435,"8,399.35",,"3,303.50","16,278.55",,"7,850.45",,,"6,575.35","8,714.67",7.168,
2016-04-14,,"1,226.50",,,,,,,,,,,,,
2016-04-15,,"1,234.60",,,,,,,,,,,,,
2016-04-18,,"1,235.00",7.417,"8,386.15",,"3,336.95","16,222.70",,"7,914.70",,,"6,635.05","8,798.85",7.149,
2016-04-19,,"1,254.30",,,,,,,,,,,,,
2016-04-20,,"1,254.40",7.437,"8,341.40",,"3,356.80","16,349.70",,"7,914.75",,,"6,643.30","8,842.87",7.143,
2016-04-21,,"1,250.30",7.473,"8,320.30",,"3,333.35","16,637.15",,"7,912.05",,,"6,634.30","8,782.17",7.186,
2016-04-22,,"1,230.00",7.456,"8,401.40",,"3,348.10","16,703.40",,"7,899.30",,,"6,627.95","8,766.03",7.177,
2016-04-25,,"1,240.20",7.47,"8,322.40",,"3,346.25","16,678.65",,"7,855.05",,,"6,593.45","8,727.50",7.187,
2016-04-26,,"1,243.40",7.469,"8,457.05",,"3,386.45","17,002.55",,"7,962.65",,,"6,669.50","8,846.76",7.192,
2016-04-27,,"1,250.40",7.46,"8,479.65",,"3,387.00","16,872.95",,"7,979.90",,,"6,684.30","8,900.35",7.185,
2016-04-28,,"1,266.40",7.443,"8,317.65",,"3,319.70","16,716.90",,"7,847.25",,,"6,583.15","8,768.58",7.179,
2016-04-29,,"1,290.50",7.435,"8,288.95",,"3,318.10","16,795.00",,"7,849.80",,,"6,588.55","8,788.80",7.17,
2016-05-02,,"1,295.80",7.439,"8,299.05",,"3,341.10","16,543.00",,"7,805.90",,,"6,580.15","8,837.87",7.174,
2016-05-03,,"1,291.80",7.442,"8,263.05",,"3,302.55","16,388.70",,"7,747.00",,,"6,533.55","8,779.88",7.168,
2016-05-04,,"1,274.40",7.432,"8,087.30",,"3,259.85","16,274.25",,"7,706.55",,,"6,484.35","8,572.20",7.167,
2016-05-05,,"1,272.30",7.435,"8,133.90",,"3,259.95","16,281.00",,"7,735.50",,,"6,500.05","8,571.03",7.16,
2016-05-06,,"1,294.00",7.435,"8,196.80",,"3,288.70","16,296.60",,"7,733.45",,,"6,504.55","8,556.93",7.146,
2016-05-09,,"1,266.60",7.425,"8,315.95",,"3,333.55","16,686.10",,"7,866.05",,,"6,603.25","8,690.90",7.128,
2016-05-10,,"1,264.80",7.428,"8,234.35",,"3,322.50","16,784.95",,"7,887.80",,,"6,617.25","8,657.19",7.121,
2016-05-11,,"1,275.50",7.428,"8,192.25",,"3,314.45","16,754.45",,"7,848.85",,,"6,593.00","8,639.07",7.126,
2016-05-12,,"1,271.20",7.422,"8,234.25",,"3,336.95","16,923.70",,"7,900.40",,,"6,640.90","8,730.31",7.119,
2016-05-13,,"1,272.70",7.448,"8,160.40",,"3,324.55","16,716.90",,"7,814.90",,,"6,582.30","8,653.38",7.116,
2016-05-16,,"1,274.20",7.452,"8,200.20",,"3,330.10","16,737.55",,"7,860.75",,,"6,608.25","8,626.27",7.115,
2016-05-17,,"1,276.90",7.452,"8,245.05",,"3,339.50","16,762.75",,"7,890.75",,,"6,629.70","8,687.03",7.108,
2016-05-18,,"1,274.40",7.474,"8,145.35",,"3,345.00","16,728.95",,"7,870.15",,,"6,621.55","8,728.07",7.135,
2016-05-19,,"1,254.80",7.47,"8,104.75",,"3,283.15","16,565.25",,"7,783.40",,,"6,546.50","8,576.57",7.123,
2016-05-20,,"1,252.90",7.476,"8,080.75",,"3,278.65","16,481.45",,"7,749.70",,,"6,513.10","8,489.68",7.119,
2016-05-23,,"1,251.50",7.464,"8,026.60",,"3,250.35","16,407.55",,"7,731.05",,,"6,495.25","8,449.66",7.113,
2016-05-24,,"1,229.20",7.466,"8,051.75",,"3,229.90","16,456.65",,"7,748.85",,,"6,498.60","8,369.22",7.117,
2016-05-25,,"1,223.80",7.463,"8,211.95",,"3,282.55","16,997.45",,"7,934.90",,,"6,626.85","8,419.92",7.116,
2016-05-26,,"1,220.40",7.469,"8,312.65",,"3,332.75","17,359.30",,"8,069.65",,,"6,725.20","8,504.06",7.115,
2016-05-27,,"1,216.70",7.47,"8,393.95",,"3,370.90","17,511.80",,"8,156.65",,,"6,797.00","8,607.81",7.123,
2016-05-28,,,7.471,,,,,,,,,,,,
2016-05-30,,"1,217.50",7.46,"8,497.00",,"3,387.80","17,520.65",,"8,178.50",,,"6,820.30","8,627.34",7.123,
2016-05-31,,,7.471,"8,720.40",,"3,376.30","17,620.90",,"8,160.10",,,"6,804.00","8,640.03",7.122,
2016-06-01,,"1,214.70",7.486,"8,670.80",,"3,349.15","17,423.45",,"8,179.95",,,"6,815.45","8,633.10",7.115,
2016-06-02,,"1,212.60",7.486,"8,713.70",,"3,369.55","17,567.80",,"8,218.95",,,"6,849.20","8,647.52",7.108,
2016-06-03,,"1,242.90",7.488,"8,749.25",,"3,334.15","17,680.80",,"8,220.80",,,"6,844.75","8,547.38",7.105,
2016-06-06,,"1,247.40",7.475,"8,763.55",,"3,350.85","17,671.40",,"8,201.05",,,"6,832.30","8,524.72",7.098,
2016-06-07,,"1,247.00",7.482,"8,799.00",,"3,381.75","17,948.15",,"8,266.45",,,"6,884.15","8,578.34",7.097,
2016-06-08,,"1,262.30",7.488,"8,841.85",,"3,414.00","17,946.80",,"8,273.05",,,"6,901.80","8,625.68",7.114,
2016-06-09,,"1,272.70",7.486,"8,784.20",,"3,397.75","17,887.70",,"8,203.60",,,"6,857.75","8,594.18",7.089,
2016-06-10,,"1,275.90",7.491,"8,688.30",,"3,384.60","17,828.60",,"8,170.05",,,"6,832.05","8,602.65",7.086,
2016-06-11,,,,,,,,,,,,,"8,602.65",,
2016-06-12,,,,,,,,,,,,,"8,602.65",,
2016-06-13,,"1,286.90",7.525,"8,599.10",,"3,361.45","17,593.95",,"8,110.60",,,"6,785.15","8,570.86",7.096,
2016-06-14,,"1,288.10",7.517,"8,613.15",,"3,393.80","17,672.40",,"8,108.85",,,"6,793.85","8,601.65",7.095,
2016-06-15,,"1,288.30",7.517,"8,689.65",,"3,416.80","17,917.90",,"8,206.60",,,"6,865.05","8,605.10",7.1,
2016-06-16,,"1,298.40",7.504,"8,612.80",,"3,395.10","17,671.30",,"8,140.75",,,"6,819.85","8,524.50",7.093,
2016-06-17,,"1,294.80",7.501,"8,675.20",,"3,398.05","17,696.05",,"8,170.20",,,"6,842.35","8,564.53",7.084,
2016-06-20,,"1,292.10",7.494,"8,799.05",,"3,420.90","17,718.60",,"8,238.50",,,"6,891.30","8,602.30",7.071,
2016-06-21,,"1,272.50",7.498,"8,858.45",,"3,423.35","17,619.10",,"8,219.90",,,"6,886.15","8,619.63",7.07,
2016-06-22,,"1,270.00",7.476,"8,778.20",,"3,400.25","17,626.05",,"8,203.70",,,"6,871.00","8,545.94",7.069,
2016-06-23,,"1,263.10",7.479,"8,870.20",,"3,403.45","17,892.45",,"8,270.45",,,"6,910.55","8,515.51",7.049,
2016-06-24,,"1,322.40",7.473,"8,631.65",,"3,348.10","17,426.05",,"8,088.60",,,"6,775.55","8,345.34",7.046,
2016-06-27,,"1,324.70",7.459,"8,605.40",,"3,382.80","17,514.95",,"8,094.70",,,"6,803.70","8,445.27",7.039,
2016-06-28,,"1,317.90",7.453,"8,618.85",,"3,413.60","17,561.55",,"8,127.85",,,"6,837.75","8,531.63",7.044,
2016-06-29,,"1,326.90",7.444,"8,744.70",,"3,452.70","17,689.90",,"8,204.00",,,"6,907.10","8,605.38",7.042,
2016-06-30,,"1,320.60",7.448,"8,863.75",,"3,492.90","17,935.40",,"8,287.75",,,"6,980.80","8,685.62",7.035,
2016-07-01,,"1,339.00",7.419,"8,894.85",,"3,538.35","17,985.65",,"8,328.35",,,"7,027.85","8,748.95",7.026,
2016-07-04,,"1,358.70",7.425,"8,956.90",,"3,580.65","18,097.65",,"8,370.70",,,"7,071.85","8,814.58",7.006,
2016-07-05,,,7.394,"8,852.40",,"3,579.10","18,004.25",,"8,335.95",,,"7,051.00","8,802.95",6.986,
2016-07-06,,"1,367.10",,,,,,,,,,,,,
2016-07-07,,"1,362.10",7.381,"8,801.45",,"3,553.60","18,084.90",,"8,337.90",,,"7,050.10","8,830.98",6.972,
2016-07-08,,"1,358.40",7.384,"8,870.50",,"3,533.95","18,016.25",,"8,323.20",,,"7,039.40","8,826.39",6.981,
2016-07-11,,"1,356.60",7.384,"9,058.80",,"3,576.45","18,390.95",,"8,467.90",,,"7,151.35","8,945.27",6.979,
2016-07-12,,"1,335.30",7.337,"9,121.85",,"3,596.15","18,667.60",,"8,521.05",,,"7,192.25","8,996.99",6.948,
2016-07-13,,"1,343.60",7.284,"9,069.95",,"3,559.30","18,618.95",,"8,519.50",,,"7,177.00","8,934.97",6.897,
2016-07-14,,"1,332.20",7.285,"9,115.15",,"3,581.90","18,863.75",,"8,565.00",,,"7,215.35","8,941.93",6.896,
2016-07-15,,"1,327.40",7.272,"9,204.45",,"3,547.65","18,953.65",,"8,541.40",,,"7,194.40","8,878.33",6.898,
2016-07-18,,"1,329.30",7.294,"9,226.00",,"3,514.35","18,923.40",,"8,508.70",,,"7,162.25","8,805.96",6.915,
2016-07-19,,"1,332.30",7.28,"9,260.05",,"3,509.40","18,905.15",,"8,528.55",,,"7,178.20","8,818.50",6.914,
2016-07-20,,"1,319.30",7.27,"9,279.80",,"3,561.55","18,968.20",,"8,565.85",,,"7,221.30","8,934.82",6.9,
2016-07-21,,"1,331.00",7.261,"9,208.65",,"3,525.25","18,674.30",,"8,510.10",,,"7,186.70","8,934.99",6.892,
2016-07-22,,"1,323.40",7.249,"9,290.50",,"3,573.50","18,690.40",,"8,541.20",,,"7,227.45","9,022.72",6.888,
2016-07-25,,"1,319.50",7.248,"9,378.80",,"3,621.20","18,989.60",,"8,635.65",,,"7,305.60","9,109.53",6.893,
2016-07-26,,"1,320.80",7.252,"9,255.40",,"3,594.40","18,860.85",,"8,590.65",,,"7,270.00","9,106.00",6.892,
2016-07-27,,"1,326.70",7.25,"9,330.75",,"3,615.05","19,021.95",,"8,615.80",,,"7,297.90","9,193.63",6.89,
2016-07-28,,"1,341.20",7.185,"9,404.35",,"3,639.85","19,076.55",,"8,666.30",,,"7,338.65","9,283.57",6.883,
2016-07-29,,"1,357.50",7.163,"9,470.85",,"3,683.25","18,953.15",,"8,638.50",,,"7,330.00","9,342.65",6.873,
2016-08-01,,"1,359.60",7.139,"9,530.05",,"3,705.95","18,740.60",,"8,636.55",,,"7,335.05","9,404.57",6.866,
2016-08-02,,"1,372.60",7.174,"9,469.60",,"3,685.85","18,708.25",,"8,622.90",,,"7,310.90","9,291.47",6.864,
2016-08-03,,"1,364.70",7.194,"9,301.75",,"3,612.25","18,602.00",,"8,544.85",,,"7,232.80","9,146.59",6.869,
2016-08-04,,"1,367.40",7.169,"9,439.75",,"3,635.45","18,571.70",,"8,551.10",,,"7,248.55","9,200.90",6.849,
2016-08-05,,"1,344.40",7.166,"9,738.65",,"3,698.85","18,925.95",,"8,683.15",,,"7,364.05","9,343.07",6.845,
2016-08-06,,,7.168,,,,,,,,,,,6.845,
2016-08-08,,"1,341.30",7.173,"9,797.55",,"3,723.70","18,939.45",,"8,711.35",,,"7,398.25","9,421.60",6.849,
2016-08-09,,"1,346.70",7.124,"9,747.60",,"3,707.50","18,933.30",,"8,678.25",,,"7,368.45","9,307.73",6.848,
2016-08-10,,"1,351.90",7.101,"9,559.35",,"3,654.35","18,647.80",,"8,575.30",,,"7,277.00","9,220.78",6.84,
2016-08-11,,"1,350.00",7.083,"9,513.25",,"3,661.60","18,640.40",,"8,592.15",,,"7,289.50","9,144.96",6.845,
2016-08-12,,"1,343.20",7.101,"9,618.50",,"3,667.20","18,963.70",,"8,672.15",,,"7,347.45","9,203.61",6.846,
2016-08-13,,,7.103,,,,,,,,,,,6.846,
2016-08-14,,,7.103,,,,,,,,,,,6.846,
2016-08-15,,"1,347.50",,,,,,,,,,,,,
2016-08-16,,"1,356.90",7.104,"9,558.60",,"3,690.65","19,002.15",,"8,642.55",,,"7,339.25","9,198.78",6.843,
2016-08-17,,"1,348.80",,"9,647.00",,"3,716.45","19,041.25",,"8,624.05",,,"7,343.70","9,251.46",,
2016-08-18,,"1,357.20",7.14,"9,678.60",,"3,739.75","19,352.80",,"8,673.25",,,"7,390.20","9,418.63",6.841,
2016-08-19,,"1,346.20",7.099,"9,638.55",,"3,784.00","19,414.70",,"8,666.90",,,"7,397.80","9,475.22",6.837,
2016-08-22,,"1,343.40",7.156,"9,539.00",,"3,748.85","19,330.25",,"8,629.15",,,"7,363.80","9,380.38",6.874,
2016-08-23,,"1,346.10",7.158,"9,526.30",,"3,770.15","19,341.65",,"8,632.60",,,"7,359.75","9,292.97",6.866,
2016-08-24,,"1,329.70",7.134,"9,529.00",,"3,797.95","19,355.60",,"8,650.30",,,"7,386.05","9,312.07",6.859,
2016-08-25,,"1,324.60",7.122,"9,470.85",,"3,782.40","19,304.25",,"8,592.20",,,"7,343.50","9,252.31",6.851,
2016-08-26,,"1,325.90",7.127,"9,538.40",,"3,795.25","19,195.75",,"8,572.55",,,"7,334.80","9,249.37",6.846,
2016-08-29,,"1,327.10",7.121,"9,697.00",,"3,820.45","19,217.00",,"8,607.45",,,"7,361.00","9,258.32",6.838,
2016-08-30,,"1,316.50",7.107,"9,866.05",,"3,869.35","19,531.55",,"8,744.35",,,"7,461.95","9,359.78",6.845,
2016-08-31,,"1,311.40",7.11,"9,897.30",,"3,889.35","19,787.60",,"8,786.20",,,"7,490.65","9,374.27",6.837,
2016-09-01,,"1,317.10",7.118,"9,939.95",,"3,866.10","19,788.85",,"8,774.65",,,"7,474.30","9,309.87",6.842,
2016-09-02,,"1,326.70",7.119,"10,052.95",,"3,913.95","19,883.20",,"8,809.65",,,"7,504.60","9,361.23",6.836,
2016-09-05,,"1,354.00",,,,,,,,,,,,,
2016-09-06,,,7.097,"10,348.55",,"3,953.60","20,426.20",,"8,943.00",,,"7,615.00","9,514.31",6.821,
2016-09-07,,"1,349.20",7.055,"10,359.85",,"3,974.35","20,406.90",,"8,917.95",,,"7,607.20","9,561.40",6.806,
2016-09-08,,"1,341.60",7.042,"10,458.65",,"4,003.60","20,417.25",,"8,952.50",,,"7,642.70","9,652.09",6.805,
2016-09-09,,"1,334.50",7.057,"10,299.20",,"3,975.85","20,245.30",,"8,866.70",,,"7,575.55","9,580.99",6.793,
2016-09-12,,"1,325.60",7.083,"10,013.50",,"3,829.85","19,790.60",,"8,715.60",,,"7,420.50","9,295.77",6.817,
2016-09-13,,"1,323.70",,,,,,,,,,,,,
2016-09-14,,"1,326.10",7.08,"10,086.25",,"3,925.35","19,909.15",,"8,726.60",,,"7,455.30","9,412.22",6.796,
2016-09-15,,"1,318.00",7.067,"10,064.05",,"3,925.45","19,837.55",,"8,742.55",,,"7,462.70","9,480.65",6.787,
2016-09-16,,"1,310.20",7.051,"10,117.95",,"3,921.40","19,855.45",,"8,779.85",,,"7,487.20","9,495.50",6.769,
2016-09-17,,,7.052,,,,,,,,,,,6.769,
2016-09-18,,,,,,,,,,,,,"9,495.50",,
2016-09-19,,"1,317.80",7.052,"10,146.35",,"3,962.55","19,906.85",,"8,808.40",,,"7,513.80","9,570.04",6.795,
2016-09-20,,"1,318.20",7.065,"10,075.00",,"3,933.70","19,852.30",,"8,775.90",,,"7,490.30","9,547.76",6.773,
2016-09-21,,"1,331.40",7.039,"10,095.95",,"3,918.35","19,828.45",,"8,777.15",,,"7,491.70","9,575.02",6.792,
2016-09-22,,"1,344.70",6.977,"10,250.35",,"3,991.40","20,109.60",,"8,867.45",,,"7,573.00","9,709.68",6.756,
2016-09-23,,"1,341.70",6.966,"10,224.95",,"4,000.50","19,901.80",,"8,831.55",,,"7,554.90","9,730.12",6.737,
2016-09-24,,,6.966,,,,,,,,,,,6.737,
2016-09-25,,,6.966,,,,,,,,,,,6.737,
2016-09-26,,"1,344.10",6.934,"10,048.65",,"3,974.70","19,591.75",,"8,723.05",,,"7,479.75","9,682.41",6.722,
2016-09-27,,"1,330.40",6.933,"9,992.50",,"3,967.30","19,518.70",,"8,706.40",,,"7,469.95","9,679.47",6.7,
2016-09-28,,"1,323.70",6.921,"10,115.95",,"4,041.85","19,653.55",,"8,745.15",,,"7,514.95","9,733.14",6.67,
2016-09-29,,"1,326.00",7.013,"9,893.85",,"3,858.00","19,183.65",,"8,591.25",,,"7,336.85","9,257.31",6.745,
2016-09-30,,"1,317.10",6.958,"10,029.30",,"3,959.65","19,285.70",,"8,611.15",,,"7,394.85","9,463.61",6.726,
2016-10-03,,"1,312.70",6.899,"10,275.50",,"4,075.45","19,589.05",,"8,738.10",,,"7,532.25","9,722.25",6.641,
2016-10-04,,"1,269.70",6.837,"10,289.70",,"4,111.10","19,672.70",,"8,769.15",,,"7,567.70","9,766.31",6.576,
2016-10-05,,"1,268.60",6.797,"10,344.00",,"4,151.50","19,536.85",,"8,743.95",,,"7,565.50","9,789.49",6.547,
2016-10-06,,"1,253.00",6.82,"10,269.85",,"4,121.75","19,395.05",,"8,709.55",,,"7,537.25","9,722.31",6.586,
2016-10-07,,"1,251.90",6.848,"10,344.30",,"4,132.20","19,400.10",,"8,697.60",,,"7,527.20","9,715.05",6.588,
2016-10-10,,"1,260.40",6.819,"10,335.80",,"4,135.45","19,378.55",,"8,708.80",,,"7,532.70","9,726.22",6.574,
2016-10-11,,"1,255.90",,,,,,,,,,,,,
2016-10-12,,"1,253.80",,,,,,,,,,,,,
2016-10-13,,"1,257.60",6.828,"10,203.00",,"4,054.65","18,954.25",,"8,573.35",,,"7,418.35","9,619.33",6.578,
2016-10-14,,"1,255.50",6.852,"10,223.45",,"4,096.25","19,020.15",,"8,583.40",,,"7,439.85","9,708.84",6.571,
2016-10-15,,,6.854,,,,,,,,,,,6.571,
2016-10-17,,"1,256.60",6.844,"10,008.40",,"4,026.15","19,070.40",,"8,520.40",,,"7,384.50","9,695.06",6.583,
2016-10-18,,"1,262.90",6.812,"10,150.05",,"4,104.40","19,495.05",,"8,677.90",,,"7,512.30","9,886.87",6.58,
2016-10-19,,"1,269.90",6.819,"10,092.55",,"4,101.30","19,412.10",,"8,659.10",,,"7,507.70","9,872.99",6.571,
2016-10-20,,"1,267.50",6.847,"10,088.70",,"4,122.45","19,658.70",,"8,699.40",,,"7,538.80","9,914.68",6.576,
2016-10-21,,"1,267.70",6.848,"10,101.60",,"4,147.10","19,710.90",,"8,693.05",,,"7,541.70","9,928.00",6.568,
2016-10-24,,"1,263.70",6.856,"10,188.20",,"4,144.35","19,807.90",,"8,708.95",,,"7,551.55","9,907.30",6.551,
2016-10-25,,"1,273.60",6.87,"10,143.70",,"4,150.35","19,834.90",,"8,691.30",,,"7,541.50","9,920.67",6.549,
2016-10-26,,"1,266.60",6.871,"10,056.55",,"4,105.85","19,483.60",,"8,615.25",,,"7,476.75","9,825.91",6.546,
2016-10-27,,"1,269.50",6.888,"9,912.85",,"4,054.80","19,514.60",,"8,615.25",,,"7,452.15","9,707.98",6.551,
2016-10-28,,"1,276.80",6.885,"10,056.70",,"4,099.50","19,555.95",,"8,638.00",,,"7,494.10","9,807.82",6.558,
2016-10-30,,,,"10,048.50",,"4,110.15","19,523.55",,"8,625.70",,,"7,501.45","9,851.53",,
2016-10-31,,"1,273.10",,,,,,,,,,,"9,851.53",,
2016-11-01,,"1,288.00",6.908,"10,105.55",,"4,113.30","19,458.60",,"8,626.25",,,"7,502.20","9,875.74",6.57,
2016-11-02,,"1,308.20",6.9,"9,973.80",,"4,013.95","19,227.90",,"8,514.00",,,"7,391.40","9,664.13",6.568,
2016-11-03,,"1,303.30",6.823,"9,948.25",,"3,955.60","19,178.70",,"8,484.95",,,"7,344.10","9,571.69",6.565,
2016-11-04,,"1,304.50",6.838,"9,870.75",,"3,889.60","19,058.10",,"8,433.75",,,"7,274.10","9,383.46",6.557,
2016-11-07,,"1,279.40",6.834,"9,892.60",,"3,931.75","19,356.00",,"8,497.05",,,"7,330.95","9,516.35",6.555,
2016-11-08,,"1,274.50",6.796,"10,079.70",,"3,946.85","19,500.80",,"8,543.55",,,"7,366.05","9,566.15",6.545,
2016-11-09,,"1,273.50",6.666,"9,819.80",,"3,855.30","19,518.25",,"8,432.00",,,"7,247.45","9,284.06",6.446,
2016-11-10,,"1,266.40",6.657,"9,758.15",,"3,960.25","20,200.25",,"8,525.75",,,"7,342.30","9,452.94",6.399,
2016-11-11,,"1,224.30",6.722,"9,308.30",,"3,790.55","19,738.80",,"8,296.30",,,"7,126.50","8,999.57",6.403,
2016-11-14,,"1,221.70",,,,,,,,,,,,,
2016-11-15,,"1,224.50",6.53,"8,828.60",,"3,643.40","19,289.75",,"8,108.45",,,"6,916.45","8,433.32",6.311,
2016-11-16,,"1,223.90",6.444,"8,918.65",,"3,647.75","19,108.10",,"8,111.60",,,"6,928.10","8,451.72",6.263,
2016-11-17,,"1,216.90",6.419,"8,915.60",,"3,641.40","19,087.85",,"8,079.95",,,"6,903.45","8,455.21",6.252,
2016-11-18,,"1,208.70",6.428,"8,983.85",,"3,650.25","18,959.05",,"8,074.10",,,"6,908.50","8,460.02",6.251,
2016-11-21,,"1,209.80",6.304,"8,681.60",,"3,522.25","18,446.40",,"7,929.10",,,"6,761.55","8,145.92",6.157,
2016-11-22,,"1,211.20",6.307,"8,852.90",,"3,571.25","18,548.65",,"8,002.30",,,"6,835.30","8,335.47",6.131,
2016-11-23,,"1,189.30",6.278,"8,891.15",,"3,604.60","18,540.90",,"8,033.30",,,"6,882.65","8,559.00",6.083,
2016-11-24,,"1,178.40",6.183,"8,754.50",,"3,565.60","18,256.10",,"7,965.50",,,"6,837.50","8,512.21",5.981,
2016-11-25,,,6.229,"8,780.40",,"3,639.05","18,507.30",,"8,114.30",,,"6,960.75","8,692.59",5.97,
2016-11-28,,"1,190.80",6.323,"8,826.65",,"3,660.85","18,301.45",,"8,126.90",,,"6,983.40","8,732.74",6.119,
2016-11-29,,"1,190.80",6.317,"9,017.95",,"3,689.45","18,223.75",,"8,142.15",,,"7,003.60","8,855.83",6.077,
2016-11-30,,"1,173.90",6.243,"9,113.80",,"3,750.10","18,627.80",,"8,224.50",,,"7,079.40","8,943.86",5.99,
2016-12-01,,"1,169.40",6.212,"9,041.00",,"3,699.45","18,428.45",,"8,192.90",,,"7,040.25","8,817.67",5.994,
2016-12-02,,"1,177.80",6.241,"8,888.70",,"3,634.50","18,247.65",,"8,086.80",,,"6,947.30","8,643.82",6.044,
2016-12-05,,"1,176.50",6.216,"9,046.25",,"3,666.35","18,408.90",,"8,128.75",,,"6,984.25","8,679.08",6.064,
2016-12-06,,"1,170.10",6.201,"9,014.00",,"3,691.50","18,420.90",,"8,143.15",,,"7,001.60","8,724.96",5.998,
2016-12-07,,"1,177.50",6.41,"9,053.25",,"3,675.00","18,234.15",,"8,102.05",,,"6,971.20","8,716.64",6.243,
2016-12-08,,"1,172.40",6.4,"9,299.05",,"3,743.10","18,515.45",,"8,246.85",,,"7,089.25","8,867.93",6.232,
2016-12-09,,"1,161.90",6.437,"9,252.30",,"3,784.45","18,695.80",,"8,261.75",,,"7,101.15","8,895.10",6.258,
2016-12-12,,"1,165.80",,"9,092.00",,"3,723.00","18,392.95",,"8,170.80",,,"7,023.20","8,740.37",,
2016-12-13,,"1,159.00",6.423,"9,196.00",,"3,726.25","18,466.05",,"8,221.80",,,"7,045.35","8,650.24",6.247,
2016-12-14,,"1,163.70",6.404,"9,146.05",,"3,703.50","18,341.50",,"8,182.45",,,"7,004.65","8,584.83",6.244,
2016-12-15,,"1,129.80",6.538,"9,118.25",,"3,724.60","18,401.15",,"8,153.60",,,"6,989.25","8,591.01",6.327,
2016-12-16,,"1,137.40",6.504,"9,153.50",,"3,708.55","18,312.80",,"8,139.45",,,"6,976.50","8,460.02",6.334,
2016-12-17,,,,,,,,,,,,,"8,460.02",,
2016-12-18,,,,,,,,,,,,,"8,460.02",,
2016-12-19,,"1,142.70",6.51,"9,098.05",,"3,706.95","18,257.05",,"8,104.35",,,"6,943.35","8,460.66",6.327,
2016-12-20,,"1,133.60",6.48,"9,023.05",,"3,644.80","18,069.40",,"8,082.40",,,"6,908.10","8,363.73",6.317,
2016-12-21,,"1,133.20",6.46,"9,013.00",,"3,649.20","18,084.50",,"8,061.30",,,"6,896.00","8,375.03",6.32,
2016-12-22,,"1,130.70",6.518,"8,961.30",,"3,600.55","17,891.45",,"7,979.10",,,"6,816.35","8,244.41",6.337,
2016-12-23,,"1,133.60",6.544,"8,987.25",,"3,599.40","17,884.00",,"7,985.75",,,"6,814.90","8,253.92",6.347,
2016-12-26,,,6.57,"8,854.75",,"3,496.60","17,655.55",,"7,908.25",,,"6,724.45","8,028.79",6.386,
2016-12-27,,"1,138.80",6.587,"8,991.80",,"3,564.45","17,879.55",,"8,032.85",,,"6,832.00","8,230.95",6.398,
2016-12-28,,"1,140.90",6.581,"8,981.15",,"3,576.30","17,876.70",,"8,034.85",,,"6,847.40","8,318.58",6.401,
2016-12-29,,"1,158.10",6.523,"9,109.05",,"3,642.10","18,033.15",,"8,103.60",,,"6,915.45","8,461.05",6.342,
2016-12-30,,"1,151.70",6.512,"9,141.75",,"3,662.30","18,177.20",,"8,185.80",,,"6,982.80","8,536.01",6.38,
2017-01-02,,,6.402,"9,326.90",,"3,696.40","17,969.60",,"8,179.50",,,"7,002.50","8,694.19",6.317,
2017-01-03,,"1,162.00",6.44,"9,300.30",,"3,719.00","18,035.60",,"8,192.25",,,"7,028.75","8,795.92",6.334,
2017-01-04,,"1,165.30",6.36,"9,330.90",,"3,720.75","17,891.00",,"8,190.50",,,"7,030.75","8,796.16",6.31,
2017-01-05,,"1,181.30",6.385,"9,522.30",,"3,779.10","18,115.95",,"8,273.80",,,"7,106.90","8,931.66",6.318,
2017-01-06,,"1,173.40",6.385,"9,506.65",,"3,766.70","18,264.00",,"8,243.80",,,"7,083.10","8,917.98",6.337,
2017-01-09,,"1,184.90",6.394,"9,495.95",,"3,780.05","18,286.65",,"8,236.05",,,"7,085.15","8,958.68",6.332,
2017-01-10,,"1,185.50",6.398,"9,616.60",,"3,793.90","18,409.60",,"8,288.60",,,"7,132.20","9,048.97",6.33,
2017-01-11,,"1,196.60",6.391,"9,703.65",,"3,855.70","18,830.00",,"8,380.65",,,"7,214.15","9,243.68",6.325,
2017-01-12,,"1,199.80",6.372,"9,676.95",,"3,852.15","18,873.95",,"8,407.20",,,"7,231.85","9,266.55",6.315,
2017-01-13,,"1,196.20",6.417,"9,600.70",,"3,837.70","18,912.10",,"8,400.35",,,"7,228.30","9,251.41",6.334,
2017-01-16,,"1,212.90",6.44,"9,650.70",,"3,853.10","19,096.45",,"8,412.80",,,"7,247.95","9,346.45",6.338,
2017-01-17,,,6.419,"9,641.85",,"3,862.95","19,067.05",,"8,398.00",,,"7,243.65","9,361.17",6.323,
2017-01-18,,"1,212.10",6.452,"9,644.80",,"3,881.70","19,164.50",,"8,417.00",,,"7,269.00","9,500.57",6.322,
2017-01-19,,"1,201.50",6.474,"9,709.00",,"3,891.80","19,124.25",,"8,435.10",,,"7,287.75","9,505.06",6.339,
2017-01-20,,"1,204.90",6.462,"9,601.00",,"3,814.05","18,820.80",,"8,349.35",,,"7,202.75","9,325.07",6.331,
2017-01-23,,"1,215.60",6.451,"9,665.00",,"3,829.35","18,842.70",,"8,391.50",,,"7,242.55","9,448.26",6.321,
2017-01-24,,"1,210.80",6.437,"9,828.20",,"3,872.40","19,023.50",,"8,475.80",,,"7,315.25","9,581.52",6.311,
2017-01-25,,"1,197.80",6.423,"9,967.70",,"3,916.30","19,473.20",,"8,602.75",,,"7,417.70","9,778.63",6.29,
2017-01-26,,"1,189.80",,,,,,,,,,,,,
2017-01-27,,"1,188.40",6.398,"10,014.85",,"3,946.20","19,708.30",,"8,641.25",,,"7,455.15","9,802.45",6.291,
2017-01-30,,"1,196.00",6.405,"9,928.65",,"3,940.75","19,585.25",,"8,632.75",,,"7,452.15","9,801.01",6.296,
2017-01-31,,"1,211.40",6.407,"9,837.75",,"3,866.50","19,515.15",,"8,561.30",,,"7,379.30","9,695.19",6.304,
2017-02-01,,"1,208.30",6.426,"10,191.95",,"3,954.10","20,020.60",,"8,716.40",,,"7,516.05","9,946.32",6.28,
2017-02-02,,"1,219.40",6.4,"10,058.80",,"3,994.05","20,070.30",,"8,734.25",,,"7,547.10","10,047.14",6.246,
2017-02-03,,"1,220.80",6.408,"9,975.10",,"4,061.65","20,196.80",,"8,740.95",,,"7,569.90","10,086.64",6.252,
2017-02-06,,"1,232.10",6.412,"10,031.10",,"4,086.95","20,371.60",,"8,801.05",,,"7,628.10","10,176.09",6.251,
2017-02-07,,"1,236.10",6.431,"9,931.70",,"4,063.20","20,327.25",,"8,768.30",,,"7,603.20","10,133.05",6.245,
2017-02-08,,"1,239.50",6.747,"9,994.25",,"4,101.20","20,245.40",,"8,769.05",,,"7,614.75","10,171.06",6.472,
2017-02-09,,"1,236.80",6.855,"10,028.05",,"4,119.40","20,151.15",,"8,778.40",,,"7,623.60","10,201.61",6.564,
2017-02-10,,"1,235.90",6.805,"9,987.30",,"4,119.70","20,213.90",,"8,793.55",,,"7,631.25","10,192.40",6.51,
2017-02-13,,"1,225.80",6.828,"9,973.30",,"4,081.20","20,251.80",,"8,805.05",,,"7,626.95","10,139.47",6.486,
2017-02-14,,"1,225.40",6.875,"9,820.60",,"4,079.45","20,258.10",,"8,792.30",,,"7,605.05","10,083.15",6.508,
2017-02-15,,"1,233.10",6.862,"9,523.35",,"4,007.10","20,163.70",,"8,724.70",,,"7,531.60","9,960.84",6.489,
2017-02-16,,"1,241.60",6.842,"9,686.35",,"4,069.45","20,243.70",,"8,778.00",,,"7,599.45","10,182.60",6.478,
2017-02-17,,"1,239.10",6.849,"9,683.60",,"4,094.30","20,551.35",,"8,821.70",,,"7,638.00","10,231.70",6.476,
2017-02-20,,"1,238.90",6.901,"9,743.95",,"4,145.70","20,677.10",,"8,879.20",,,"7,691.85","10,286.10",6.497,
2017-02-21,,,,"9,758.90",,"4,176.45","20,860.95",,"8,907.85",,,"7,725.25","10,326.20",,
2017-02-22,,"1,233.30",6.935,"9,768.45",,"4,143.35","20,868.45",,"8,926.90",,,"7,721.60","10,249.40",6.501,
2017-02-23,,"1,251.40",6.915,"9,761.75",,"4,150.75","20,876.65",,"8,939.50",,,"7,729.65","10,273.40",6.479,
2017-02-24,,"1,258.30",,,,,,,,,,,,,
2017-02-27,,"1,258.80",6.88,"9,666.85",,"4,155.70","20,613.05",,"8,896.70",,,"7,706.50","10,294.50",6.43,
2017-02-28,,"1,253.90",6.87,"9,654.65",,"4,187.25","20,607.25",,"8,879.60",,,"7,709.10","10,352.40",6.432,
2017-03-01,,"1,250.00",6.928,"9,670.60",,"4,199.35","20,783.75",,"8,945.80",,,"7,754.70","10,405.00",6.474,
2017-03-02,,"1,232.90",6.831,"9,705.50",,"4,113.45","20,560.05",,"8,899.75",,,"7,691.65",,6.473,
2017-03-03,,"1,226.50",6.771,"9,680.50",,"4,150.50","20,495.60",,"8,897.55",,,"7,696.20","10,381.74",6.446,
2017-03-06,,"1,225.50",6.867,"9,800.00",,"4,185.20","20,663.65",,"8,963.45",,,"7,745.40","10,407.00",6.465,
2017-03-07,,"1,216.10",6.832,"9,753.55",,"4,183.20","20,627.50",,"8,946.90",,,"7,735.30","10,370.40",6.493,
2017-03-08,,"1,209.40",6.864,"9,701.25",,"4,138.45","20,676.55",,"8,924.30",,,"7,710.95","10,316.99",6.497,
2017-03-09,,"1,203.20",6.854,"9,754.35",,"4,142.30","20,721.35",,"8,927.00",,,"7,710.00","10,286.87",6.491,
2017-03-10,,"1,201.40",6.904,"9,779.25",,"4,131.80","20,727.55",,"8,934.55",,,"7,710.90","10,235.61",6.531,
2017-03-13,,"1,203.10",,,,,,,,,,,,,
2017-03-14,,"1,202.60",6.9,"9,910.40",,"4,201.15","21,102.70",,"9,087.00",,,"7,835.65","10,440.80",6.545,
2017-03-15,,"1,200.70",6.826,"9,987.65",,"4,256.10","21,157.90",,"9,084.80",,,"7,854.75","10,481.15",6.52,
2017-03-16,,"1,227.10",6.842,"10,056.50",,"4,327.30","21,249.90",,"9,153.70",,,"7,928.55","10,618.17",6.509,
2017-03-17,,"1,230.20",6.86,"10,009.40",,"4,320.30","21,175.05",,"9,160.05",,,"7,933.10","10,570.08",6.487,
2017-03-18,,,6.859,,,,,,,,,,,6.487,
2017-03-20,,"1,234.00",6.895,"10,009.30",,"4,337.25","21,110.25",,"9,126.85",,,"7,918.60","10,583.59",6.491,
2017-03-21,,"1,246.50",6.886,"9,963.75",,"4,334.65","21,019.00",,"9,121.50",,,"7,909.20","10,563.57",6.505,
2017-03-22,,"1,249.70",6.811,"9,803.95",,"4,267.45","20,781.35",,"9,030.45",,,"7,830.10","10,447.20",6.489,
2017-03-23,,"1,247.20",6.83,"9,897.95",,"4,310.30","20,895.50",,"9,086.30",,,"7,885.70","10,578.72",6.454,
2017-03-24,,"1,248.50",6.828,"9,878.35",,"4,328.65","21,122.55",,"9,108.00",,,"7,905.30","10,599.34",6.461,
2017-03-26,,,6.831,,,,,,,,,,,6.461,
2017-03-27,,"1,255.70",6.708,"9,808.20",,"4,328.00","21,056.90",,"9,045.20",,,"7,865.30","10,559.06",6.439,
2017-03-28,,"1,255.60",,"9,887.80",,"4,346.95","21,225.40",,"9,100.80",,,"7,912.10","10,657.13",,
2017-03-29,,"1,253.70",6.749,"9,845.75",,"4,368.75","21,391.15",,"9,143.80",,,"7,945.30","10,681.34",6.498,
2017-03-30,,"1,248.00",6.687,"9,860.30",,"4,364.65","21,620.70",,"9,173.75",,,"7,976.90","10,719.05",6.458,
2017-03-31,,"1,251.20",6.658,"9,880.20",,"4,383.65","21,444.15",,"9,173.75",,,"7,995.05","10,803.04",6.455,
2017-04-02,,,,,,,,,,,,,"10,803.04",,
2017-04-03,,"1,254.00",6.648,"9,921.10",,"4,423.45","21,547.75",,"9,237.85",,,"8,053.15","10,889.23",6.483,
2017-04-04,,"1,258.40",,,,,,,,,,,,,
2017-04-05,,"1,248.50",6.651,"10,033.55",,"4,446.30","21,652.70",,"9,265.15",,,"8,095.10","10,964.38",6.483,
2017-04-06,,"1,253.30",6.768,"10,035.30",,"4,444.50","21,622.95",,"9,261.95",,,"8,092.10","10,918.36",6.542,
2017-04-07,,"1,257.30",6.819,"9,993.75",,"4,405.60","21,431.15",,"9,198.30",,,"8,045.35","10,925.06",6.569,
2017-04-10,,"1,253.90",6.865,"10,030.50",,"4,435.85","21,520.15",,"9,181.45",,,"8,052.10","11,022.95",6.548,
2017-04-11,,"1,274.20",6.811,"10,040.05",,"4,474.85","21,736.15",,"9,237.00",,,"8,107.10","11,075.02",6.517,
2017-04-12,,"1,278.10",6.779,"9,987.15",,"4,427.95","21,666.80",,"9,203.45",,,"8,078.85","11,089.92",6.522,
2017-04-13,,"1,288.50",6.821,"9,907.40",,"4,410.55","21,686.60",,"9,150.80",,,"8,044.90","11,048.26",6.508,
2017-04-17,,"1,291.90",6.847,"9,889.45",,"4,432.85","21,647.60",,"9,139.30",,,"8,042.60","11,031.49",6.538,
2017-04-18,,"1,294.10",6.863,"9,813.70",,"4,416.25","21,671.85",,"9,105.15",,,"8,003.15","10,961.19",6.532,
2017-04-19,,"1,283.40",6.853,"9,831.35",,"4,450.90","21,556.35",,"9,103.50",,,"8,021.00","10,997.58",6.526,
2017-04-20,,"1,283.80",6.878,"9,909.90",,"4,509.30","21,491.40",,"9,136.40",,,"8,063.10","11,141.16",6.52,
2017-04-21,,"1,289.10",6.918,"9,858.80",,"4,505.45","21,551.45",,"9,119.40",,,"8,057.70","11,087.51",6.599,
2017-04-22,,,6.923,,,,,,,,,,,6.599,
2017-04-24,,"1,277.50",6.943,"9,978.20",,"4,547.35","21,857.40",,"9,217.95",,,"8,137.35","11,189.82",6.619,
2017-04-25,,"1,270.60",6.934,"10,090.35",,"4,589.60","22,054.70",,"9,306.60",,,"8,216.70","11,348.99",6.603,
2017-04-26,,"1,267.60",6.957,"10,189.70",,"4,583.10","22,242.85",,"9,351.85",,,"8,230.85","11,305.96",6.648,
2017-04-27,,"1,269.30",6.943,"10,173.10",,"4,607.40","22,326.30",,"9,342.15",,,"8,222.20","11,297.69",6.653,
2017-04-28,,"1,271.70",6.961,"10,255.15",,"4,658.35","22,358.25",,"9,304.05",,,"8,214.30","11,346.23",6.66,
2017-05-01,,"1,258.90",,,,,,,,,,,,,
2017-05-02,,"1,260.50",6.992,"10,294.75",,"4,685.75","22,341.35",,"9,313.80",,,"8,231.35","11,409.70",6.675,
2017-05-03,,"1,252.00",6.955,"10,273.00",,"4,662.25","22,307.30",,"9,311.95",,,"8,227.70","11,392.40",6.675,
2017-05-04,,"1,232.00",6.97,"10,211.80",,"4,689.80","22,720.10",,"9,359.90",,,"8,265.80","11,441.30",6.633,
2017-05-05,,"1,230.40",6.942,"10,107.95",,"4,646.00","22,604.95",,"9,285.30",,,"8,193.25","11,299.20",6.594,
2017-05-07,,,6.943,,,,,,,,,,,6.594,
2017-05-08,,"1,230.60",6.928,"10,167.05",,"4,676.30","22,767.35",,"9,314.05",,,"8,226.10","11,372.30",6.593,
2017-05-09,,"1,219.60",6.94,"10,157.80",,"4,679.40","22,707.30",,"9,316.85",,,"8,242.70","11,454.30",6.602,
2017-05-10,,"1,222.40",,"10,303.90",,"4,697.40","22,830.35",,"9,407.30",,,"8,320.20","11,569.10",,
2017-05-11,,"1,227.70",6.941,"10,410.75",,"4,699.45","22,818.45",,"9,422.40",,,"8,331.00","11,578.90",6.628,
2017-05-12,,"1,231.10",6.905,"10,429.20",,"4,660.80","22,671.70",,"9,400.90",,,"8,299.20","11,480.50",6.599,
2017-05-14,,,,,,,,,,,,,"11,480.50",,
2017-05-15,,"1,233.40",6.806,"10,481.30",,"4,710.40","22,821.50",,"9,445.40",,,"8,351.30","11,662.00",6.567,
2017-05-16,,"1,239.70",6.841,"10,597.45",,"4,728.20","22,928.60",,"9,512.25",,,"8,398.95","11,693.20",6.609,
2017-05-17,,"1,262.00",6.843,"10,669.70",,"4,720.40","22,935.95",,"9,525.75",,,"8,396.00","11,657.80",6.587,
2017-05-18,,"1,256.10",6.841,"10,436.35",,"4,581.50","22,698.60",,"9,429.45",,,"8,279.15","11,404.60",6.586,
2017-05-19,,"1,256.80",6.854,"10,409.80",,"4,563.45","22,769.80",,"9,427.90",,,"8,258.20","11,308.40",6.584,
2017-05-22,,"1,264.80",6.767,"10,339.95",,"4,496.75","22,652.85",,"9,438.25",,,"8,235.05","11,120.60",6.556,
2017-05-23,,"1,258.90",6.789,"10,380.65",,"4,405.55","22,582.80",,"9,386.15",,,"8,159.15","10,984.00",6.556,
2017-05-24,,"1,256.50",6.797,"10,386.30",,"4,332.15","22,536.30",,"9,360.55",,,"8,106.60","10,847.50",6.56,
2017-05-25,,"1,259.80",6.791,"10,588.10",,"4,415.20","23,190.80",,"9,509.75",,,"8,233.90","11,073.40",6.528,
2017-05-26,,"1,271.40",6.787,"10,711.55",,"4,491.10","23,362.20",,"9,595.10",,,"8,331.85","11,282.10",6.525,
2017-05-29,,"1,265.70",6.668,"10,753.50",,"4,398.50","23,182.75",,"9,604.90",,,"8,299.50","11,114.75",6.535,
2017-05-30,,"1,269.30",6.661,"10,802.05",,"4,447.40","23,307.25",,"9,624.55",,,"8,328.95","11,252.86",6.551,
2017-05-31,,"1,279.00",6.661,"10,870.80",,"4,487.35","23,424.80",,"9,621.25",,,"8,350.95","11,331.68",6.529,
2017-06-01,,"1,273.60",6.623,"10,891.55",,"4,535.10","23,310.15",,"9,616.10",,,"8,367.15","11,331.60",6.496,
2017-06-02,,"1,283.80",6.624,"10,942.20",,"4,568.20","23,375.90",,"9,653.50",,,"8,406.55","11,484.70",6.477,
2017-06-05,,"1,286.30",6.646,"10,967.95",,"4,582.95","23,459.65",,"9,675.10",,,"8,435.75","11,573.26",6.492,
2017-06-06,,"1,301.10",6.635,"10,849.20",,"4,549.60","23,416.30",,"9,637.15",,,"8,397.20","11,502.57",6.48,
2017-06-07,,"1,296.70",6.562,"10,932.40",,"4,579.75","23,567.65",,"9,663.90",,,"8,431.50","11,619.83",6.425,
2017-06-08,,"1,283.10",6.532,"10,939.65",,"4,589.30","23,536.10",,"9,647.25",,,"8,429.15","11,664.12",6.375,
2017-06-09,,"1,275.00",6.501,"11,047.45",,"4,614.00","23,690.90",,"9,668.25",,,"8,452.75","11,786.89",6.371,
2017-06-12,,"1,272.50",6.515,"10,963.85",,"4,573.40","23,470.45",,"9,616.40",,,"8,408.70","11,705.81",6.369,
2017-06-13,,"1,272.20",6.492,"10,910.20",,"4,578.75","23,477.85",,"9,606.90",,,"8,408.00","11,734.39",6.368,
2017-06-14,,"1,279.50",6.467,"10,905.25",,"4,595.85","23,498.70",,"9,618.15",,,"8,420.80","11,734.41",6.372,
2017-06-15,,"1,258.10",6.479,"10,839.40",,"4,611.65","23,391.75",,"9,578.05",,,"8,400.20","11,755.45",6.387,
2017-06-16,,"1,260.00",6.49,"10,869.20",,"4,612.30","23,502.75",,"9,588.05",,,"8,411.45","11,757.31",6.383,
2017-06-19,,"1,250.30",6.465,"10,893.30",,"4,607.15","23,742.15",,"9,657.55",,,"8,453.10","11,789.70",6.365,
2017-06-20,,"1,247.10",6.445,"10,900.70",,"4,610.35","23,697.95",,"9,653.50",,,"8,454.00","11,811.20",6.364,
2017-06-21,,"1,249.40",6.43,"10,835.50",,"4,611.30","23,708.75",,"9,633.60",,,"8,443.60","11,801.24",6.363,
2017-06-22,,"1,253.10",6.453,"10,820.75",,"4,579.40","23,736.10",,"9,630.00",,,"8,423.85","11,676.78",6.444,
2017-06-23,,"1,260.10",6.459,"10,637.45",,"4,517.10","23,542.75",,"9,574.95",,,"8,355.10","11,480.69",6.394,
2017-06-25,,,6.46,,,,,,,,,,,6.394,
2017-06-26,,"1,250.10",,,,,,,,,,,,,
2017-06-27,,"1,250.60",6.463,"10,576.20",,"4,455.25","23,216.25",,"9,511.40",,,"8,285.50","11,271.82",6.393,
2017-06-28,,"1,252.80",6.497,"10,582.65",,"4,473.75","23,235.85",,"9,491.25",,,"8,279.70","11,331.03",6.425,
2017-06-29,,"1,249.50",6.507,"10,568.15",,"4,499.00","23,227.30",,"9,504.10",,,"8,301.10","11,407.70",6.407,
2017-06-30,,"1,246.00",6.511,"10,540.25",,"4,519.75","23,211.20",,"9,520.90",,,"8,331.60","11,462.19",6.403,
2017-07-01,,,6.511,,,,,,,,,,,6.403,
2017-07-02,,,6.511,,,,,,,,,,,6.403,
2017-07-03,,"1,222.90",6.552,"10,680.95",,"4,577.35","23,272.80",,"9,615.00",,,"8,416.40","11,625.13",6.43,
2017-07-04,,"1,221.70",6.548,"10,629.55",,"4,569.90","23,214.20",,"9,613.30",,,"8,410.70","11,587.90",6.418,
2017-07-05,,"1,225.30",6.55,"10,704.80",,"4,638.40","23,352.60",,"9,637.60",,,"8,451.50","11,684.83",6.399,
2017-07-06,,"1,226.90",6.536,"10,746.55",,"4,641.00","23,466.65",,"9,674.55",,,"8,481.75","11,744.90",6.381,
2017-07-07,,"1,213.30",6.529,"10,729.00",,"4,647.85","23,449.15",,"9,665.80",,,"8,479.45","11,722.51",6.377,
2017-07-10,,"1,216.80",6.468,"10,795.20",,"4,664.05","23,675.05",,"9,771.05",,,"8,556.95","11,791.14",6.365,
2017-07-11,,"1,218.30",6.484,"10,876.15",,"4,617.45","23,584.60",,"9,786.05",,,"8,544.90","11,727.41",6.363,
2017-07-12,,"1,222.70",6.459,"10,904.35",,"4,675.35","23,695.45",,"9,816.10",,,"8,585.50","11,858.44",6.334,
2017-07-13,,"1,220.80",6.456,"10,936.65",,"4,687.35","23,888.65",,"9,891.70",,,"8,646.30","11,914.77",6.332,
2017-07-14,,"1,231.00",6.463,"10,892.25",,"4,709.70","23,937.70",,"9,886.35",,,"8,640.70","11,939.63",6.328,
2017-07-16,,,6.463,,,,,,,,,,,6.328,
2017-07-17,,"1,237.20",6.456,"10,936.45",,"4,718.35","24,015.05",,"9,915.95",,,"8,659.50","11,982.37",6.304,
2017-07-18,,"1,245.30",6.455,"10,954.40",,"4,699.85","24,022.05",,"9,827.15",,,"8,589.80","11,927.91",6.308,
2017-07-19,,"1,245.30",6.449,"11,012.15",,"4,738.90","24,152.65",,"9,899.60",,,"8,662.15","12,085.53",6.296,
2017-07-20,,"1,248.70",6.453,"10,960.70",,"4,715.20","24,213.35",,"9,873.30",,,"8,641.60","12,090.49",6.317,
2017-07-21,,"1,257.90",6.436,"10,955.40",,"4,707.90","24,257.05",,"9,915.25",,,"8,669.75","12,079.96",6.29,
2017-07-24,,"1,257.60",6.414,"10,968.80",,"4,720.90","24,420.85",,"9,966.40",,,"8,702.85","12,068.99",6.277,
2017-07-25,,"1,255.40",6.431,"10,932.50",,"4,760.55","24,520.70",,"9,964.55",,,"8,710.60","12,144.00",6.298,
2017-07-26,,"1,252.50",6.446,"11,003.55",,"4,770.60","24,670.70",,"10,020.65",,,"8,748.75","12,165.02",6.303,
2017-07-27,,"1,263.20",6.44,"10,919.00",,"4,746.25","24,922.40",,"10,020.55",,,"8,737.10","12,080.90",6.301,
2017-07-28,,"1,275.30",6.462,"10,934.85",,"4,790.50","24,811.30",,"10,014.50",,,"8,747.45","12,106.54",6.293,
2017-07-31,,"1,273.40",6.465,"11,002.65",,"4,792.65","25,103.65",,"10,077.10",,,"8,793.30","12,141.47",6.308,
2017-08-01,,"1,279.40",6.44,"11,170.90",,"4,798.05","25,122.80",,"10,114.65",,,"8,812.60","12,192.66",6.295,
2017-08-02,,"1,278.40",6.46,"11,134.25",,"4,803.00","25,055.20",,"10,081.50",,,"8,786.85","12,200.83",6.288,
2017-08-03,,"1,274.40",6.429,"11,058.80",,"4,726.70","24,675.05",,"10,013.65",,,"8,729.30","12,144.70",6.246,
2017-08-04,,"1,264.60",6.438,"11,137.55",,"4,737.20","24,827.45",,"10,066.40",,,"8,776.20","12,234.44",6.242,
2017-08-06,,,6.441,,,,,,,,,,,6.294,
2017-08-07,,"1,264.70",6.457,"11,158.85",,"4,799.05","24,906.35",,"10,057.40",,,"8,806.45","12,400.79",6.275,
2017-08-08,,"1,262.60",6.457,"11,117.80",,"4,754.10","24,599.50",,"9,978.55",,,"8,726.85","12,265.65",6.256,
2017-08-09,,"1,279.30",6.465,"10,925.65",,"4,665.80","24,374.60",,"9,908.05",,,"8,637.15","12,061.58",6.254,
2017-08-10,,"1,290.10",6.494,"10,606.50",,"4,514.95","24,217.35",,"9,820.25",,,"8,497.75","11,541.56",6.332,
2017-08-11,,"1,294.00",6.502,"10,457.75",,"4,490.45","23,985.75",,"9,710.80",,,"8,427.70","11,520.47",6.341,
2017-08-14,,"1,290.40",6.52,"10,600.15",,"4,628.00","24,115.75",,"9,794.15",,,"8,541.50","11,845.45",6.337,
2017-08-15,,"1,279.70",,,,,,,,,,,,,
2017-08-16,,"1,282.90",6.533,"10,778.75",,"4,687.35","24,437.70",,"9,897.30",,,"8,635.70","12,009.93",6.341,
2017-08-17,,"1,292.40",,"10,694.65",,"4,675.80","24,237.25",,"9,904.15",,,"8,643.30","12,033.54",,
2017-08-18,,"1,291.60",6.509,"10,676.35",,"4,654.75","24,074.45",,"9,837.40",,,"8,594.25","11,955.06",6.341,
2017-08-21,,"1,296.70",6.51,"10,572.75",,"4,577.95","23,936.50",,"9,754.35",,,"8,509.40","11,762.23",6.332,
2017-08-22,,"1,291.00",6.535,"10,482.90",,"4,544.75","23,974.45",,"9,765.55",,,"8,499.30","11,714.07",6.336,
2017-08-23,,"1,294.70",6.535,"10,552.80",,"4,603.85","24,316.80",,"9,852.50",,,"8,585.00","11,930.33",6.341,
2017-08-24,,"1,292.00",6.538,"10,571.45",,"4,620.15","24,274.20",,"9,857.05",,,"8,605.75","11,972.28",6.35,
2017-08-25,,"1,297.90",,,,,,,,,,,,,
2017-08-28,,"1,315.30",6.568,"10,592.35",,"4,682.80","24,377.10",,"9,912.80",,,"8,669.60","12,089.58",6.359,
2017-08-29,,"1,318.90",6.533,"10,503.50",,"4,623.50","24,128.95",,"9,796.05",,,"8,571.80","11,945.67",6.345,
2017-08-30,,"1,314.10",6.536,"10,572.35",,"4,691.05","24,308.70",,"9,884.40",,,"8,663.15","12,148.43",6.35,
2017-08-31,,"1,322.20",6.525,"10,612.55",,"4,707.70","24,318.40",,"9,917.90",,,"8,694.95","12,296.68",6.35,
2017-09-01,,"1,330.40",6.483,"10,823.60",,"4,771.00","24,434.00",,"9,974.40",,,"8,755.25","12,438.66",6.321,
2017-09-04,,"1,344.50",6.496,"10,738.40",,"4,730.45","24,236.85",,"9,912.85",,,"8,700.35","12,317.66",6.331,
2017-09-05,,"1,344.50",6.497,"10,771.20",,"4,781.00","24,328.30",,"9,952.20",,,"8,747.20","12,488.81",6.335,
2017-09-06,,"1,339.00",6.507,"10,746.10",,"4,797.35","24,279.15",,"9,916.20",,,"8,732.40","12,551.78",6.335,
2017-09-07,,"1,350.30",6.515,"10,837.80",,"4,817.90","24,304.90",,"9,929.90",,,"8,757.15","12,627.23",6.331,
2017-09-08,,"1,351.20",6.543,"10,779.00",,"4,821.50","24,370.80",,"9,934.80",,,"8,749.95","12,569.98",6.335,
2017-09-11,,"1,335.70",6.562,"10,839.75",,"4,860.05","24,672.25",,"10,006.05",,,"8,810.95","12,667.59",6.34,
2017-09-12,,"1,332.70",6.557,"10,965.90",,"4,929.25","24,784.70",,"10,093.05",,,"8,890.65","12,787.94",6.34,
2017-09-13,,"1,328.00",6.586,"10,916.00",,"4,882.55","24,831.80",,"10,079.30",,,"8,866.85","12,681.93",6.349,
2017-09-14,,"1,329.30",6.59,"10,949.00",,"4,927.45","24,912.25",,"10,086.60",,,"8,884.95","12,768.48",6.359,
2017-09-15,,"1,325.20",6.598,"10,971.45",,"4,929.00","24,844.30",,"10,085.40",,,"8,887.60","12,817.55",6.363,
2017-09-18,,"1,310.80",6.61,"11,104.85",,"4,977.75","25,046.90",,"10,153.10",,,"8,946.90","12,947.60",6.363,
2017-09-19,,"1,310.60",6.591,"11,170.75",,"4,983.55","25,041.55",,"10,147.55",,,"8,951.75","12,988.57",6.368,
2017-09-20,,"1,316.40",6.577,"11,103.45",,"4,969.30","24,965.05",,"10,141.15",,,"8,938.40","12,884.39",6.363,
2017-09-21,,"1,294.80",6.674,"11,051.90",,"4,933.85","24,799.25",,"10,121.90",,,"8,911.20","12,809.09",6.402,
2017-09-22,,"1,297.50",6.663,"10,927.05",,"4,778.60","24,368.85",,"9,964.40",,,"8,738.00","12,329.05",6.416,
2017-09-25,,"1,311.50",6.618,"10,808.45",,"4,711.20","24,165.05",,"9,872.60",,,"8,638.30","11,999.57",6.411,
2017-09-26,,"1,301.70",6.669,"10,816.00",,"4,748.40","24,199.15",,"9,871.50",,,"8,654.60","12,152.50",6.44,
2017-09-27,,"1,287.80",6.666,"10,646.05",,"4,641.65","23,812.95",,"9,735.75",,,"8,520.95","11,866.97",6.44,
2017-09-28,,"1,292.80",6.641,"10,683.65",,"4,658.65","24,008.15",,"9,768.95",,,"8,557.10","11,953.97",6.431,
2017-09-29,,"1,288.90",6.663,"10,811.25",,"4,687.50","24,053.00",,"9,788.60",,,"8,600.00","12,229.89",6.402,
2017-10-02,,"1,279.90",,,,,,,,,,,,,
2017-10-03,,"1,278.70",6.648,"10,903.75",,"4,723.65","24,103.40",,"9,859.50",,,"8,662.40","12,373.64",6.392,
2017-10-04,,"1,280.90",6.703,"10,942.70",,"4,730.65","24,113.30",,"9,914.90",,,"8,706.85","12,480.63",6.426,
2017-10-05,,"1,277.30",6.729,"10,931.70",,"4,762.05","24,058.05",,"9,888.70",,,"8,706.45","12,555.29",6.431,
2017-10-06,,"1,279.00",6.757,"11,007.00",,"4,825.80","24,190.00",,"9,979.70",,,"8,787.40","12,699.10",6.432,
2017-10-09,,"1,289.10",6.78,"11,005.80",,"4,832.70","24,251.90",,"9,988.75",,,"8,798.30","12,819.49",6.432,
2017-10-10,,"1,298.00",6.741,"11,029.85",,"4,883.30","24,347.45",,"10,016.95",,,"8,836.40","13,117.13",6.422,
2017-10-11,,"1,293.10",6.74,"10,960.30",,"4,824.10","24,107.45",,"9,984.80",,,"8,792.40","13,019.11",6.412,
2017-10-12,,"1,300.80",6.753,"11,072.25",,"4,886.60","24,361.25",,"10,096.40",,,"8,890.05","13,246.15",6.418,
2017-10-13,,"1,308.90",6.734,"11,078.30",,"4,878.30","24,689.15",,"10,167.45",,,"8,937.20","13,238.24",6.408,
2017-10-16,,"1,307.30",6.734,"11,216.85",,"4,914.05","24,703.05",,"10,230.85",,,"8,985.25","13,275.02",6.418,
2017-10-17,,"1,290.40",6.763,"11,221.90",,"4,930.80","24,645.60",,"10,234.45",,,"9,002.35","13,448.08",6.418,
2017-10-18,,"1,287.20",6.76,"11,167.85",,"4,920.90","24,313.75",,"10,210.85",,,"8,984.65","13,441.67",6.424,
2017-10-19,,"1,294.20",,"11,107.70",,"4,883.05","24,009.75",,"10,146.55",,,"8,937.65","13,353.80",,
2017-10-20,,"1,284.60",,,,,,,,,,,,,
2017-10-22,,,6.762,,,,,,,,,,,6.424,
2017-10-23,,"1,285.10",6.799,"11,109.95",,"4,918.95","24,088.90",,"10,184.85",,,"8,972.90","13,394.06",6.434,
2017-10-24,,"1,282.50",6.782,"11,080.00",,"4,955.05","24,222.15",,"10,207.70",,,"8,993.80","13,401.34",6.434,
2017-10-25,,"1,283.20",6.814,"11,150.30",,"5,025.00","25,035.90",,"10,295.35",,,"9,065.15","13,216.07",6.439,
2017-10-26,,"1,273.80",6.798,"11,212.60",,"5,053.70","25,022.20",,"10,343.80",,,"9,106.75","13,312.85",6.439,
2017-10-27,,"1,276.00",6.807,"11,317.90",,"5,052.90","24,839.55",,"10,323.05",,,"9,104.45","13,358.54",6.444,
2017-10-29,,,6.808,,,,,,,,,,,6.449,
2017-10-30,,"1,281.90",6.882,"11,426.50",,"5,116.30","24,988.55",,"10,363.65",,,"9,165.10","13,453.63",6.484,
2017-10-31,,"1,274.70",6.862,"11,370.00",,"5,123.65","25,019.35",,"10,335.30",,,"9,153.60","13,481.66",6.475,
2017-11-01,,"1,281.60",6.892,"11,363.50",,"5,148.95","25,490.45",,"10,440.50",,,"9,234.85","13,576.86",6.485,
2017-11-02,,"1,282.40",6.86,"11,282.85",,"5,154.60","25,427.30",,"10,423.80",,,"9,237.75","13,631.08",6.47,
2017-11-03,,"1,273.40",6.858,"11,313.65",,"5,168.95","25,650.70",,"10,452.50",,,"9,260.65","10,789.44",6.471,
2017-11-06,,"1,285.90",6.894,"11,463.20",,"5,172.80","25,571.15",,"10,451.80",,,"9,273.10","13,626.11",6.471,
2017-11-07,,"1,280.10",6.928,"11,331.75",,"5,078.80","25,300.80",,"10,350.15",,,"9,169.55","13,475.21",6.486,
2017-11-08,,"1,288.00",6.939,"11,254.10",,"5,041.60","25,184.35",,"10,303.15",,,"9,117.55","13,285.01",6.497,
2017-11-09,,"1,291.80",6.931,"11,242.50",,"5,107.60","25,291.35",,"10,308.95",,,"9,147.30","13,351.39",6.487,
2017-11-10,,"1,278.50",6.956,"11,185.50",,"5,112.10","25,498.95",,"10,321.75",,,"9,154.95","13,365.59",6.503,
2017-11-13,,"1,283.30",6.972,"11,134.05",,"5,088.75","25,358.30",,"10,224.95",,,"9,082.45","13,320.34",6.518,
2017-11-14,,"1,287.30",7.05,"11,156.70",,"5,080.50","25,284.60",,"10,186.60",,,"9,051.50","13,276.16",6.58,
2017-11-15,,"1,282.10",7.016,"11,103.60",,"5,023.60","25,218.90",,"10,118.05",,,"8,973.75","13,000.81",6.56,
2017-11-16,,"1,282.60",7.062,"11,156.40",,"5,099.00","25,446.60",,"10,214.75",,,"9,065.00","13,153.05",6.616,
2017-11-17,,"1,300.90",7.049,"11,252.10",,"5,140.75","25,728.40",,"10,283.60",,,"9,137.10","13,328.55",6.602,
2017-11-20,,"1,279.70",6.889,"11,284.95",,"5,185.70","25,768.60",,"10,298.75",,,"9,161.90","13,414.94",6.525,
2017-11-21,,"1,286.20",6.896,"11,325.90",,"5,183.05","25,757.50",,"10,326.90",,,"9,185.40","13,393.01",6.557,
2017-11-22,,"1,296.80",6.959,"11,354.55",,"5,187.80","25,766.65",,"10,342.30",,,"9,195.70","13,353.97",6.578,
2017-11-23,,"1,287.30",6.985,"11,326.75",,"5,198.40","25,736.25",,"10,348.75",,,"9,207.40","13,393.26",6.578,
2017-11-24,,"1,291.80",7.002,"11,371.95",,"5,226.65","25,779.65",,"10,389.70",,,"9,246.05","13,423.34",6.589,
2017-11-27,,"1,298.90",7.056,"11,402.70",,"5,279.20","25,891.95",,"10,399.55",,,"9,267.50","13,453.13",6.611,
2017-11-28,,"1,299.20",7.03,"11,406.40",,"5,288.05","25,846.40",,"10,370.25",,,"9,254.30","13,419.22",6.58,
2017-11-29,,"1,290.60",7.025,"11,427.95",,"5,262.15","25,795.70",,"10,361.30",,,"9,244.70","13,352.00",6.564,
2017-11-30,,"1,281.10",7.058,"11,292.90",,"5,212.20","25,332.40",,"10,226.55",,,"9,154.50","13,298.81",6.582,
2017-12-01,,"1,286.70",,"11,188.20",,"5,148.25","25,191.95",,"10,121.80",,,"9,060.40","13,097.12",,
2017-12-04,,"1,282.10",7.083,"11,160.10",,"5,140.70","25,075.10",,"10,127.75",,,"9,059.35","13,046.76",6.598,
2017-12-05,,"1,269.30",7.059,"11,100.55",,"5,155.95","25,124.85",,"10,118.25","4,250.35",,"9,056.60","13,069.26",6.582,
2017-12-06,,"1,270.50",7.031,"11,020.75",,"5,113.75","24,851.80",,"10,044.10","4,216.94",,"8,988.55","12,954.69",6.546,
2017-12-07,,"1,257.50",7.054,"11,235.65",,"5,195.95","25,057.25",,"10,166.70","4,270.51",,"9,103.05","13,197.71",6.562,
2017-12-08,,"1,252.80",7.089,"11,357.15",,"5,228.35","25,321.15",,"10,265.65","4,310.68",,"9,190.55","13,435.11",6.584,
2017-12-11,,"1,251.30",7.172,"11,424.60",,"5,276.60","25,404.85",,"10,322.25","4,331.85",,"9,231.90","13,442.04",6.59,
2017-12-12,,"1,246.10",7.191,"11,331.10",,"5,228.20","25,125.45",,"10,240.15","4,298.85",,"9,156.50","13,293.45",6.612,
2017-12-13,,"1,253.10",7.173,"11,264.65",,"5,163.15","25,000.35",,"10,192.95","4,273.45",,"9,101.80","13,206.47",6.612,
2017-12-14,,"1,261.60",7.13,"11,296.20",,"5,161.05","25,168.20",,"10,252.10","4,291.66",,"9,133.65","13,199.35",6.608,
2017-12-15,,"1,262.00",7.134,"11,448.40",,"5,229.45","25,440.30",,"10,333.25","4,329.80",,"9,216.75","13,470.48",6.609,
2017-12-16,,,7.133,,,,,,,,,,,6.614,
2017-12-18,,"1,270.00",7.181,"11,589.05",,"5,277.65","25,594.55",,"10,388.75","4,352.35",,"9,270.85","13,515.96",6.609,
2017-12-19,,"1,268.80",7.178,"11,991.90",,"5,367.60","25,716.20",,"10,463.20","4,391.72",,"9,360.45","13,735.10",6.631,
2017-12-20,,"1,274.20",7.219,"11,954.10",,"5,384.00","25,591.70",,"10,444.20","4,390.66",,"9,363.45","13,815.70",6.669,
2017-12-21,,"1,275.30",7.214,"11,876.85",,"5,437.45","25,554.30",,"10,440.30","4,398.31",,"9,387.75","14,009.78",6.67,
2017-12-22,,"1,283.40",7.271,"11,931.20",,"5,453.90","25,648.55",,"10,493.00","4,416.64",,"9,431.50","14,069.42",6.726,
2017-12-26,,"1,292.20",7.275,"11,959.15",,"5,478.80","25,675.25",,"10,531.50","4,431.50",,"9,470.35","14,153.36",6.759,
2017-12-27,,"1,296.00",7.219,"11,905.50",,"5,493.70","25,496.05",,"10,490.75","4,419.60",,"9,438.25","14,064.98",6.744,
2017-12-28,,"1,301.90",7.396,"11,857.65",,"5,499.40","25,490.00",,"10,477.90","4,416.21",,"9,435.85","14,106.25",6.782,
2017-12-29,,"1,314.00",7.326,"12,009.70",,"5,540.15","25,539.45",,"10,530.70","4,441.79",,"9,490.65","14,257.54",6.729,
2018-01-01,,,7.337,"11,890.50",,"5,532.50","25,318.10",,"10,435.55","4,417.86",,"9,434.50","14,231.23",6.768,
2018-01-02,,"1,320.90",7.384,"11,927.15",,"5,478.35","25,338.25",,"10,442.20","4,407.02",,"9,417.85","14,128.92",6.774,
2018-01-03,,"1,323.40",7.322,"11,866.80",,"5,513.05","25,318.60",,"10,443.20","4,414.48",,"9,439.35","14,325.16",6.753,
2018-01-04,,"1,326.40",7.331,"11,843.25",,"5,560.95","25,462.60",,"10,504.80","4,443.38",,"9,505.75","14,488.80",6.753,
2018-01-05,,"1,327.10",7.288,"11,929.60",,"5,635.70","25,601.85",,"10,558.85","4,473.39",,"9,573.45","14,624.23",6.738,
2018-01-08,,"1,325.20",7.344,"11,974.50",,"5,702.70","25,676.10",,"10,623.60","4,503.18",,"9,639.25","14,867.84",6.743,
2018-01-09,,"1,318.50",7.367,"11,942.25",,"5,671.70","25,703.80",,"10,637.00","4,505.55",,"9,640.75","14,894.30",6.782,
2018-01-10,,"1,324.10",7.441,"11,856.95",,"5,625.15","25,617.30",,"10,632.20","4,500.76",,"9,630.60","14,901.53",6.794,
2018-01-11,,"1,327.30",7.436,"11,871.75",,"5,660.95","25,660.90",,"10,651.20","4,509.37",,"9,650.30","14,935.32",6.811,
2018-01-12,,"1,339.80",7.455,"11,908.40",,"5,647.75","25,749.05",,"10,681.25","4,515.20",,"9,665.20","14,953.02",6.818,
2018-01-15,,"1,337.10",7.443,"11,794.10",,"5,641.05","26,069.20",,"10,741.55","4,532.79",,"9,699.85","14,948.61",6.824,
2018-01-16,,"1,342.00",7.552,"11,646.25",,"5,505.25","25,974.90",,"10,700.45","4,500.40",,"9,612.60","14,600.53",6.897,
2018-01-17,,"1,344.00",7.415,"11,692.60",,"5,554.90","26,289.10",,"10,788.55","4,536.16",,"9,686.60","14,782.04",6.819,
2018-01-18,,"1,332.00",7.471,"11,662.10",,"5,427.75","26,537.40",,"10,817.00","4,522.73",,"9,646.80","14,478.41",6.853,
2018-01-19,,"1,338.00",7.479,"11,677.55",,"5,469.55","26,909.50",,"10,894.70","4,557.42",,"9,723.10","14,710.81",6.855,
2018-01-22,,"1,336.90",7.462,"11,690.85",,"5,510.80","27,041.20",,"10,966.20","4,587.48",,"9,787.30","14,901.61",6.844,
2018-01-23,,"1,341.70",7.413,"11,725.80",,"5,573.40","27,390.60",,"11,083.70","4,629.66",,"9,877.20","15,055.73",6.789,
2018-01-24,,"1,361.40",7.276,"11,654.65",,"5,530.95","27,398.55",,"11,086.00","4,624.24",,"9,853.90","14,781.25",6.795,
2018-01-25,,"1,368.00",7.307,"11,507.75",,"5,468.65","27,445.65",,"11,069.65","4,602.69",,"9,810.00","14,687.35",6.797,
2018-01-26,,"1,357.20",,,,,,,,,,,,,
2018-01-29,,"1,345.10",7.441,"11,678.40",,"5,437.35","27,498.45",,"11,130.40","4,613.55",,"9,819.45","14,472.67",6.837,
2018-01-30,,"1,345.20",7.434,"11,627.90",,"5,410.60","27,269.05",,"11,049.65","4,582.05",,"9,743.05","14,199.90",6.865,
2018-01-31,,"1,348.40",7.43,"11,611.90",,"5,353.95","27,379.45",,"11,027.70","4,562.89",,"9,697.90","13,876.97",6.86,
2018-02-01,,"1,353.10",7.605,"11,693.60",,"5,350.05","27,220.70",,"11,016.90","4,557.60",,"9,687.05","13,868.03",6.9,
2018-02-02,,"1,342.50",7.562,"11,301.95",,"5,065.85","26,451.15",,"10,760.60","4,434.17",,"9,409.80","12,972.39",6.925,
2018-02-05,,"1,341.70",7.605,"11,386.40",,"5,084.20","26,098.75",,"10,666.55","4,404.58",,"9,344.40","11,541.75",6.92,
2018-02-06,,"1,334.70",7.568,"11,181.70",,"5,009.40","25,811.30",,"10,498.25","4,332.22",,"9,190.55","12,692.75",6.915,
2018-02-07,,"1,319.80",7.531,"11,214.75",,"5,041.85","25,670.00",,"10,476.70","4,330.65",,"9,206.35","12,952.10",6.83,
2018-02-08,,"1,324.20",7.466,"11,344.20",,"5,171.95","25,920.65",,"10,576.85","4,383.75",,"9,322.60","13,264.90",6.802,
2018-02-09,,"1,320.90",7.49,"11,234.75",,"5,172.05","25,463.65",,"10,454.95","4,348.86",,"9,251.10","13,291.45",6.82,
2018-02-12,,"1,331.50",7.496,"11,364.75",,"5,257.40","25,701.60",,"10,539.75","4,389.83",,"9,348.45","13,583.95",6.816,
2018-02-13,,"1,335.40",,,,,,,,,,,,,
2018-02-14,,"1,363.10",7.491,"11,335.65",,"5,254.75","25,341.25",,"10,500.90","4,378.21",,"9,326.70","13,619.10",6.782,
2018-02-15,,"1,360.70",7.568,"11,306.80",,"5,200.40","25,424.35",,"10,545.50","4,382.05",,"9,323.60","13,505.40",6.8,
2018-02-16,,"1,361.60",7.577,"11,114.55",,"5,131.25","25,163.90",,"10,452.30","4,341.72",,"9,235.60","13,326.45",6.796,
2018-02-18,,,7.583,,,,,,,,,,,6.819,
2018-02-19,,"1,331.20",,"10,976.65",,"5,071.70","25,058.55",,"10,378.40","4,306.27",,"9,159.95","13,174.90",,
2018-02-20,,"1,336.60",7.668,"10,962.90",,"5,065.35","24,874.40",,"10,360.40","4,303.17",,"9,151.05","13,167.40",6.826,
2018-02-21,,"1,337.50",7.71,"10,942.20",,"5,077.60","24,936.70",,"10,397.45","4,313.21",,"9,167.60","13,223.85",6.838,
2018-02-22,,"1,338.10",7.746,"10,847.95",,"5,052.95","24,955.20",,"10,382.70","4,301.63",,"9,138.50","13,139.20",6.839,
2018-02-23,,"1,335.80",7.667,"10,927.00",,"5,185.65","25,302.50",,"10,491.05","4,351.40",,"9,251.35","13,400.75",6.84,
2018-02-26,,"1,338.40",7.688,"11,171.65",,"5,233.55","25,687.90",,"10,582.60","4,390.41",,"9,332.65","13,518.50",6.841,
2018-02-27,,"1,324.20",7.666,"11,165.25",,"5,195.70","25,383.60",,"10,554.30","4,375.61",,"9,302.25","13,408.20",6.824,
2018-02-28,,"1,323.70",7.726,"11,157.20",,"5,192.95","25,107.40",,"10,492.85","4,357.61",,"9,261.90","13,309.95",6.85,
2018-03-01,,"1,311.00",7.738,"11,146.70",,"5,162.70","24,902.55",,"10,458.35","4,339.42",,"9,225.35","13,202.00",6.864,
2018-03-02,,"1,329.20",,,,,,,,,,,,,
2018-03-05,,"1,325.70",7.776,"10,971.60",,"5,106.10","24,818.70",,"10,358.85","4,296.90",,"9,136.10","13,082.75",6.871,
2018-03-06,,"1,341.00",7.775,"10,821.35",,"5,046.05","24,448.45",,"10,249.25","4,252.20",,"9,039.80","12,866.10",6.883,
2018-03-07,,"1,333.40",7.678,"10,788.55",,"4,953.60","24,134.10",,"10,154.20","4,210.50",,"8,936.85","12,656.80",6.866,
2018-03-08,,"1,327.60",7.662,"10,894.75",,"4,996.70","24,477.65",,"10,242.65","4,240.16",,"9,000.70","12,772.65",6.867,
2018-03-09,,"1,329.90",7.671,"10,888.35",,"4,959.85","24,296.45",,"10,226.85","4,234.81",,"8,986.40","12,818.40",6.875,
2018-03-12,,"1,326.70",7.629,"11,045.80",,"5,007.10","24,664.20",,"10,421.40","4,299.98",,"9,121.75","12,973.25",6.852,
2018-03-13,,"1,333.00",7.653,"11,064.30",,"5,057.00","24,738.65",,"10,426.85","4,313.19",,"9,157.90","13,189.50",6.864,
2018-03-14,,"1,331.40",7.685,"11,060.60",,"5,080.80","24,851.65",,"10,410.90","4,313.38",,"9,151.55","13,117.45",6.859,
2018-03-15,,"1,323.50",7.633,"11,051.75",,"5,090.90","24,791.85",,"10,360.15","4,300.41",,"9,133.90","13,164.85",6.799,
2018-03-16,,"1,318.00",7.557,"10,861.40",,"5,037.00","24,489.55",,"10,195.15","4,241.88",,"9,004.45","13,067.35",6.771,
2018-03-19,,"1,323.40",7.608,"10,787.00",,"4,942.20","24,245.10",,"10,094.25","4,192.73",,"8,894.20","12,767.85",6.894,
2018-03-20,,"1,317.60",7.615,"10,848.60",,"4,966.10","24,168.20",,"10,124.35","4,203.53",,"8,920.45","12,863.00",6.907,
2018-03-21,,"1,327.30",7.581,"10,833.60",,"4,969.95","24,255.60",,"10,155.25","4,217.12",,"8,949.10","12,929.20",6.901,
2018-03-22,,"1,333.20",7.56,"10,737.15",,"4,922.70","24,141.50",,"10,114.75","4,197.10",,"8,904.00","12,795.90",6.909,
2018-03-23,,"1,355.70",7.557,"10,637.70",,"4,842.80","23,670.40",,"9,998.05","4,148.75",,"8,800.80","12,545.50",6.899,
2018-03-26,,"1,360.90",7.623,"10,801.00",,"4,930.95","24,244.35",,"10,130.65","4,203.85",,"8,914.35","12,634.15",6.922,
2018-03-27,,"1,347.90",7.333,"10,843.75",,"5,013.50","24,434.15",,"10,184.15","4,231.00",,"8,978.10","12,746.10",6.867,
2018-03-28,,"1,336.10",7.398,"10,821.35",,"4,975.30","24,263.35",,"10,113.70","4,206.05",,"8,912.10","12,558.60",6.849,
2018-03-29,,"1,333.30",,,,,,,,,,,,,
2018-04-02,,"1,352.90",,"11,058.45",,"5,078.10","24,328.50",,"10,211.80","4,252.85",,"9,023.60","12,938.50",,
2018-04-03,,"1,343.40",7.332,"11,153.45",,"5,141.35","24,510.60",,"10,245.00","4,274.63",,"9,074.85","13,042.75",6.808,
2018-04-04,,"1,346.30",7.294,"11,198.05",,"5,084.20","24,129.50",,"10,128.40","4,227.34",,"8,975.60","12,701.60",6.792,
2018-04-05,,"1,334.70",7.127,"11,406.15",,"5,210.40","24,759.80",,"10,325.15","4,305.25",,"9,146.15","12,974.15",6.746,
2018-04-06,,"1,342.30",7.175,"11,444.15",,"5,246.60","24,873.15",,"10,331.60","4,316.89",,"9,172.05","13,089.40",6.736,
2018-04-09,,"1,346.20",7.226,"11,472.35",,"5,276.65","25,093.80",,"10,379.35","4,333.61",,"9,205.20","13,063.95",6.779,
2018-04-10,,"1,352.00",7.379,"11,386.65",,"5,290.35","25,226.80",,"10,402.25","4,340.97",,"9,219.15","13,026.50",6.846,
2018-04-11,,"1,366.20",7.536,"11,453.60",,"5,288.40","25,098.25",,"10,417.15","4,344.65",,"9,230.85","13,041.15",6.87,
2018-04-12,,"1,348.00",7.468,"11,459.55",,"5,280.50","25,195.10",,"10,458.65","4,355.99",,"9,247.25","12,935.45",6.893,
2018-04-13,,"1,354.10",7.431,"11,465.30",,"5,329.15","25,200.60",,"10,480.60","4,367.48",,"9,267.65","13,086.75",6.893,
2018-04-16,,"1,356.90",7.486,"11,504.95",,"5,375.80","25,320.85",,"10,528.35","4,388.09",,"9,311.30","13,422.95",6.912,
2018-04-17,,"1,355.70",7.489,"11,472.35",,"5,376.30","25,334.45",,"10,548.70","4,398.73",,"9,330.30","13,387.15",6.945,
2018-04-18,,"1,359.70",7.536,"11,411.80",,"5,361.95","25,102.30",,"10,526.20","4,391.50",,"9,311.60","13,429.65",6.974,
2018-04-19,,"1,355.00",7.631,"11,431.65",,"5,401.30","25,126.15",,"10,565.30","4,410.59",,"9,356.40","13,465.80",6.988,
2018-04-20,,"1,344.50",7.718,"11,440.10",,"5,373.10","24,943.85",,"10,564.05","4,405.92",,"9,347.65","13,585.35",7.105,
2018-04-23,,"1,330.20",7.74,"11,497.20",,"5,386.05","24,960.65",,"10,584.70","4,415.06",,"9,373.40","13,620.10",7.231,
2018-04-24,,"1,339.20",7.683,"11,522.60",,"5,374.30","25,042.10",,"10,614.35","4,424.19",,"9,390.40","13,688.15",7.24,
2018-04-25,,"1,329.00",7.738,"11,503.50",,"5,351.25","24,814.40",,"10,570.55","4,406.57",,"9,349.95","13,823.80",7.254,
2018-04-26,,"1,324.20",7.755,"11,534.80",,"5,371.90","25,010.90",,"10,617.80","4,425.58",,"9,381.35","13,835.00",7.273,
2018-04-27,,"1,329.70",7.767,"11,581.80",,"5,424.50","25,394.60",,"10,692.30","4,454.59",,"9,443.65","13,848.05",7.33,
2018-04-30,,"1,325.30",,"11,625.75",,"5,461.25","25,531.60",,"10,739.35","4,478.93",,"9,496.50","14,120.65",,
2018-05-01,,"1,313.00",,,,,,,,,,,,,
2018-05-02,,"1,311.80",7.733,"11,508.20",,"5,365.40","25,568.30",,"10,718.05","4,455.88",,"9,444.50","14,053.75",7.318,
2018-05-03,,"1,319.00",7.734,"11,451.65",,"5,293.70","25,605.25",,"10,679.65","4,431.00",,"9,388.65","13,868.00",7.348,
2018-05-04,,"1,321.00",7.728,"11,323.70",,"5,286.45","25,645.40",,"10,618.25","4,408.57",,"9,339.75","13,867.60",7.377,
2018-05-07,,"1,320.40",7.622,"11,489.60",,"5,344.75","25,852.05",,"10,715.50","4,444.28",,"9,418.80","14,055.00",7.37,
2018-05-08,,"1,320.00",7.58,"11,437.20",,"5,341.55","26,090.50",,"10,717.80","4,444.88",,"9,419.85","14,110.00",7.348,
2018-05-09,,"1,319.30",7.709,"11,419.75",,"5,295.20","26,154.45",,"10,741.70","4,445.21",,"9,418.90","14,287.30",7.42,
2018-05-10,,"1,328.60",7.715,"11,346.40",,"5,194.95","26,131.00",,"10,716.55","4,421.89",,"9,360.95","14,022.00",7.425,
2018-05-11,,"1,327.00",7.726,"11,373.20",,"5,231.05","26,413.15",,"10,806.50","4,453.27",,"9,416.35","13,826.15",7.422,
2018-05-14,,"1,324.30",7.826,"11,273.75",,"5,167.25","26,475.15",,"10,806.60","4,442.79",,"9,389.95","13,651.60",7.5,
2018-05-15,,"1,296.20",7.903,"11,186.80",,"5,111.75","26,474.00",,"10,801.85","4,435.90",,"9,365.90","13,535.50",7.531,
2018-05-16,,"1,297.40",7.902,"11,164.70",,"5,093.70","26,182.15",,"10,741.10","4,419.16",,"9,328.70","13,654.80",7.525,
2018-05-17,,"1,295.20",7.88,"11,154.80",,"5,103.10","26,073.80",,"10,682.70","4,403.80",,"9,304.45","13,823.35",7.524,
2018-05-18,,"1,296.90",7.835,"10,962.75",,"5,014.30","25,875.60",,"10,596.40","4,359.22",,"9,209.20","13,512.90",7.437,
2018-05-20,,,7.835,,,,,,,,,,,7.437,
2018-05-21,,"1,296.40",7.809,"10,732.90",,"4,936.25","25,750.80",,"10,516.70","4,317.86",,"9,108.70","13,134.50",7.473,
2018-05-22,,"1,297.40",7.809,"10,913.45",,"4,957.15","25,777.70",,"10,536.70","4,332.40",,"9,145.65","13,271.50",7.478,
2018-05-23,,"1,294.80",7.849,"10,860.60",,"4,924.55","25,684.95",,"10,430.35","4,292.87",,"9,069.80","13,181.60",7.541,
2018-05-24,,"1,309.80",7.871,"10,681.60",,"4,896.00","26,016.80",,"10,513.85","4,317.20",,"9,115.55","13,102.00",7.567,
2018-05-25,,"1,309.00",7.794,"10,883.00",,"5,018.75","26,273.55",,"10,605.15","4,364.82",,"9,215.55","13,306.95",7.511,
2018-05-28,,"1,299.00",7.739,"11,007.15",,"5,085.75","26,614.25",,"10,688.65","4,405.74",,"9,307.55","13,530.35",7.511,
2018-05-29,,"1,304.10",7.756,"11,051.15",,"5,047.35","26,254.80",,"10,633.30","4,384.33",,"9,270.60","13,660.75",7.526,
2018-05-30,,"1,312.70",7.782,"11,024.15",,"5,041.70","26,327.80",,"10,614.35","4,378.33",,"9,255.00","13,605.05",7.526,
2018-05-31,,"1,310.80",7.826,"10,994.45",,"5,013.05","26,956.20",,"10,736.15","4,411.42",,"9,315.35","13,583.45",7.552,
2018-06-01,,"1,305.40",7.848,"11,076.55",,"4,953.40","26,692.80",,"10,696.20","4,387.69",,"9,255.10","13,235.85",7.561,
2018-06-04,,"1,303.40",7.876,"11,023.25",,"4,907.05","26,257.55",,"10,628.50","4,356.38",,"9,175.90","12,886.80",7.582,
2018-06-05,,"1,308.30",7.834,"10,986.95",,"4,861.75","26,251.00",,"10,593.15","4,332.24",,"9,110.50","12,448.70",7.587,
2018-06-06,,"1,307.40",7.917,"11,155.85",,"4,924.70","26,367.60",,"10,684.65","4,375.34",,"9,205.90","12,757.45",7.613,
2018-06-07,,"1,308.90",7.993,"11,236.00",,"4,993.25","26,517.80",,"10,768.35","4,414.92",,"9,300.10","13,192.45",7.672,
2018-06-08,,"1,308.80",7.947,"11,226.10",,"5,018.65","26,451.35",,"10,767.65","4,420.91",,"9,316.25","13,321.65",7.626,
2018-06-11,,"1,309.30",7.963,"11,239.70",,"5,006.90","26,453.55",,"10,786.95","4,427.04",,"9,332.40","13,381.90",7.63,
2018-06-12,,"1,305.50",7.966,"11,243.40",,"5,053.45","26,607.10",,"10,842.85","4,450.92",,"9,386.45","13,498.10",7.635,
2018-06-13,,"1,307.40",7.93,"11,236.20",,"5,038.50","26,642.80",,"10,856.70","4,453.11",,"9,386.40","13,537.75",7.574,
2018-06-14,,"1,314.40",7.945,"11,243.00",,"5,045.40","26,562.25",,"10,808.05","4,439.85",,"9,356.65","13,573.65",7.578,
2018-06-15,,"1,284.30",7.889,"11,173.05",,"5,026.15","26,417.40",,"10,817.70","4,434.16",,"9,343.70","13,447.70",7.531,
2018-06-18,,"1,286.00",7.877,"11,203.45",,"5,012.55","26,409.30",,"10,799.85","4,425.03",,"9,318.55","13,311.90",7.53,
2018-06-19,,"1,284.40",7.863,"11,080.35",,"4,945.05","26,265.75",,"10,710.45","4,387.58",,"9,234.50","13,073.15",7.49,
2018-06-20,,"1,280.30",7.827,"11,137.35",,"4,977.45","26,557.70",,"10,772.05","4,408.42",,"9,276.40","13,153.30",7.433,
2018-06-21,,"1,276.30",7.772,"11,033.20",,"4,943.40","26,496.95",,"10,741.10","4,391.40",,"9,240.25","13,007.20",7.41,
2018-06-22,,"1,276.40",7.819,"11,088.50",,"4,962.10","26,766.85",,"10,821.85","4,419.90",,"9,296.65","13,098.25",7.434,
2018-06-25,,"1,274.70",7.824,"10,910.45",,"4,941.25","26,609.70",,"10,762.45","4,391.14",,"9,234.40","13,139.35",7.444,
2018-06-26,,"1,265.60",7.829,"10,852.10",,"4,942.15","26,601.70",,"10,769.15","4,392.13",,"9,231.80","13,098.75",7.437,
2018-06-27,,"1,261.90",7.871,"10,716.20",,"4,857.10","26,423.40",,"10,671.40","4,346.61",,"9,129.25","12,793.35",7.475,
2018-06-28,,"1,256.70",7.935,"10,632.60",,"4,754.40","26,324.60",,"10,589.10","4,305.75",,"9,036.95","12,556.00",7.535,
2018-06-29,,"1,260.20",7.903,"10,709.05",,"4,850.70","26,364.20",,"10,714.30","4,361.42",,"9,162.45","12,897.05",7.509,
2018-07-02,,"1,247.10",7.912,"10,665.80",,"4,820.75","26,230.30",,"10,657.30","4,339.89",,"9,109.00","12,960.30",7.631,
2018-07-03,,"1,259.00",7.883,"10,779.15",,"4,883.80","26,204.10",,"10,699.90","4,359.13",,"9,149.40","13,175.50",7.644,
2018-07-04,,"1,258.80",7.852,"10,914.35",,"4,899.05","26,433.95",,"10,769.90","4,380.53",,"9,194.55","13,336.30",7.639,
2018-07-05,,"1,264.20",7.897,"10,925.75",,"4,843.80","26,503.30",,"10,749.75","4,369.22",,"9,166.60","13,132.40",7.666,
2018-07-06,,"1,261.40",7.87,"11,067.85",,"4,877.85","26,493.85",,"10,772.65","4,380.82",,"9,194.50","13,163.75",7.668,
2018-07-09,,"1,265.30",7.89,"11,135.65",,"4,968.80","26,753.30",,"10,852.90","4,417.99",,"9,277.95","13,496.35",7.7,
2018-07-10,,"1,261.10",7.9,"11,239.20",,"4,999.80","26,894.55",,"10,947.25","4,456.06",,"9,359.40","13,647.60",7.676,
2018-07-11,,"1,250.00",7.872,"11,127.40",,"4,955.85","26,816.20",,"10,948.30","4,448.61",,"9,344.25","13,653.90",7.676,
2018-07-12,,"1,252.00",7.78,"11,038.00",,"4,930.80","27,026.55",,"11,023.20","4,468.50",,"9,380.90","13,618.35",7.606,
2018-07-13,,"1,246.40",7.791,"11,003.05",,"4,864.55","26,935.95",,"11,018.90","4,456.27",,"9,349.05","13,409.45",7.637,
2018-07-16,,"1,244.80",7.8,"10,835.15",,"4,729.35","26,679.80",,"10,936.85","4,408.11",,"9,231.25","13,094.75",7.645,
2018-07-17,,"1,232.30",7.746,"10,965.65",,"4,882.70","27,008.10",,"11,008.05","4,449.20",,"9,315.25","13,298.45",7.589,
2018-07-18,,"1,232.90",7.752,"10,808.60",,"4,801.75","26,880.90",,"10,980.45","4,426.44",,"9,269.55","13,325.40",7.598,
2018-07-19,,"1,228.70",7.785,"10,799.00",,"4,761.05","26,789.65",,"10,957.10","4,413.64",,"9,236.30","13,232.65",7.602,
2018-07-20,,"1,235.50",7.785,"10,752.70",,"4,798.10","26,873.20",,"11,010.20","4,437.97",,"9,286.10","13,469.75",7.6,
2018-07-23,,"1,229.70",7.81,"10,770.60",,"4,844.55","27,008.15",,"11,084.75","4,473.47",,"9,363.85","13,503.85",7.622,
2018-07-24,,"1,230.00",7.784,"10,861.30",,"4,899.00","26,974.40",,"11,134.30","4,510.86",,"9,450.65","13,606.00",7.598,
2018-07-25,,"1,236.40",7.785,"10,809.95",,"4,891.05","27,031.30",,"11,132.00","4,510.82",,"9,449.90","13,682.70",7.658,
2018-07-26,,"1,230.50",7.759,"10,770.00",,"4,933.10","27,406.40",,"11,167.30","4,529.83",,"9,487.90","13,764.55",7.593,
2018-07-27,,"1,227.80",7.78,"10,874.80",,"4,983.10","27,634.40",,"11,278.35","4,572.50",,"9,579.05","13,882.20",7.6,
2018-07-30,,"1,231.50",7.79,"10,925.05",,"4,996.35","27,842.60",,"11,319.55","4,590.86",,"9,618.70","13,875.25",7.604,
2018-07-31,,"1,233.60",7.772,"10,973.75",,"5,010.90","27,764.15",,"11,356.50","4,607.23",,"9,650.60","14,151.80",7.581,
2018-08-01,,"1,227.60",7.701,"10,890.10",,"4,997.00","27,596.60",,"11,346.20","4,605.75",,"9,651.70","14,205.90",7.547,
2018-08-02,,"1,220.10",7.721,"10,733.65",,"4,997.80","27,355.95",,"11,244.70","4,575.86",,"9,588.80","14,204.80",7.556,
2018-08-03,,"1,223.20",7.763,"10,775.30",,"5,039.40","27,695.50",,"11,360.80","4,617.38",,"9,685.70","14,354.10",7.568,
2018-08-06,,"1,217.70",7.768,"10,822.80",,"5,050.00","27,898.50",,"11,387.10","4,629.98",,"9,709.35","14,338.10",7.567,
2018-08-07,,"1,218.30",7.786,"10,855.65",,"5,020.05","27,875.90",,"11,389.45","4,626.70",,"9,704.80","14,185.65",7.576,
2018-08-08,,"1,221.00",7.782,"10,821.20",,"5,025.90","28,062.45",,"11,450.00","4,645.99",,"9,744.75","14,400.50",7.575,
2018-08-09,,"1,219.90",7.745,"10,813.80",,"5,065.75","28,320.00",,"11,470.70","4,660.08",,"9,769.10","14,478.50",7.551,
2018-08-10,,"1,219.00",7.754,"10,839.45",,"5,037.65","28,124.25",,"11,429.50","4,638.63",,"9,724.45","14,426.10",7.544,
2018-08-13,,"1,198.90",7.823,"10,756.70",,"5,021.70","27,794.40",,"11,355.75","4,609.17",,"9,656.50","14,337.40",7.61,
2018-08-14,,"1,200.70",7.818,"10,803.15",,"5,095.00","28,021.70",,"11,435.10","4,641.53",,"9,726.15","14,524.75",7.585,
2018-08-15,,"1,185.00",,,,,,,,,,,,,
2018-08-16,,"1,184.00",7.861,"10,830.95",,"5,102.50","27,826.55",,"11,385.05","4,621.71",,"9,685.65","14,534.90",7.64,
2018-08-17,,"1,184.20",,"10,878.70",,"5,162.90","28,128.55",,"11,470.75","4,662.14",,"9,770.20","14,687.00",,
2018-08-20,,"1,194.60",7.838,"10,997.90",,"5,223.95","28,274.25",,"11,551.75","4,696.51",,"9,839.75","14,607.20",7.639,
2018-08-21,,"1,200.00",7.827,"10,979.25",,"5,229.05","28,257.90",,"11,570.90","4,705.91",,"9,862.50","14,703.40",7.638,
2018-08-22,,"1,203.30",,,,,,,,,,,,,
2018-08-23,,"1,194.00",7.879,"10,959.60",,"5,223.15","28,027.90",,"11,582.75","4,713.35",,"9,872.55","14,615.00",7.637,
2018-08-24,,"1,213.30",7.871,"10,903.00",,"5,220.10","27,834.70",,"11,557.10","4,703.29",,"9,850.80","14,491.70",7.631,
2018-08-27,,"1,216.00",7.894,"10,993.55",,"5,280.75","28,264.20",,"11,691.95","4,755.62",,"9,958.80","14,721.45",7.679,
2018-08-28,,"1,214.40",7.895,"11,044.15",,"5,272.55","28,269.65",,"11,738.50","4,767.98",,"9,985.90","14,795.90",7.693,
2018-08-29,,"1,211.50",7.918,"11,057.15",,"5,321.40","28,224.10",,"11,691.90","4,759.87",,"9,973.65","14,728.35",7.692,
2018-08-30,,"1,205.00",7.93,"11,007.60",,"5,330.45","28,103.25",,"11,676.80","4,759.42",,"9,975.20","14,751.60",7.721,
2018-08-31,,"1,206.70",7.951,"11,009.25",,"5,345.45","28,061.75",,"11,680.50","4,766.23",,"9,992.00","14,877.95",7.759,
2018-09-03,,"1,199.10",7.999,"10,935.65",,"5,311.30","27,819.50",,"11,582.35","4,731.70",,"9,921.65","14,803.15",7.705,
2018-09-04,,"1,199.10",8.062,"10,754.10",,"5,147.55","27,430.75",,"11,520.30","4,678.25",,"9,806.05","14,528.10",7.822,
2018-09-05,,"1,201.30",8.049,"10,788.40",,"5,139.70","27,376.05",,"11,476.95","4,658.95",,"9,764.55","14,480.30",7.822,
2018-09-06,,"1,204.30",8.056,"10,798.55",,"5,155.05","27,468.70",,"11,536.90","4,682.33",,"9,815.45","14,564.65",7.822,
2018-09-07,,"1,200.40",8.031,"11,036.65",,"5,233.90","27,481.45",,"11,589.10","4,712.04",,"9,875.20","14,641.45",7.875,
2018-09-10,,"1,199.80",8.158,"10,843.90",,"5,120.15","27,201.75",,"11,438.10","4,648.62",,"9,740.10","14,445.15",7.988,
2018-09-11,,"1,202.20",8.182,"10,681.40",,"5,052.10","26,807.50",,"11,287.50","4,583.23",,"9,607.10","14,230.55",7.988,
2018-09-12,,"1,210.90",8.134,"10,692.75",,"5,083.65","26,819.20",,"11,369.90","4,613.73",,"9,660.60","14,247.10",8.009,
2018-09-13,,"1,208.20",,,,,,,,,,,,,
2018-09-14,,"1,201.10",8.127,"10,826.70",,"5,183.05","27,163.85",,"11,515.20","4,674.71",,"9,792.75","14,394.75",8.004,
2018-09-16,,,8.124,,,,,,,,,,,,
2018-09-17,,"1,205.80",8.098,"10,730.80",,"5,153.80","26,820.30",,"11,377.75","4,625.45",,"9,696.45","14,310.35",7.991,
2018-09-18,,"1,202.90",8.14,"10,565.65",,"5,077.00","26,441.45",,"11,278.90","4,579.87",,"9,594.25","14,210.40",8.025,
2018-09-19,,"1,208.30",8.074,"10,527.90",,"5,043.15","26,277.35",,"11,234.35","4,556.90",,"9,545.70","14,060.65",7.959,
2018-09-20,,"1,211.30",,,,,,,,,,,,,
2018-09-21,,"1,201.30",8.076,"10,407.40",,"4,892.65","25,596.90",,"11,143.10","4,505.13",,"9,425.55","13,738.70",7.926,
2018-09-24,,"1,204.40",8.122,"10,001.00",,"4,780.40","24,970.35",,"10,967.40","4,419.55",,"9,243.15","13,421.90",7.994,
2018-09-25,,"1,205.10",8.125,"10,100.45",,"4,807.95","25,330.35",,"11,067.45","4,453.31",,"9,303.35","13,164.50",7.961,
2018-09-26,,"1,199.10",8.072,"10,002.20",,"4,837.55","25,376.30",,"11,053.80","4,451.23",,"9,302.25","13,094.05",7.893,
2018-09-27,,"1,192.90",8.027,"9,815.40",,"4,729.40","25,042.15",,"10,977.55","4,407.38",,"9,202.35","12,761.80",7.873,
2018-09-28,,"1,201.90",8.024,"9,590.25",,"4,622.85","25,119.85",,"10,930.45","4,372.32",,"9,116.00","12,415.75",7.867,
2018-10-01,,"1,197.40",7.988,"9,659.55",,"4,711.70","25,367.00",,"11,008.30","4,400.60",,"9,165.50","12,473.85",7.827,
2018-10-02,,"1,212.70",,,,,,,,,,,,,
2018-10-03,,"1,208.60",8.112,"9,375.30",,"4,650.45","25,069.90",,"10,858.25","4,345.15",,"9,056.70","12,391.65",7.93,
2018-10-04,,"1,207.40",8.158,"9,207.00",,"4,553.30","24,819.30",,"10,599.25","4,248.97",,"8,854.85","11,991.65",7.999,
2018-10-05,,"1,211.50",8.024,"8,915.10",,"4,407.50","24,443.45",,"10,316.45","4,140.07",,"8,624.95","11,761.40",7.801,
2018-10-08,,"1,194.50",7.974,"8,969.10",,"4,367.10","24,618.35",,"10,348.05","4,133.45",,"8,602.60","11,535.20",7.725,
2018-10-09,,"1,197.40",8.076,"8,732.90",,"4,368.55","24,527.65",,"10,301.05","4,112.99",,"8,562.95","11,429.95",7.836,
2018-10-10,,"1,199.30",8.031,"8,961.95",,"4,574.85","25,321.70",,"10,460.10","4,198.49",,"8,748.50","11,936.55",7.725,
2018-10-11,,"1,233.60",7.986,"8,739.50",,"4,434.55","24,783.95",,"10,234.65","4,111.18",,"8,565.60","11,836.20",7.656,
2018-10-12,,"1,227.90",7.984,"9,084.45",,"4,561.40","25,395.85",,"10,472.50","4,204.13",,"8,767.10","12,065.85",7.691,
2018-10-15,,"1,236.30",7.921,"9,034.60",,"4,592.30","25,388.05",,"10,512.50","4,223.54",,"8,812.00","12,281.05",7.677,
2018-10-16,,"1,236.90",7.872,"9,102.90",,"4,649.15","25,589.65",,"10,584.75","4,262.10",,"8,893.80","12,633.85",7.656,
2018-10-17,,"1,233.30",7.909,"8,834.70",,"4,538.65","25,188.60",,"10,453.05","4,196.70",,"8,758.60","12,464.25",7.691,
2018-10-18,,"1,236.10",,,,,,,,,,,,,
2018-10-19,,"1,234.60",7.921,"8,690.25",,"4,490.25","25,085.80",,"10,303.55","4,140.76",,"8,640.65","12,237.90",7.656,
2018-10-22,,"1,230.60",7.93,"8,700.45",,"4,446.80","25,078.60",,"10,245.25","4,113.57",,"8,576.95","11,985.95",7.649,
2018-10-23,,"1,242.90",7.894,"8,649.15",,"4,412.35","24,972.45",,"10,146.80","4,074.41",,"8,489.90","11,793.05",7.6,
2018-10-24,,"1,237.20",7.872,"8,663.90",,"4,481.85","25,064.20",,"10,224.75","4,106.68",,"8,555.65","11,809.85",7.614,
2018-10-25,,"1,238.60",7.867,"8,580.95",,"4,462.35","24,817.45",,"10,124.90","4,066.18",,"8,473.50","11,668.65",7.614,
2018-10-26,,"1,241.90",7.877,"8,578.05",,"4,444.40","24,421.05",,"10,030.00","4,036.92",,"8,417.25","11,702.80",7.585,
2018-10-29,,"1,233.70",7.81,"8,723.90",,"4,614.45","24,959.70",,"10,250.85","4,128.98",,"8,610.10","12,030.05",7.549,
2018-10-30,,"1,231.30",7.834,"8,744.60",,"4,653.40","24,807.75",,"10,198.40","4,122.59",,"8,600.30","12,068.80",7.628,
2018-10-31,,"1,220.80",7.853,"8,820.55",,"4,730.90","25,153.25",,"10,386.60","4,194.65",,"8,753.45","12,332.70",7.592,
2018-11-01,,"1,244.50",7.823,"8,814.20",,"4,758.50","25,323.65",,"10,380.45","4,201.51",,"8,772.50","12,400.95",7.599,
2018-11-02,,"1,239.30",7.781,"9,180.20",,"4,781.50","25,701.65",,"10,553.00","4,261.68",,"8,899.40","12,284.55",7.44,
2018-11-05,,"1,238.40",7.808,"9,153.65",,"4,766.25","25,732.20",,"10,524.00","4,252.67",,"8,877.90","12,190.95",7.544,
2018-11-06,,"1,232.40",7.796,"9,130.45",,"4,745.45","25,598.00",,"10,530.00","4,246.74",,"8,870.30","12,137.15",7.452,
2018-11-07,,"1,234.80",,"9,200.75",,"4,775.55","25,769.70",,"10,598.85","4,278.04",,"8,929.85","12,245.65",,
2018-11-08,,"1,231.20",,,,,,,,,,,,,
2018-11-09,,"1,214.60",7.765,"9,277.75",,"4,830.60","25,771.00",,"10,585.20","4,281.49",,"8,946.35","12,303.80",7.432,
2018-11-12,,"1,209.40",7.804,"9,051.50",,"4,782.75","25,539.75",,"10,482.20","4,238.20",,"8,859.25","12,290.95",7.454,
2018-11-13,,"1,207.30",7.762,"9,126.90",,"4,808.10","25,768.60",,"10,582.50","4,271.20",,"8,923.55","12,357.70",7.481,
2018-11-14,,"1,216.00",7.733,"9,051.40",,"4,801.65","25,930.15",,"10,576.30","4,271.17",,"8,921.45","12,328.05",7.357,
2018-11-15,,"1,221.10",7.756,"9,108.25",,"4,833.65","26,154.75",,"10,616.70","4,286.69",,"8,954.65","12,362.75",7.402,
2018-11-16,,"1,229.00",7.815,"9,112.35",,"4,806.95","26,245.55",,"10,682.20","4,305.87",,"8,993.25","12,374.40",7.424,
2018-11-19,,"1,231.10",7.791,"9,207.65",,"4,840.70","26,300.70",,"10,763.40","4,335.71",,"9,052.75","12,466.90",7.396,
2018-11-20,,"1,227.00",7.792,"9,133.65",,"4,786.70","26,113.35",,"10,656.20","4,294.70",,"8,960.15","12,362.90",7.422,
2018-11-21,,"1,233.80",,"9,119.30",,"4,835.60","26,262.05",,"10,600.05","4,283.08",,"8,940.30","12,267.20",,
2018-11-22,,"1,223.20",7.71,"9,062.65",,"4,780.10","25,999.45",,"10,526.75","4,253.88",,"8,879.00","12,184.30",7.351,
2018-11-23,,"1,229.10",,,,,,,,,,,,,
2018-11-26,,"1,228.70",7.726,"9,158.80",,"4,792.10","26,365.60",,"10,628.60","4,286.78",,"8,943.00","12,270.10",7.387,
2018-11-27,,"1,219.90",7.734,"9,165.00",,"4,813.75","26,443.10",,"10,685.60","4,304.64",,"8,983.90","12,361.85",7.368,
2018-11-28,,"1,229.80",7.644,"9,096.45",,"4,740.90","26,457.95",,"10,728.85","4,310.95",,"8,993.25","12,298.10",7.34,
2018-11-29,,"1,236.30",7.608,"9,202.10",,"4,761.25","26,939.60",,"10,858.70","4,357.93",,"9,081.85","12,286.65",7.288,
2018-11-30,,"1,231.80",7.607,"9,270.20",,"4,780.00","26,862.95",,"10,876.75","4,367.18",,"9,109.15","12,445.75",7.3,
2018-12-03,,"1,245.50",7.626,"9,260.60",,"4,815.90","26,857.55",,"10,883.75","4,378.49",,"9,126.90","12,466.55",7.305,
2018-12-04,,"1,252.50",7.574,"9,212.20",,"4,795.50","26,693.80",,"10,869.50","4,373.03",,"9,116.45","12,440.40",7.286,
2018-12-05,,"1,248.60",7.44,"8,992.90",,"4,706.55","26,519.60",,"10,782.90","4,332.35",,"9,029.45","12,300.85",7.218,
2018-12-06,,"1,249.60",7.423,"8,791.40",,"4,620.95","26,198.30",,"10,601.15","4,260.06",,"8,883.25","12,071.25",7.151,
2018-12-07,,"1,258.70",7.464,"8,869.80",,"4,630.85","26,594.30",,"10,693.70","4,289.12",,"8,940.65","12,097.35",7.246,
2018-12-10,,"1,255.60",7.587,"8,784.25",,"4,552.65","26,102.65",,"10,488.45","4,207.94",,"8,769.60","11,835.45",7.259,
2018-12-11,,"1,253.40",7.528,"8,846.80",,"4,634.45","26,163.40",,"10,549.15","4,245.70",,"8,845.15","12,028.15",7.258,
2018-12-12,,"1,256.20",7.411,"9,166.15",,"4,753.50","26,643.85",,"10,737.60","4,326.36",,"9,021.60","12,335.95",7.185,
2018-12-13,,"1,253.60",7.408,"9,254.20",,"4,772.65","26,816.35",,"10,791.55","4,351.28",,"9,077.30","12,446.50",7.148,
2018-12-14,,"1,247.50",7.441,"9,271.50",,"4,792.00","26,826.00",,"10,805.45","4,358.18",,"9,091.30","12,449.65",7.186,
2018-12-17,,"1,258.00",7.461,"9,335.80",,"4,824.65","27,015.80",,"10,888.35","4,391.20",,"9,153.95","12,446.95",7.154,
2018-12-18,,"1,259.80",7.345,"9,403.80",,"4,846.95","27,174.70",,"10,908.70","4,401.32",,"9,177.35","12,474.70",7.099,
2018-12-19,,"1,262.60",7.219,"9,507.70",,"4,929.30","27,298.40",,"10,967.30","4,432.61",,"9,246.80","12,508.30",7.053,
2018-12-20,,"1,274.20",7.272,"9,524.55",,"4,945.10","27,275.10",,"10,951.70","4,426.22",,"9,234.45","12,440.35",7.07,
2018-12-21,,"1,264.20",7.276,"9,337.25",,"4,844.70","26,869.65",,"10,754.00","4,351.18",,"9,082.55","12,225.55",7.017,
2018-12-24,,"1,278.00",7.287,"9,206.75",,"4,815.90","26,714.75",,"10,663.50","4,315.04",,"9,002.45","11,992.80",7.065,
2018-12-26,,"1,279.20",7.263,"9,227.00",,"4,825.95","26,986.80",,"10,729.85","4,333.09",,"9,041.70","11,951.50",7.032,
2018-12-27,,"1,287.40",7.277,"9,184.10",,"4,853.90","26,878.55",,"10,779.80","4,350.34",,"9,078.80","12,051.80",7.035,
2018-12-28,,"1,289.30",7.391,"9,223.80",,"4,911.90","27,125.25",,"10,859.90","4,388.15",,"9,152.55","12,141.25",7.047,
2018-12-31,,"1,287.70",7.37,"9,235.55",,"4,930.95","27,160.20",,"10,862.55","4,393.90",,"9,170.00","12,191.25",7.014,
2019-01-01,,,7.418,"9,182.45",,"4,927.35","27,392.40",,"10,910.10","4,407.90",,"9,197.90","12,184.85",7.036,
2019-01-02,,"1,290.50",7.354,"8,902.65",,"4,860.05","27,174.70",,"10,792.50","4,360.30",,"9,103.40","12,108.15",6.989,
2019-01-03,,"1,301.20",7.427,"8,767.35",,"4,806.00","26,959.85",,"10,672.25","4,316.48",,"9,014.80","11,993.65",7.034,
2019-01-04,,"1,292.20",7.448,"8,809.35",,"4,847.70","27,195.00",,"10,727.35","4,336.72",,"9,054.90","11,945.25",7.044,
2019-01-07,,"1,296.40",7.508,"8,820.00",,"4,849.15","27,304.55",,"10,771.80","4,347.93",,"9,081.15","11,982.10",7.061,
2019-01-08,,"1,292.40",7.454,"8,859.65",,"4,862.50","27,509.50",,"10,802.15","4,359.24",,"9,098.65","11,948.90",7.005,
2019-01-09,,"1,298.50",7.47,"8,907.10",,"4,863.10","27,720.40",,"10,855.15","4,374.54",,"9,127.45","11,995.55",7.027,
2019-01-10,,"1,294.00",7.476,"8,933.35",,"4,880.65","27,528.55",,"10,821.60","4,370.09",,"9,119.40","12,015.30",7.003,
2019-01-11,,"1,296.10",7.503,"8,862.35",,"4,875.70","27,453.90",,"10,794.95","4,358.99",,"9,098.20","12,020.10",7.0,
2019-01-14,,"1,298.00",7.431,"8,849.70",,"4,859.10","27,248.25",,"10,737.60","4,336.49",,"9,051.45","11,983.35",6.967,
2019-01-15,,"1,294.90",7.473,"8,888.40",,"4,895.10","27,400.75",,"10,886.80","4,386.84","6,290.50","9,157.15","12,074.35",6.993,
2019-01-16,,"1,300.30",7.563,"8,866.75",,"4,890.15","27,483.70",,"10,890.30","4,387.88","6,280.00","9,158.75","12,118.80",7.024,
2019-01-17,,"1,298.70",7.549,"8,878.20",,"4,875.60","27,528.75",,"10,905.20","4,390.36","6,264.45","9,161.60","12,103.35",7.019,
2019-01-18,,"1,288.90",7.596,"8,844.80",,"4,853.30","27,456.70",,"10,906.95","4,381.55","6,233.05","9,140.10","12,048.15",7.03,
2019-01-21,,"1,283.40",7.569,"8,746.85",,"4,828.30","27,533.60",,"10,961.85","4,389.56","6,190.15","9,155.30","12,024.90",7.028,
2019-01-22,,"1,289.50",7.533,"8,675.15",,"4,815.95","27,482.25",,"10,922.75","4,379.78","6,182.35","9,131.15","12,056.65",7.018,
2019-01-23,,"1,290.20",7.577,"8,612.25",,"4,795.85","27,250.75",,"10,831.50","4,350.95","6,168.00","9,068.85","12,056.25",7.026,
2019-01-24,,"1,285.90",7.557,"8,537.25",,"4,791.10","27,266.40",,"10,849.80","4,353.66","6,150.05","9,072.20","11,984.70",7.025,
2019-01-25,,"1,304.20",7.546,"8,259.80",,"4,712.60","27,115.30",,"10,780.55","4,318.71","6,068.60","8,994.35","11,822.80",6.999,
2019-01-28,,"1,309.30",7.541,"8,143.00",,"4,614.10","26,653.05",,"10,661.55","4,263.87","5,966.50","8,876.60","11,542.15",6.988,
2019-01-29,,"1,315.20",7.525,"8,120.45",,"4,645.70","26,573.40",,"10,652.20","4,263.59","5,979.25","8,875.65","11,527.75",6.964,
2019-01-30,,"1,321.90",7.551,"8,118.40",,"4,661.40","26,825.50",,"10,651.80","4,264.13","6,013.15","8,884.90","11,611.60",6.964,
2019-01-31,,"1,331.60",7.483,"8,218.40",,"4,689.10","27,295.45",,"10,830.95","4,327.76","6,044.65","9,003.85","11,781.55",6.935,
2019-02-01,,"1,328.60",7.61,"8,441.25",,"4,719.85","27,085.95",,"10,893.65","4,352.60","6,076.05","9,056.30","11,969.35",6.988,
2019-02-04,,"1,325.80",7.672,"8,395.55",,"4,680.70","27,186.60",,"10,912.25","4,349.24","6,035.80","9,042.00","11,916.00",7.029,
2019-02-05,,"1,325.80",7.615,"8,468.30",,"4,632.00","27,271.70",,"10,934.35","4,347.60","5,990.95","9,033.60","11,911.65",6.999,
2019-02-06,,"1,320.90",7.565,"8,567.40",,"4,622.60","27,402.35",,"11,062.45","4,388.44","5,996.55","9,118.70","12,047.85",6.965,
2019-02-07,,"1,320.70",7.501,"8,736.70",,"4,658.25","27,387.15",,"11,069.40","4,401.99","6,037.15","9,145.80","12,073.85",6.818,
2019-02-08,,"1,325.00",7.524,"8,420.35",,"4,568.75","27,294.40",,"10,943.60","4,348.29","5,967.40","9,036.90","11,955.65",6.781,
2019-02-11,,"1,318.40",7.529,"8,320.30",,"4,492.10","27,227.80",,"10,888.80","4,317.31","5,875.35","8,967.15","11,739.70",6.794,
2019-02-12,,"1,320.40",7.534,"8,278.10",,"4,503.85","27,010.75",,"10,831.40","4,296.95","5,865.70","8,925.30","11,706.15",6.783,
2019-02-13,,"1,321.60",7.466,"8,177.55",,"4,476.65","26,885.40",,"10,793.65","4,278.69","5,849.30","8,887.90","11,663.90",6.683,
2019-02-14,,"1,320.40",7.521,"8,223.35",,"4,507.00","26,970.60",,"10,746.05","4,270.58","5,872.70","8,869.30","11,692.60",6.686,
2019-02-15,,"1,328.50",7.577,"8,132.55",,"4,445.25","26,794.25",,"10,724.40","4,249.95","5,824.55","8,827.05","11,558.45",6.725,
2019-02-18,,"1,344.80",7.58,"8,067.70",,"4,405.35","26,654.25",,"10,640.95","4,214.12","5,762.95","8,754.35","11,426.15",6.736,
2019-02-19,,"1,351.30",,"8,073.40",,"4,429.25","26,684.85",,"10,604.35","4,207.51","5,790.50","8,742.30","11,379.60",,
2019-02-20,,"1,354.40",7.545,"8,121.50",,"4,468.05","26,955.50",,"10,735.45","4,256.78","5,841.25","8,845.60","11,499.40",6.72,
2019-02-21,,"1,334.30",7.544,"8,156.75",,"4,512.65","27,052.40",,"10,789.85","4,281.60","5,895.20","8,901.70","11,568.75",6.719,
2019-02-22,,"1,339.40",7.605,"8,278.95",,"4,540.95","26,867.55",,"10,791.65","4,289.26","5,922.60","8,919.75","11,586.70",6.705,
2019-02-25,,"1,336.10",7.584,"8,371.45",,"4,564.70","27,159.25",,"10,880.10","4,322.63","5,944.75","8,983.85","11,658.05",6.714,
2019-02-26,,"1,335.20",7.587,"8,399.10",,"4,565.25","26,952.95",,"10,835.30","4,305.13","5,939.30","8,953.15","11,624.90",6.751,
2019-02-27,,"1,327.90",7.672,"8,420.05",,"4,583.05","26,799.30",,"10,806.65","4,300.26","5,962.80","8,946.20","11,611.30",6.73,
2019-02-28,,"1,322.70",7.591,"8,355.15",,"4,608.90","26,789.90",,"10,792.50","4,305.25","5,993.00","8,955.95","11,655.20",6.731,
2019-03-01,,"1,305.80",7.556,"8,413.65",,"4,697.25","27,043.90",,"10,863.50","4,337.41","6,068.85","9,037.50","11,754.60",6.677,
2019-03-04,,"1,294.00",,,,,,,,,,,,,
2019-03-05,,"1,291.20",7.556,"8,676.60",,"4,812.15","27,554.05",,"10,987.45","4,395.83","6,193.20","9,173.60","11,856.50",6.648,
2019-03-06,,"1,294.20",7.572,"8,651.75",,"4,847.25","27,625.65",,"11,053.00","4,420.10","6,219.90","9,230.45","11,880.20",6.699,
2019-03-07,,"1,292.80",7.58,"8,635.70",,"4,820.45","27,764.60",,"11,058.20","4,418.45","6,204.00","9,225.35","11,835.35",6.687,
2019-03-08,,"1,306.00",7.532,"8,582.60",,"4,795.50","27,761.80",,"11,035.40","4,412.22","6,197.55","9,211.05","11,820.10",6.663,
2019-03-11,,"1,297.60",7.512,"8,782.70",,"4,912.10","27,966.65",,"11,168.05","4,472.86","6,317.80","9,345.60","11,961.15",6.622,
2019-03-12,,"1,304.50",7.513,"8,802.90",,"4,917.95","28,443.70",,"11,301.20","4,518.92","6,354.00","9,440.85","12,031.80",6.621,
2019-03-13,,"1,315.80",7.548,"8,767.55",,"4,884.60","28,884.30",,"11,341.70","4,527.77","6,324.30","9,450.25","11,975.40",6.69,
2019-03-14,,"1,301.40",7.553,"8,725.50",,"4,890.10","28,923.10",,"11,343.25","4,526.42","6,324.60","9,447.20","11,943.40",6.614,
2019-03-15,,"1,308.90",7.502,"8,748.05",,"4,932.80","29,381.45",,"11,426.85","4,552.30","6,364.85","9,499.40","11,968.55",6.554,
2019-03-18,,"1,307.70",7.48,"8,627.05",,"4,923.00","29,596.10",,"11,462.20","4,560.70","6,343.75","9,516.70","11,950.20",6.582,
2019-03-19,,"1,312.70",7.536,"8,567.05",,"4,962.95","29,767.85",,"11,532.40","4,588.46","6,378.45","9,570.15","12,002.00",6.611,
2019-03-20,,"1,307.80",7.517,"8,445.10",,"4,934.25","29,832.20",,"11,521.05","4,581.61","6,353.50","9,553.00","12,012.95",6.598,
2019-03-21,,"1,313.60",,,,,,,,,,,,,
2019-03-22,,"1,318.70",7.504,"8,336.60",,"4,897.45","29,582.50",,"11,456.90","4,555.81","6,327.05","9,500.05","11,954.60",6.596,
2019-03-25,,"1,329.00",7.471,"8,238.55",,"4,884.70","29,281.20",,"11,354.25","4,515.72","6,276.50","9,411.65","11,834.10",6.566,
2019-03-26,,"1,321.40",7.342,"8,287.25",,"4,956.45","29,882.15",,"11,483.25","4,562.25","6,336.90","9,512.60","11,932.85",6.554,
2019-03-27,,"1,316.90",7.327,"8,215.35",,"4,974.10","30,019.80",,"11,445.05","4,556.33","6,371.85","9,501.80","11,917.20",6.576,
2019-03-28,,"1,301.40",7.323,"8,234.25",,"5,024.85","30,420.55",,"11,570.00","4,604.50","6,442.95","9,601.95","12,105.65",6.552,
2019-03-29,,"1,304.50",7.346,"8,335.35",,"5,077.85","30,426.80",,"11,623.90","4,631.07","6,503.95","9,663.70","12,187.90",6.515,
2019-04-01,,"1,300.30",,"8,414.35",,"5,096.90","30,326.50",,"11,669.15","4,650.50","6,522.55","9,702.00","12,210.65",,
2019-04-02,,"1,301.40",7.272,"8,504.30",,"5,102.85","30,354.25",,"11,713.20","4,659.62","6,525.20","9,720.80","12,220.65",6.484,
2019-04-03,,"1,301.30",7.271,"8,480.65",,"5,036.15","30,093.30",,"11,643.95","4,634.61","6,462.75","9,658.40","12,169.15",6.483,
2019-04-04,,"1,300.30",7.348,"8,536.35",,"5,026.50","29,904.90",,"11,598.00","4,619.39","6,453.60","9,626.65","12,135.55",6.572,
2019-04-05,,"1,301.70",7.353,"8,564.60",,"5,079.25","30,084.65",,"11,665.95","4,644.71","6,497.90","9,684.95","12,213.05",6.57,
2019-04-08,,"1,307.90",7.4,"8,526.30",,"5,037.65","29,845.30",,"11,604.50","4,620.45","6,451.90","9,634.40","12,131.95",6.611,
2019-04-09,,"1,314.30",7.374,"8,622.80",,"5,066.65","30,113.85",,"11,671.95","4,643.24","6,457.55","9,677.75","12,173.50",6.659,
2019-04-10,,"1,319.90",7.367,"8,644.50",,"5,039.35","29,803.50",,"11,584.30","4,613.31","6,445.95","9,622.95","12,159.65",6.646,
2019-04-11,,"1,299.30",7.371,"8,690.05",,"5,030.70","29,786.10",,"11,596.70","4,618.35","6,448.65","9,634.55","12,172.20",6.664,
2019-04-12,,"1,301.20",7.409,"8,777.45",,"5,062.20","29,938.55",,"11,643.45","4,636.91","6,472.75","9,674.60","12,228.70",6.699,
2019-04-15,,"1,297.40",7.392,"8,911.60",,"5,083.65","30,104.25",,"11,690.35","4,655.58","6,505.20","9,716.50","12,268.00",6.698,
2019-04-16,,"1,283.20",7.39,"8,983.55",,"5,087.95","30,531.35",,"11,787.15","4,690.65","6,513.10","9,781.40","12,306.00",6.709,
2019-04-17,,"1,282.80",,,,,,,,,,,,,
2019-04-18,,"1,282.00",7.42,"8,972.65",,"5,034.00","30,223.40",,"11,752.80","4,668.65","6,458.25","9,738.70","12,276.10",6.726,
2019-04-22,,"1,283.70",7.474,"8,813.90",,"4,927.55","29,687.95",,"11,594.45","4,604.10","6,360.35","9,599.80","12,143.90",6.756,
2019-04-23,,"1,279.20",7.473,"8,682.90",,"4,929.25","29,479.70",,"11,575.95","4,598.49","6,367.20","9,587.30","12,154.45",6.762,
2019-04-24,,"1,285.40",7.424,"8,646.05",,"4,942.25","29,860.80",,"11,726.15","4,648.81","6,384.30","9,687.55","12,296.10",6.731,
2019-04-25,,"1,285.70",7.451,"8,587.90",,"4,914.80","29,561.35",,"11,641.80","4,619.68","6,360.15","9,628.80","12,234.25",6.762,
2019-04-26,,"1,294.80",7.408,"8,493.80",,"4,917.25","30,013.50",,"11,754.65","4,645.96","6,342.75","9,689.70","12,243.75",6.766,
2019-04-29,,"1,287.50",,,,,,,,,,,,,
2019-04-30,,"1,291.70",7.414,"8,350.60",,"4,862.45","29,764.80",,"11,748.15","4,635.58","6,292.40","9,664.30","12,250.90",6.722,
2019-05-01,,"1,290.20",,,,,,,,,,,,,
2019-05-02,,"1,277.80",7.386,"8,333.85",,"4,823.65","29,708.60",,"11,724.75","4,622.60","6,256.85","9,637.50","12,172.50",6.709,
2019-05-03,,"1,287.20",7.397,"8,381.45",,"4,841.95","29,954.15",,"11,712.25","4,616.78","6,254.50","9,624.55","12,064.90",6.755,
2019-05-06,,"1,289.80",7.394,"8,268.45",,"4,808.45","29,618.45",,"11,598.25","4,572.44","6,209.45","9,532.45","11,919.45",6.714,
2019-05-07,,"1,291.60",7.382,"8,206.25",,"4,741.95","29,288.20",,"11,497.90","4,533.28","6,148.85","9,450.80","11,816.50",6.713,
2019-05-08,,"1,287.40",7.375,"8,095.90",,"4,695.95","28,994.40",,"11,359.45","4,479.67","6,093.70","9,340.25","11,679.30",6.713,
2019-05-09,,"1,291.20",7.397,"8,103.50",,"4,695.55","28,884.60",,"11,301.80","4,459.75","6,080.40","9,299.75","11,665.85",6.713,
2019-05-10,,"1,293.30",7.413,"8,093.20",,"4,708.40","29,040.50",,"11,278.90","4,453.49","6,102.55","9,290.20","11,688.55",6.718,
2019-05-13,,"1,307.70",7.388,"7,938.65",,"4,588.95","28,659.95",,"11,148.20","4,394.59","5,984.80","9,159.95","11,566.85",6.629,
2019-05-14,,"1,302.10",7.378,"7,955.50",,"4,622.05","28,829.20",,"11,222.05","4,419.71","6,007.95","9,212.35","11,560.90",6.622,
2019-05-15,,"1,303.70",7.379,"7,856.85",,"4,585.00","28,616.45",,"11,157.00","4,394.92","5,975.85","9,160.10","11,553.20",6.609,
2019-05-16,,"1,292.00",7.377,"7,891.90",,"4,602.85","28,855.30",,"11,257.10","4,426.40","5,991.50","9,221.65","11,663.90",6.602,
2019-05-17,,"1,281.40",7.362,"8,085.75",,"4,674.00","29,450.15",,"11,407.15","4,480.46","6,049.55","9,329.70","11,794.15",6.594,
2019-05-20,,"1,282.90",7.286,"8,422.10",,"4,882.20","30,759.70",,"11,828.25","4,642.90","6,270.40","9,671.90","12,129.40",6.542,
2019-05-21,,"1,278.80",7.303,"8,209.45",,"4,804.80","30,308.40",,"11,709.10","4,597.11","6,210.15","9,578.85","12,147.90",6.535,
2019-05-22,,"1,279.50",7.26,"8,246.55",,"4,793.35","30,526.80",,"11,737.90","4,607.47","6,212.40","9,598.20","12,151.15",6.528,
2019-05-23,,"1,291.00",7.239,"8,216.90",,"4,788.55","30,409.10",,"11,657.05","4,585.44","6,205.40","9,552.75","12,069.10",6.508,
2019-05-24,,"1,289.20",7.226,"8,460.25",,"4,909.60","31,212.55",,"11,844.10","4,664.39","6,323.25","9,722.05","12,159.50",6.499,
2019-05-27,,"1,277.10",7.167,"8,462.20",,"5,001.20","31,647.65",,"11,924.75","4,701.38","6,425.60","9,804.90","12,153.95",6.492,
2019-05-28,,"1,282.50",7.149,"8,398.20",,"4,992.05","31,597.90",,"11,928.75","4,709.33","6,439.65","9,815.50","12,174.40",6.465,
2019-05-29,,"1,286.30",7.125,"8,281.90",,"4,936.50","31,295.55",,"11,861.10","4,677.89","6,400.15","9,757.15","12,157.75",6.491,
2019-05-30,,"1,298.30",7.133,"8,235.70",,"4,966.25","31,537.10",,"11,945.90","4,708.58","6,438.25","9,815.30","12,295.55",6.452,
2019-05-31,,"1,316.90",7.032,"8,175.50",,"4,962.80","31,375.40",,"11,922.80","4,702.48","6,442.20","9,805.05","12,315.50",6.397,
2019-06-03,,"1,333.70",6.982,"8,328.20",,"5,004.85","31,653.65",,"12,088.55","4,762.88","6,495.05","9,922.60","12,504.35",6.357,
2019-06-04,,"1,334.50",7.022,"8,300.20",,"5,011.60","31,589.05",,"12,021.65","4,740.87","6,488.80","9,876.20","12,437.70",6.343,
2019-06-05,,"1,339.30",,,,,,,,,,,,,
2019-06-06,,"1,348.40",6.931,"8,226.45",,"4,917.50","30,857.40",,"11,843.75","4,668.30","6,393.00","9,722.50","12,337.80",6.276,
2019-06-07,,"1,351.80",6.974,"8,192.00",,"4,920.70","31,066.55",,"11,870.65","4,674.09","6,383.95","9,735.85","12,359.40",6.273,
2019-06-10,,"1,335.00",7.077,"8,216.65",,"4,922.65","31,034.00",,"11,922.70","4,691.00","6,391.60","9,765.85","12,469.85",6.292,
2019-06-11,,"1,337.00",7.037,"8,240.25",,"4,959.25","31,265.45",,"11,965.60","4,711.85","6,429.30","9,805.10","12,494.15",6.297,
2019-06-12,,"1,342.50",7.012,"8,146.95",,"4,918.30","30,965.70",,"11,906.20","4,684.69","6,376.55","9,749.95","12,445.95",6.296,
2019-06-13,,"1,349.50",7.009,"8,116.95",,"4,897.45","30,976.10",,"11,914.05","4,682.86","6,358.80","9,747.05","12,435.65",6.282,
2019-06-14,,"1,350.40",6.919,"8,031.60",,"4,853.85","30,614.35",,"11,823.30","4,645.41","6,306.35","9,669.95","12,330.85",6.219,
2019-06-17,,"1,348.80",6.931,"7,896.10",,"4,791.95","30,273.25",,"11,672.15","4,585.77","6,231.10","9,543.60","12,217.85",6.238,
2019-06-18,,"1,356.60",6.808,"7,859.35",,"4,797.55","30,351.00",,"11,691.50","4,594.09","6,223.50","9,551.35","12,189.50",6.21,
2019-06-19,,"1,354.70",6.841,"7,772.20",,"4,753.95","30,362.10",,"11,691.45","4,585.70","6,166.85","9,526.20","12,119.40",6.249,
2019-06-20,,"1,402.90",6.791,"7,965.45",,"4,838.95","30,781.10",,"11,831.75","4,643.05","6,250.55","9,646.00","12,222.80",6.188,
2019-06-21,,"1,405.90",6.861,"7,868.25",,"4,813.25","30,628.35",,"11,724.10","4,609.20","6,252.65","9,581.60","12,199.85",6.218,
2019-06-24,,"1,424.10",6.851,"7,832.30",,"4,802.95","30,602.05",,"11,699.65","4,601.08","6,236.25","9,564.10","12,232.75",6.216,
2019-06-25,,"1,424.60",6.882,"7,878.25",,"4,839.15","30,847.05",,"11,796.45","4,635.03","6,275.95","9,632.85","12,307.20",6.242,
2019-06-26,,"1,421.20",6.933,"7,883.55",,"4,886.20","31,162.35",,"11,847.55","4,658.34","6,323.85","9,682.80","12,327.10",6.288,
2019-06-27,,"1,417.90",6.897,"7,971.45",,"4,905.25","31,269.50",,"11,841.55","4,663.32","6,355.30","9,692.35","12,366.25",6.287,
2019-06-28,,"1,419.60",6.879,"7,928.05",,"4,872.00","31,105.20",,"11,788.85","4,644.86","6,346.55","9,657.95","12,373.90",6.298,
2019-07-01,,"1,395.30",6.882,"8,029.15",,"4,891.95","31,372.20",,"11,865.60","4,672.00","6,360.05","9,713.00","12,578.05",6.283,
2019-07-02,,"1,414.20",6.846,"8,045.65",,"4,913.80","31,283.30",,"11,910.30","4,688.59","6,378.90","9,744.85","12,717.25",6.255,
2019-07-03,,"1,427.10",6.833,"8,039.50",,"4,939.15","31,382.30",,"11,916.75","4,694.29","6,388.45","9,757.30","12,725.90",6.247,
2019-07-04,,"1,400.10",6.751,"8,077.20",,"4,928.95","31,471.85",,"11,946.75","4,702.86","6,379.35","9,776.80","12,747.60",6.232,
2019-07-05,,"1,406.30",6.695,"7,849.10",,"4,837.95","31,475.80",,"11,811.15","4,646.21","6,283.45","9,657.65","12,552.10",6.167,
2019-07-08,,"1,406.20",6.562,"7,593.30",,"4,704.85","30,603.85",,"11,558.60","4,545.82","6,130.45","9,447.80","12,265.00",6.131,
2019-07-09,,"1,406.80",6.588,"7,593.30",,"4,733.25","30,569.15",,"11,555.90","4,548.84","6,148.70","9,455.65","12,393.40",6.157,
2019-07-10,,"1,418.80",6.543,"7,511.15",,"4,675.10","30,522.10",,"11,498.90","4,522.34","6,095.25","9,400.10","12,213.05",6.204,
2019-07-11,,"1,413.00",6.493,"7,650.95",,"4,708.05","30,716.55",,"11,582.90","4,554.86","6,138.30","9,466.40","12,252.40",6.189,
2019-07-12,,"1,418.50",6.488,"7,653.65",,"4,738.60","30,601.45",,"11,552.50","4,549.47","6,161.80","9,457.75","12,267.60",6.179,
2019-07-15,,"1,419.90",6.433,"7,674.25",,"4,693.25","30,445.95",,"11,588.35","4,558.27","6,118.30","9,469.15","12,246.10",6.157,
2019-07-16,,"1,417.60",6.331,"7,727.10",,"4,739.35","30,570.80",,"11,662.60","4,590.59","6,158.15","9,529.85","12,388.40",6.114,
2019-07-17,,"1,429.70",6.345,"7,648.15",,"4,731.65","30,735.50",,"11,687.50","4,596.95","6,142.80","9,543.35","12,373.70",6.098,
2019-07-18,,"1,434.50",6.387,"7,438.70",,"4,620.15","30,430.60",,"11,596.90","4,554.21","6,054.80","9,456.15","12,263.65",6.069,
2019-07-19,,"1,433.20",6.361,"7,192.75",,"4,504.10","29,770.35",,"11,419.25","4,483.55","5,942.95","9,304.65","12,037.10",6.057,
2019-07-22,,"1,433.40",6.418,"7,220.25",,"4,491.35","29,284.95",,"11,346.20","4,456.69","5,904.90","9,247.75","11,974.65",6.069,
2019-07-23,,"1,428.20",6.464,"7,176.65",,"4,454.05","29,128.10",,"11,331.05","4,447.46","5,883.90","9,233.55","11,992.25",6.075,
2019-07-24,,"1,430.20",6.438,"7,036.70",,"4,370.15","28,952.25",,"11,271.30","4,413.87","5,803.50","9,160.45","11,879.10",6.094,
2019-07-25,,"1,421.20",6.514,"7,010.55",,"4,385.40","29,043.05",,"11,252.15","4,415.27","5,830.50","9,159.15","11,918.30",6.085,
2019-07-26,,"1,425.90",6.525,"7,161.50",,"4,421.10","29,325.30",,"11,284.30","4,431.23","5,857.90","9,192.60","12,026.30",6.101,
2019-07-29,,"1,427.20",6.412,"6,905.70",,"4,372.00","29,295.90",,"11,189.20","4,392.26","5,807.80","9,108.90","11,989.65",6.042,
2019-07-30,,"1,441.80",6.387,"6,763.75",,"4,273.15","28,791.60",,"11,085.40","4,346.18","5,713.15","9,004.05","11,825.60",6.042,
2019-07-31,,"1,437.80",6.369,"6,851.65",,"4,355.25","28,876.00",,"11,118.00","4,365.56","5,772.90","9,044.95","11,855.55",6.019,
2019-08-01,,"1,432.40",6.423,"6,856.10",,"4,301.90","28,367.25",,"10,980.00","4,313.97","5,720.85","8,935.75","11,730.65",6.05,
2019-08-02,,"1,457.50",6.352,"6,933.75",,"4,294.30","28,204.95",,"10,997.35","4,319.40","5,713.20","8,943.95","11,757.85",6.011,
2019-08-05,,"1,476.50",6.39,"6,844.60",,"4,227.05","27,648.05",,"10,862.60","4,269.01","5,634.05","8,831.95","11,573.45",5.996,
2019-08-06,,"1,484.20",6.338,"6,942.45",,"4,317.40","28,022.10",,"10,948.25","4,308.21","5,733.30","8,918.60","11,806.60",5.994,
2019-08-07,,"1,519.60",6.369,"6,792.60",,"4,257.65","27,702.05",,"10,855.50","4,276.51","5,707.35","8,854.65","11,730.60",5.928,
2019-08-08,,"1,509.50",6.402,"6,998.45",,"4,294.15","28,110.45",,"11,032.45","4,339.65","5,742.95","8,979.65","11,882.25",5.894,
2019-08-09,,"1,508.50",6.494,"7,137.40",,"4,335.90","28,431.90",,"11,109.65","4,370.98","5,798.20","9,046.55","11,954.65",5.908,
2019-08-12,,"1,517.20",,,,,,,,,,,,,
2019-08-13,,"1,514.10",6.518,"6,855.75",,"4,210.05","27,729.10",,"10,925.85","4,293.77","5,692.85","8,890.10","11,683.65",5.935,
2019-08-14,,"1,527.80",6.62,"6,919.05",,"4,271.75","28,019.20",,"11,029.40","4,334.66","5,740.60","8,971.10","11,787.25",5.98,
2019-08-15,,"1,531.20",,,,,,,,,,,,,
2019-08-16,,"1,523.60",6.535,"6,998.45",,"4,309.05","28,217.00",,"11,047.80","4,341.67","5,757.20","8,988.80","11,843.60",5.895,
2019-08-19,,"1,511.60",6.581,"6,959.15",,"4,318.30","28,186.10",,"11,053.90","4,345.70","5,774.50","8,997.95","11,882.35",5.905,
2019-08-20,,"1,515.70",6.578,"7,040.50",,"4,276.50","27,982.45",,"11,017.00","4,328.46","5,732.80","8,957.40","11,804.80",5.857,
2019-08-21,,"1,515.70",6.56,"7,001.85",,"4,201.75","27,719.05",,"10,918.70","4,287.20","5,655.10","8,864.50","11,632.25",5.879,
2019-08-22,,"1,508.50",6.554,"6,882.10",,"4,120.35","27,034.20",,"10,741.35","4,218.65","5,558.95","8,719.25","11,449.65",5.895,
2019-08-23,,"1,537.60",6.564,"6,988.35",,"4,205.65","26,958.65",,"10,829.35","4,253.04","5,607.90","8,790.55","11,553.50",5.899,
2019-08-26,,"1,537.20",6.472,"7,022.75",,"4,279.90","27,951.35",,"11,057.85","4,336.73","5,682.95","8,964.70","11,764.90",5.806,
2019-08-27,,"1,551.80",6.521,"7,152.95",,"4,302.00","28,126.15",,"11,105.35","4,363.00","5,731.65","9,022.25","11,872.05",5.809,
2019-08-28,,"1,549.10",6.564,"7,018.55",,"4,237.25","27,804.30",,"11,046.10","4,337.66","5,682.70","8,970.90","11,801.80",5.845,
2019-08-29,,"1,536.90",6.543,"6,970.15",,"4,220.80","27,305.20",,"10,948.30","4,308.27","5,659.80","8,906.10","11,687.85",5.841,
2019-08-30,,"1,529.40",6.556,"7,009.30",,"4,261.55","27,427.85",,"11,023.25","4,342.22","5,712.70","8,977.55","11,809.10",5.836,
2019-09-02,,"1,555.90",,,,,,,,,,,,,
2019-09-03,,"1,555.90",6.516,"6,897.75",,"4,174.30","26,824.15",,"10,797.90","4,256.28","5,626.85","8,802.35","11,623.25",5.812,
2019-09-04,,"1,560.40",6.545,"6,782.05",,"4,197.20","27,123.85",,"10,844.65","4,271.00","5,646.50","8,833.10","11,633.75",5.794,
2019-09-05,,"1,525.50",6.571,"6,921.75",,"4,207.10","26,919.70",,"10,847.90","4,275.69","5,659.95","8,846.30","11,670.05",5.776,
2019-09-06,,"1,515.50",6.597,"7,102.45",,"4,255.00","27,247.90",,"10,946.20","4,310.17","5,696.70","8,920.40","11,752.30",5.779,
2019-09-09,,"1,511.10",6.57,"7,165.35",,"4,314.85","27,504.65",,"11,003.05","4,334.80","5,758.00","8,972.40","11,885.80",5.761,
2019-09-10,,"1,499.20",,,,,,,,,,,,,
2019-09-11,,"1,503.20",6.674,"7,423.60",,"4,365.10","27,776.20",,"11,035.70","4,352.97","5,803.45","9,015.15","11,925.40",5.76,
2019-09-12,,"1,507.40",6.658,"7,284.00",,"4,345.90","27,818.50",,"10,982.80","4,336.57","5,787.50","8,981.60","11,877.35",5.753,
2019-09-13,,"1,499.50",6.631,"7,360.60",,"4,366.95","28,098.75",,"11,075.90","4,370.80","5,817.60","9,050.85","11,995.60",5.774,
2019-09-16,,"1,511.50",6.71,"7,300.65",,"4,341.90","27,855.00",,"11,003.50","4,347.96","5,812.40","9,009.15","12,009.30",5.773,
2019-09-17,,"1,513.40",6.728,"7,020.75",,"4,248.00","27,131.75",,"10,817.60","4,274.31","5,707.40","8,853.90","11,827.35",5.831,
2019-09-18,,"1,515.80",6.617,"7,012.10",,"4,255.75","27,172.65",,"10,840.65","4,286.88","5,726.75","8,877.70","11,898.25",5.743,
2019-09-19,,"1,506.20",6.634,"6,920.60",,"4,183.50","26,757.65",,"10,704.80","4,233.59","5,641.15","8,766.45","11,705.05",5.806,
2019-09-20,,"1,515.10",6.782,"7,605.85",,"4,452.90","28,981.55",,"11,274.20","4,464.44","5,959.15","9,230.50","12,290.10",5.728,
2019-09-23,,"1,531.50",6.739,"7,802.65",,"4,581.60","30,566.20",,"11,600.20","4,586.00","6,121.55","9,486.60","12,607.75",5.756,
2019-09-24,,"1,540.20",6.775,"7,773.25",,"4,554.95","30,183.10",,"11,588.20","4,578.54","6,090.70","9,474.75","12,639.20",5.856,
2019-09-25,,"1,512.30",6.754,"7,470.45",,"4,458.90","29,586.05",,"11,440.20","4,516.67","5,993.95","9,344.15","12,496.50",5.832,
2019-09-26,,"1,515.20",6.71,"7,659.75",,"4,504.15","30,002.60",,"11,571.20","4,568.09","6,041.65","9,443.80","12,541.20",5.866,
2019-09-27,,"1,513.10",6.729,"7,554.25",,"4,461.15","29,876.65",,"11,512.40","4,544.49","5,989.75","9,395.60","12,519.85",5.906,
2019-09-30,,"1,479.60",6.695,"7,493.15",,"4,394.00","29,103.15",,"11,474.45","4,518.98","5,912.20","9,340.90","12,401.80",5.793,
2019-10-01,,"1,495.70",6.657,"7,464.10",,"4,305.15","28,725.50",,"11,359.90","4,470.09","5,815.55","9,236.40","12,198.65",5.791,
2019-10-02,,"1,514.50",,,,,,,,,,,,,
2019-10-03,,"1,520.50",6.606,"7,493.75",,"4,303.65","28,414.10",,"11,314.00","4,452.32","5,810.65","9,198.40","12,167.30",5.743,
2019-10-04,,"1,519.70",6.68,"7,404.90",,"4,237.25","27,731.85",,"11,174.75","4,399.37","5,764.15","9,091.65","12,025.25",5.782,
2019-10-07,,"1,511.20",6.669,"7,355.45",,"4,222.00","27,767.55",,"11,126.40","4,377.26","5,748.20","9,040.65","11,978.80",5.757,
2019-10-08,,"1,510.70",,,,,,,,,,,,,
2019-10-09,,"1,519.60",6.655,"7,460.75",,"4,306.50","28,785.85",,"11,313.30","4,445.74","5,813.65","9,177.95","12,188.95",5.732,
2019-10-10,,"1,507.70",6.679,"7,359.65",,"4,255.15","28,013.45",,"11,234.55","4,412.78","5,758.80","9,112.75","12,118.95",5.731,
2019-10-11,,"1,495.50",6.727,"7,397.05",,"4,254.60","28,042.50",,"11,305.05","4,439.49","5,771.10","9,161.40","12,163.55",5.753,
2019-10-14,,"1,504.40",6.67,"7,520.35",,"4,268.75","28,181.95",,"11,341.15","4,453.69","5,786.70","9,192.65","12,176.05",5.716,
2019-10-15,,"1,490.30",6.66,"7,688.25",,"4,290.65","28,555.10",,"11,428.30","4,486.86","5,803.55","9,253.85","12,186.10",5.709,
2019-10-16,,"1,500.80",6.656,"7,673.80",,"4,275.40","28,538.80",,"11,464.00","4,502.29","5,793.30","9,281.85","12,196.20",5.678,
2019-10-17,,"1,505.20",6.699,"7,914.00",,"4,368.05","28,989.45",,"11,586.35","4,557.67","5,888.70","9,391.00","12,306.70",5.702,
2019-10-18,,"1,501.00",6.692,"7,964.75",,"4,465.00","29,120.25",,"11,661.85","4,598.38","5,991.95","9,479.20","12,527.35",5.668,
2019-10-21,,"1,495.00",,,,,,,,,,,,,
2019-10-22,,"1,494.50",6.7,"7,936.65",,"4,457.55","29,411.15",,"11,588.35","4,577.96","5,999.00","9,448.25","12,564.85",5.667,
2019-10-23,,"1,502.70",6.678,"8,036.60",,"4,460.45","29,459.60",,"11,604.10","4,584.47","6,006.55","9,458.65","12,608.65",5.648,
2019-10-24,,"1,511.70",6.678,"8,012.40",,"4,445.75","29,107.95",,"11,582.60","4,573.45","5,994.15","9,437.65","12,672.85",5.653,
2019-10-25,,"1,512.30",6.67,"7,986.35",,"4,447.30","29,395.95",,"11,583.90","4,570.69","5,985.40","9,431.10","12,545.00",5.637,
2019-10-27,,,,,,,"29,516.30",,"11,627.15",,,,"12,635.35",,
2019-10-28,,"1,502.90",,,,,,,,,,,,,
2019-10-29,,"1,497.70",6.679,"8,449.75",,"4,539.05","29,873.05",,"11,786.85","4,653.60","6,093.50","9,598.35","12,705.70",5.623,
2019-10-30,,"1,503.80",6.664,"8,428.90",,"4,578.85","29,987.50",,"11,844.10","4,677.37","6,122.35","9,647.55","12,698.40",5.639,
2019-10-31,,"1,521.80",6.643,"8,449.50",,"4,639.70","30,066.25",,"11,877.45","4,698.03","6,201.65","9,689.65","12,777.25",5.607,
2019-11-01,,"1,518.50",6.445,"8,392.90",,"4,657.45","30,330.55",,"11,890.60","4,704.17","6,222.50","9,704.00","12,810.30",5.617,
2019-11-04,,"1,518.30",6.471,"8,280.35",,"4,654.95","30,333.10",,"11,941.30","4,716.75","6,216.30","9,732.40","12,841.05",5.622,
2019-11-05,,"1,490.80",6.514,"8,256.15",,"4,597.15","30,219.85",,"11,917.20","4,700.74","6,158.45","9,694.05","12,785.25",5.671,
2019-11-06,,"1,500.30",6.486,"8,258.85",,"4,599.45","30,609.60",,"11,966.05","4,716.01","6,150.60","9,721.35","12,801.40",5.62,
2019-11-07,,"1,473.30",6.502,"8,239.90",,"4,630.60","30,633.15",,"12,012.05","4,737.52","6,191.50","9,764.30","12,880.45",5.644,
2019-11-08,,"1,469.80",6.554,"8,169.65",,"4,595.65","30,749.40",,"11,908.15","4,695.26","6,153.50","9,683.30","12,791.75",5.673,
2019-11-11,,"1,464.10",6.561,"8,159.00",,"4,625.55","31,115.55",,"11,913.45","4,701.69","6,186.45","9,695.85","12,810.40",5.646,
2019-11-12,,"1,460.60",,,,,,,,,,,,,
2019-11-13,,"1,470.20",6.528,"8,150.20",,"4,548.05","30,541.55",,"11,840.45","4,669.70","6,137.80","9,633.95","12,666.50",5.652,
2019-11-14,,"1,480.20",6.515,"8,190.90",,"4,572.25","30,749.95",,"11,872.10","4,678.87","6,153.00","9,650.40","12,750.15",5.613,
2019-11-15,,"1,475.40",6.519,"8,153.90",,"4,596.70","31,008.40",,"11,895.45","4,686.75","6,169.80","9,667.30","12,679.05",5.597,
2019-11-18,,"1,478.80",6.477,"8,119.00",,"4,639.15","30,992.10",,"11,884.50","4,687.86","6,210.80","9,668.60","12,717.60",5.596,
2019-11-19,,"1,481.20",6.473,"8,063.95",,"4,648.50","31,236.25",,"11,940.10","4,704.34","6,227.60","9,702.15","12,751.05",5.589,
2019-11-20,,"1,481.00",6.458,"8,083.80",,"4,668.90","31,353.85",,"11,999.10","4,725.78","6,238.00","9,744.90","12,748.50",5.562,
2019-11-21,,"1,470.50",6.505,"8,004.65",,"4,616.85","31,349.95",,"11,968.40","4,710.09","6,193.00","9,712.35","12,668.35",5.567,
2019-11-22,,"1,470.50",6.495,"8,034.95",,"4,618.85","31,111.60",,"11,914.40","4,692.12","6,196.50","9,679.30","12,598.95",5.558,
2019-11-25,,"1,463.80",6.468,"8,174.75",,"4,679.25","31,555.90",,"12,073.75","4,753.81","6,256.85","9,802.05","12,701.50",5.557,
2019-11-26,,"1,467.40",6.478,"8,099.90",,"4,638.65","31,718.35",,"12,037.70","4,734.84","6,210.40","9,762.85","12,638.35",5.556,
2019-11-27,,"1,466.00",6.467,"8,202.85",,"4,685.40","31,875.95",,"12,100.70","4,761.60","6,255.30","9,815.95","12,689.05",5.548,
2019-11-28,,"1,472.70",6.453,"8,179.75",,"4,751.80","32,122.95",,"12,151.15","4,787.32","6,307.55","9,869.75","12,768.60",5.515,
2019-11-29,,"1,478.10",6.46,"8,086.00",,"4,722.80","31,946.10",,"12,056.05","4,755.69","6,321.65","9,813.65","12,771.40",5.524,
2019-12-02,,"1,474.60",6.484,"8,012.75",,"4,689.45","31,871.45",,"12,048.20","4,750.38","6,288.20","9,798.00","12,708.15",5.523,
2019-12-03,,"1,489.90",6.462,"7,964.25",,"4,620.10","31,613.35",,"11,994.20","4,723.88","6,230.55","9,743.15","12,686.75",5.516,
2019-12-04,,"1,485.60",6.462,"7,996.55",,"4,652.75","31,979.30",,"12,043.20","4,744.01","6,267.70","9,782.10","12,729.15",5.508,
2019-12-05,,"1,488.60",6.608,"7,941.80",,"4,643.90","31,712.95",,"12,018.40","4,729.98","6,253.95","9,757.60","12,719.05",5.67,
2019-12-06,,"1,470.70",6.661,"7,806.60",,"4,556.35","31,341.55",,"11,921.50","4,687.56","6,174.40","9,669.40","12,615.70",5.727,
2019-12-09,,"1,470.50",6.659,"7,863.30",,"4,566.05","31,316.65",,"11,937.50","4,691.35","6,176.25","9,671.45","12,552.05",5.726,
2019-12-10,,"1,473.70",6.703,"7,801.35",,"4,503.90","31,160.35",,"11,856.80","4,654.68","6,108.15","9,595.40","12,456.60",5.746,
2019-12-11,,"1,480.60",6.76,"7,838.40",,"4,542.30","31,256.75",,"11,910.15","4,676.14","6,142.75","9,636.25","12,619.65",5.765,
2019-12-12,,"1,477.90",6.77,"7,941.70",,"4,596.50","31,665.45",,"11,971.80","4,701.98","6,186.50","9,691.15","12,671.15",5.764,
2019-12-13,,"1,486.90",6.782,"8,069.70",,"4,641.70","32,014.25",,"12,086.70","4,748.46","6,243.00","9,783.60","12,753.30",5.782,
2019-12-16,,"1,486.10",6.794,"7,990.80",,"4,607.70","31,974.20",,"12,053.95","4,733.21","6,215.80","9,753.00","12,736.80",5.808,
2019-12-17,,"1,486.40",6.744,"8,039.90",,"4,641.90","32,140.25",,"12,165.00","4,773.32","6,247.15","9,831.35","12,806.60",5.821,
2019-12-18,,"1,484.40",6.705,"8,082.35",,"4,620.80","32,244.25",,"12,221.65","4,789.61","6,231.00","9,864.55","12,798.70",5.786,
2019-12-19,,"1,490.00",6.746,"8,165.50",,"4,636.00","32,241.45",,"12,259.70","4,801.49","6,240.00","9,892.30","12,825.55",5.819,
2019-12-20,,"1,486.60",6.598,"8,133.55",,"4,641.30","32,384.95",,"12,271.80","4,810.27","6,239.15","9,905.35","12,909.35",5.878,
2019-12-23,,"1,494.40",6.562,"8,180.50",,"4,629.05","32,339.45",,"12,262.75","4,806.78","6,228.10","9,897.65","12,901.35",5.837,
2019-12-24,,"1,510.60",6.571,"8,152.60",,"4,625.15","32,280.75",,"12,214.55","4,791.66","6,221.10","9,868.40","12,893.20",5.809,
2019-12-26,,"1,520.30",6.576,"8,129.65",,"4,617.65","31,997.70",,"12,126.55","4,766.12","6,229.80","9,817.20","12,878.25",5.788,
2019-12-27,,"1,524.10",6.5,"8,205.90",,"4,674.90","32,412.35",,"12,245.80","4,810.55","6,285.95","9,908.70","12,947.55",5.82,
2019-12-30,,"1,524.60",6.544,"8,325.40",,"4,701.45","32,354.90",,"12,255.85","4,815.47","6,311.80","9,924.70","13,029.65",5.831,
2019-12-31,,"1,529.30",6.554,"8,248.30",,"4,701.10","32,161.65",,"12,168.45","4,788.35","6,321.60","9,872.55","13,071.95",5.776,
2020-01-01,,,6.501,"8,210.10",,"4,711.55","32,102.90",,"12,182.50","4,795.10","6,343.95","9,888.55","13,191.15",5.775,
2020-01-02,,"1,534.30",6.502,"8,267.45",,"4,796.70","32,443.85",,"12,282.20","4,837.75","6,422.85","9,980.00","13,284.70",5.781,
2020-01-03,,"1,558.70",6.51,"8,168.15",,"4,755.75","32,069.25",,"12,226.65","4,817.47","6,394.50","9,941.65","13,351.20",5.758,
2020-01-06,,"1,575.10",6.565,"7,978.75",,"4,639.25","31,237.15",,"11,993.05","4,722.92","6,258.80","9,747.40","13,147.25",5.778,
2020-01-07,,"1,580.50",6.55,"8,002.50",,"4,674.65","31,399.40",,"12,052.95","4,748.24","6,303.85","9,805.40","13,313.00",5.743,
2020-01-08,,"1,566.50",6.557,"7,942.75",,"4,686.85","31,373.65",,"12,025.35","4,743.05","6,315.40","9,792.20","13,389.80",5.728,
2020-01-09,,"1,560.60",6.524,"8,155.25",,"4,766.10","32,092.40",,"12,215.90","4,815.60","6,403.55","9,943.90","13,632.05",5.693,
2020-01-10,,"1,566.40",6.585,"8,225.50",,"4,787.70","32,097.40",,"12,256.80","4,831.74","6,422.95","9,978.00","13,552.95",5.69,
2020-01-13,,"1,557.00",6.592,"8,235.85",,"4,827.05","32,177.65",,"12,329.55","4,862.64","6,465.75","10,042.50","13,534.50",5.689,
2020-01-14,,"1,550.90",6.662,"8,289.30",,"4,865.60","32,071.65",,"12,362.30","4,878.09","6,511.10","10,075.85","13,551.10",5.71,
2020-01-15,,"1,560.10",6.623,"8,385.35",,"4,923.80","31,824.90",,"12,343.30","4,881.09","6,571.15","10,087.05","13,580.60",5.708,
2020-01-16,,"1,556.50",6.598,"8,395.90",,"4,968.90","31,853.90",,"12,355.50","4,889.62","6,625.75","10,110.05","13,628.35",5.707,
2020-01-17,,"1,566.50",6.622,"8,427.60",,"4,986.55","31,590.65",,"12,352.35","4,892.87","6,655.80","10,118.70","13,696.50",5.747,
2020-01-20,,"1,557.90",6.639,"8,352.70",,"4,944.85","31,080.65",,"12,224.55","4,849.08","6,626.65","10,025.70","13,699.80",5.745,
2020-01-21,,"1,564.10",6.633,"8,245.90",,"4,940.60","30,947.55",,"12,169.85","4,829.52","6,619.45","9,987.55","13,677.15",5.759,
2020-01-22,,"1,562.90",6.635,"8,169.15",,"4,921.65","30,701.45",,"12,106.90","4,808.87","6,606.05","9,947.00","13,651.45",5.75,
2020-01-23,,"1,571.60",6.596,"8,241.75",,"4,994.30","31,004.05",,"12,180.35","4,845.18","6,689.70","10,021.40","13,837.35",5.742,
2020-01-24,,"1,578.20",6.578,"8,274.85",,"5,037.95","31,241.75",,"12,248.25","4,874.80","6,742.45","10,083.70","13,935.85",5.703,
2020-01-27,,"1,583.70",6.551,"8,258.15",,"5,012.85","30,837.40",,"12,119.00","4,831.78","6,732.30","9,999.60","13,953.75",5.673,
2020-01-28,,"1,575.80",6.575,"8,156.05",,"4,994.70","30,761.40",,"12,055.80","4,808.89","6,721.15","9,956.95","13,959.65",5.679,
2020-01-29,,"1,576.00",6.568,"8,220.40",,"5,015.75","30,877.00",,"12,129.50","4,836.02","6,739.45","10,009.30","14,005.80",5.678,
2020-01-30,,"1,595.10",6.558,"8,181.45",,"4,976.75","30,647.40",,"12,035.80","4,792.88","6,691.15","9,919.20","13,841.70",5.675,
2020-01-31,,"1,593.80",6.599,"8,086.55",,"4,915.70","30,833.60",,"11,962.10","4,762.17","6,661.75","9,861.45","13,893.50",5.671,
2020-02-01,,,,"7,880.30",,"4,762.60","29,820.90",,"11,661.85","4,639.99",,"9,606.05","13,481.10",,
2020-02-03,,"1,588.30",6.503,"7,988.35",,"4,837.10","30,023.25",,"11,707.90","4,663.91","6,559.65","9,650.55","13,692.85",5.991,
2020-02-04,,"1,561.40",6.504,"8,100.80",,"4,906.85","30,686.70",,"11,979.65","4,760.88","6,630.75","9,853.05","13,914.15",5.802,
2020-02-05,,"1,568.70",6.505,"8,131.70",,"4,967.45","31,001.95",,"12,089.15","4,809.30","6,702.25","9,951.35","13,991.05",5.784,
2020-02-06,,"1,575.80",6.446,"8,142.15",,"4,998.40","31,304.05",,"12,137.95","4,833.91","6,740.10","10,004.20","14,118.70",5.668,
2020-02-07,,"1,579.20",6.439,"8,064.60",,"5,015.45","31,201.95",,"12,098.35","4,830.05","6,792.20","10,000.75","14,279.85",5.612,
2020-02-10,,"1,585.40",6.44,"7,860.55",,"4,957.30","31,058.15",,"12,031.50","4,803.61","6,746.25","9,945.65","14,251.75",5.583,
2020-02-11,,"1,575.90",6.464,"7,892.40",,"4,950.45","31,300.60",,"12,107.90","4,823.72","6,751.20","9,987.05","14,253.45",5.59,
2020-02-12,,"1,577.30",6.473,"7,933.80",,"4,945.25","31,492.90",,"12,201.20","4,850.43","6,740.10","10,037.10","14,304.30",5.581,
2020-02-13,,"1,584.50",6.423,"7,914.90",,"4,930.15","31,230.25",,"12,174.65","4,840.94","6,732.30","10,017.75","14,225.90",5.568,
2020-02-14,,"1,591.90",6.369,"7,822.20",,"4,887.55","30,834.80",,"12,113.45","4,811.89","6,690.35","9,961.05","14,268.65",5.562,
2020-02-17,,"1,603.60",6.387,"7,770.50",,"4,847.50","30,680.70",,"12,045.80","4,778.63","6,630.65","9,891.00","14,133.00",5.543,
2020-02-18,,"1,609.30",6.384,"7,692.30",,"4,823.25","30,562.50",,"11,992.50","4,756.84","6,592.60","9,845.55","14,100.30",5.551,
2020-02-19,,"1,617.50",,"7,687.35",,"4,901.20","30,838.20",,"12,125.90","4,816.13","6,687.65","9,970.50","14,429.00",,
2020-02-20,,"1,626.20",6.422,"7,697.90",,"4,927.75","30,942.85",,"12,080.85","4,808.35","6,738.10","9,958.65","14,491.70",5.531,
2020-02-21,,"1,654.60",,,,,,,,,,,,,
2020-02-24,,"1,682.40",6.367,"7,429.10",,"4,813.80","30,455.10",,"11,829.40","4,710.33","6,620.55","9,758.20","14,213.00",5.499,
2020-02-25,,"1,655.80",6.367,"7,366.00",,"4,807.90","30,432.70",,"11,797.90","4,694.53","6,591.25","9,724.70","14,091.65",5.496,
2020-02-26,,"1,648.90",6.346,"7,207.95",,"4,745.35","30,306.85",,"11,678.50","4,643.77","6,515.50","9,622.70","13,935.65",5.471,
2020-02-27,,"1,648.20",6.378,"7,178.85",,"4,702.90","30,187.00",,"11,633.30","4,622.84","6,469.30","9,579.35","13,797.25",5.462,
2020-02-28,,"1,571.80",6.371,"6,903.95",,"4,518.30","29,147.15",,"11,201.75","4,453.86","6,276.00","9,236.05","13,339.40",5.49,
2020-03-02,,"1,599.50",6.346,"6,856.90",,"4,469.25","28,868.40",,"11,132.75","4,431.82","6,234.45","9,178.80","13,285.90",5.428,
2020-03-03,,"1,648.90",6.342,"6,986.65",,"4,562.20","29,177.05",,"11,303.30","4,503.84","6,342.05","9,324.30","13,514.95",5.413,
2020-03-04,,"1,647.20",6.226,"6,938.85",,"4,500.20","28,653.70",,"11,251.00","4,473.25","6,244.95","9,258.25","13,251.65",5.24,
2020-03-05,,"1,672.00",6.239,"6,953.75",,"4,507.40","28,815.35",,"11,269.00","4,481.92","6,260.15","9,280.15","13,279.05",5.289,
2020-03-06,,"1,676.10",6.185,"6,895.00",,"4,380.20","27,801.45",,"10,989.45","4,375.04","6,135.45","9,059.95","13,013.00",5.25,
2020-03-09,,"1,678.60",6.066,"6,632.15",,"4,156.90","26,462.60",,"10,451.45","4,164.99","5,878.60","8,631.35","12,433.50",5.162,
2020-03-10,,"1,663.30",,,,,,,,,,,,,
2020-03-11,,"1,645.40",6.125,"6,568.45",,"4,123.65","26,487.80",,"10,458.40","4,160.76","5,835.15","8,618.05","12,364.95",5.201,
2020-03-12,,"1,593.20",6.236,"6,033.40",,"3,774.75","23,971.15",,"9,590.15","3,816.59","5,378.45","7,901.35","11,362.45",5.304,
2020-03-13,,"1,519.50",6.322,"6,182.00",,"3,920.25","25,166.45",,"9,955.20","3,952.00","5,501.75","8,163.00","11,643.45",5.303,
2020-03-16,,"1,488.60",6.208,"5,843.70",,"3,646.75","23,101.15",,"9,197.40","3,667.57","5,179.45","7,591.90","10,992.15",5.272,
2020-03-17,,"1,528.10",6.265,"5,803.85",,"3,560.10","22,155.15",,"8,967.05","3,585.86","5,053.75","7,417.65","10,758.40",5.322,
2020-03-18,,"1,480.60",6.296,"5,516.50",,"3,370.60","20,580.20",,"8,468.80","3,392.54","4,782.15","7,010.55","10,100.20",5.291,
2020-03-19,,"1,482.30",6.41,"5,180.50",,"3,233.75","20,083.50",,"8,263.45","3,295.54","4,590.20","6,807.20","9,773.30",5.341,
2020-03-20,,"1,488.10",6.259,"5,370.15",,"3,413.55","20,317.60",,"8,745.45","3,476.84","4,790.30","7,160.10","10,255.00",5.329,
2020-03-23,,"1,572.70",6.379,"4,626.50",,"2,905.15","16,917.65",,"7,610.25","3,027.77","4,165.90","6,243.00","8,932.65",5.352,
2020-03-24,,"1,663.30",6.304,"4,693.35",,"2,975.15","17,107.30",,"7,801.05","3,095.14","4,208.90","6,365.45","9,052.30",5.344,
2020-03-25,,"1,634.30",,"4,936.15",,"3,110.50","18,481.05",,"8,317.85","3,274.00","4,347.05","6,724.00","9,559.35",,
2020-03-26,,"1,660.30",6.225,"5,061.30",,"3,219.90","19,613.90",,"8,641.45","3,422.88","4,506.80","6,993.85","9,974.55",5.313,
2020-03-27,,"1,654.10",6.144,"4,938.70",,"3,206.50","19,969.00",,"8,660.25","3,407.82","4,489.05","7,003.30","9,883.90",5.028,
2020-03-30,,"1,643.50",6.209,"4,669.15",,"3,121.50","18,782.40",,"8,281.10","3,285.32","4,383.25","6,749.20","9,754.25",5.224,
2020-03-31,,"1,596.60",6.138,"4,731.30",,"3,180.60","19,144.00",,"8,597.75","3,403.40","4,493.25","6,996.75","10,067.55",5.042,
2020-04-01,,"1,591.70",,"4,657.55",,"3,095.45","18,208.35",,"8,253.80","3,286.03","4,411.65","6,761.95","9,976.75",,
2020-04-02,,"1,637.70",,,,,,,,,,,,,
2020-04-03,,"1,645.50",6.306,"4,517.75",,"3,037.00","17,249.30",,"8,083.80","3,222.43","4,352.35","6,638.45","9,840.10",4.931,
2020-04-06,,"1,692.20",,,,,,,,,,,,,
2020-04-07,,"1,682.80",6.414,"4,951.55",,"3,232.10","19,062.50",,"8,792.20","3,480.42","4,561.85","7,149.00","10,476.05",4.926,
2020-04-08,,"1,683.80",6.441,"5,043.60",,"3,287.80","18,946.45",,"8,748.75","3,482.77","4,637.10","7,161.45","10,641.00",4.932,
2020-04-09,,"1,752.10",6.49,"5,568.45",,"3,420.95","19,913.60",,"9,111.90","3,619.03","4,786.25","7,441.65","10,953.65",4.914,
2020-04-13,,"1,760.90",6.495,"5,432.10",,"3,371.80","19,488.00",,"8,993.85","3,577.75","4,733.05","7,360.35","10,865.45",4.905,
2020-04-14,,"1,769.40",,,,,,,,,,,,,
2020-04-15,,"1,741.20",6.425,"5,333.00",,"3,419.55","19,057.05",,"8,925.30","3,568.59","4,795.60","7,344.35","10,954.60",4.817,
2020-04-16,,"1,733.20",6.44,"5,394.15",,"3,499.50","19,400.00",,"8,992.80","3,602.10","4,869.90","7,412.30","11,124.65",4.801,
2020-04-17,,"1,700.10",6.347,"5,668.90",,"3,593.95","20,681.45",,"9,266.75","3,699.17","4,978.15","7,614.40","11,382.65",4.602,
2020-04-20,,"1,712.60",6.209,"5,591.00",,"3,600.75","20,522.65",,"9,261.85","3,697.96","5,001.85","7,614.60","11,402.35",4.542,
2020-04-21,,"1,689.80",6.212,"5,294.05",,"3,472.65","19,409.35",,"8,981.45","3,590.51","4,856.80","7,395.85","11,021.15",4.481,
2020-04-22,,"1,741.40",6.224,"5,426.85",,"3,521.70","19,701.85",,"9,187.30","3,662.03","4,890.55","7,533.80","11,127.80",4.364,
2020-04-23,,"1,748.80",6.06,"5,464.75",,"3,571.15","20,267.95",,"9,313.90","3,706.58","4,945.55","7,625.30","11,266.50",4.303,
2020-04-24,,"1,739.70",6.167,"5,377.25",,"3,470.35","19,586.65",,"9,154.40","3,642.95","4,859.25","7,493.45","10,950.20",4.298,
2020-04-27,,"1,728.70",6.153,"5,433.20",,"3,531.25","20,081.15",,"9,282.30","3,697.83","4,941.00","7,603.95","11,227.55",4.314,
2020-04-28,,"1,727.80",6.137,"5,447.10",,"3,597.80","20,671.10",,"9,380.90","3,731.54","4,996.90","7,672.45","11,378.55",4.365,
2020-04-29,,"1,719.20",6.125,"5,543.75",,"3,649.15","21,090.20",,"9,553.35","3,793.18","5,058.30","7,797.20","11,508.10",4.477,
2020-04-30,,"1,701.00",6.11,"5,901.40",,"3,722.40","21,534.50",,"9,859.90","3,903.56","5,149.60","8,012.90","11,722.20",4.467,
2020-05-01,,"1,707.20",,,,,,,,,,,,,
2020-05-04,,"1,720.30",6.084,"5,476.20",,"3,548.65","19,743.75",,"9,293.50","3,693.87","4,950.30","7,596.90","11,305.00",4.375,
2020-05-05,,"1,718.90",6.073,"5,451.90",,"3,518.80","19,271.75",,"9,205.60","3,659.66","4,918.05","7,523.05","11,234.65",4.495,
2020-05-06,,"1,696.50",6.028,"5,552.40",,"3,567.65","19,694.55",,"9,270.90","3,687.04","4,943.65","7,575.50","11,354.25",4.361,
2020-05-07,,"1,735.70",,"5,519.00",,"3,542.50","19,491.80",,"9,199.05","3,659.20","4,919.85","7,520.85","11,314.60",,
2020-05-08,,"1,726.60",5.967,"5,447.75",,"3,537.50","19,352.90",,"9,251.50","3,676.95","4,902.25","7,552.00","11,363.15",4.304,
2020-05-11,,"1,711.30",6.167,"5,679.70",,"3,567.15","18,950.50",,"9,239.20","3,680.26","4,921.85","7,556.40","11,417.70",4.362,
2020-05-12,,"1,717.30",6.163,"5,708.95",,"3,547.50","18,862.85",,"9,196.55","3,662.89","4,889.60","7,520.90","11,401.55",4.358,
2020-05-13,,"1,726.90",6.095,"5,844.60",,"3,647.60","19,634.95",,"9,383.55","3,733.37","4,983.10","7,667.00","11,542.00",4.397,
2020-05-14,,"1,752.10",6.056,"5,804.05",,"3,626.10","19,068.50",,"9,142.75","3,656.16","4,960.85","7,514.55","11,462.70",4.349,
2020-05-15,,"1,768.00",6.081,"5,745.70",,"3,618.50","18,833.95",,"9,136.85","3,650.26","4,948.05","7,504.05","11,425.90",4.359,
2020-05-18,,"1,746.70",6.05,"5,430.05",,"3,430.80","17,573.20",,"8,823.25","3,524.56","4,753.85","7,245.25","11,039.25",4.414,
2020-05-19,,"1,757.90",6.035,"5,486.15",,"3,451.80","17,486.25",,"8,879.10","3,543.61","4,766.70","7,284.50","11,083.10",4.399,
2020-05-20,,"1,765.60",6.041,"5,603.80",,"3,505.30","17,840.20",,"9,066.55","3,614.57","4,834.15","7,426.85","11,212.60",4.405,
2020-05-21,,"1,736.90",6.034,"5,749.90",,"3,529.15","17,735.10",,"9,106.25","3,632.49","4,873.90","7,470.60","11,275.70",4.39,
2020-05-22,,"1,753.50",5.961,"5,767.00",,"3,496.85","17,278.90",,"9,039.25","3,607.11","4,849.00","7,416.00","11,227.25",4.337,
2020-05-25,,"1,705.60",,,,,,,,,,,,,
2020-05-26,,"1,728.20",5.975,"5,854.30",,"3,567.20","17,440.35",,"9,029.05","3,610.79","4,903.80","7,424.50","11,286.90",4.323,
2020-05-27,,"1,726.80",5.984,"5,896.95",,"3,603.60","18,710.55",,"9,314.95","3,698.89","4,920.50","7,595.55","11,367.65",4.313,
2020-05-28,,"1,737.30",5.99,"6,112.30",,"3,663.20","19,169.80",,"9,490.10","3,765.36","4,991.00","7,732.25","11,512.25",4.308,
2020-05-29,,"1,760.70",6.013,"6,218.80",,"3,713.55","19,297.25",,"9,580.30","3,809.76","5,053.70","7,822.40","11,679.35",4.274,
2020-06-01,,"1,759.10",6.042,"6,419.50",,"3,838.90","19,959.90",,"9,826.15","3,904.20","5,199.90","8,020.10","12,011.30",4.359,
2020-06-02,,"1,743.30",5.998,"6,471.30",,"3,882.60","20,530.20",,"9,979.10","3,960.01","5,269.55","8,137.45","12,217.85",4.334,
2020-06-03,,"1,716.10",6.031,"6,498.65",,"3,880.35","20,940.70",,"10,061.55","3,990.41","5,305.55","8,203.00","12,346.20",4.325,
2020-06-04,,"1,738.10",5.796,"6,511.35",,"3,880.95","20,390.45",,"10,029.10","3,983.49","5,293.15","8,185.90","12,337.30",4.295,
2020-06-05,,"1,694.10",5.821,"6,628.75",,"3,946.45","21,034.50",,"10,142.15","4,033.35","5,385.65","8,299.35","12,612.95",4.291,
2020-06-08,,"1,715.70",5.807,"6,610.55",,"3,955.60","21,187.35",,"10,167.45","4,043.22","5,409.85","8,323.95","12,749.55",4.291,
2020-06-09,,"1,732.20",5.775,"6,577.70",,"3,940.60","20,724.90",,"10,046.65","4,001.53","5,384.15","8,238.10","12,777.95",4.306,
2020-06-10,,"1,730.40",5.772,"6,502.65",,"3,992.60","21,100.10",,"10,116.15","4,028.75","5,443.85","8,293.35","12,875.00",4.332,
2020-06-11,,"1,748.80",5.781,"6,373.60",,"3,944.55","20,525.15",,"9,902.00","3,950.15","5,375.75","8,137.00","12,761.70",4.312,
2020-06-12,,"1,746.20",5.796,"6,559.40",,"4,020.05","20,654.55",,"9,972.90","3,980.39","5,426.05","8,196.40","12,882.65",4.307,
2020-06-15,,"1,735.70",5.792,"6,443.00",,"3,952.90","19,912.90",,"9,813.70","3,923.84","5,369.45","8,086.45","12,852.65",4.287,
2020-06-16,,"1,745.30",5.846,"6,451.05",,"3,975.50","20,296.70",,"9,914.00","3,956.03","5,399.55","8,152.30","13,006.80",4.281,
2020-06-17,,"1,744.30",5.835,"6,503.50",,"3,984.55","20,201.75",,"9,881.15","3,951.03","5,418.05","8,140.45","13,076.15",4.307,
2020-06-18,,"1,739.90",5.822,"6,535.90",,"4,035.60","20,956.30",,"10,091.65","4,019.80","5,483.80","8,283.65","13,321.65",4.251,
2020-06-19,,"1,761.00",5.849,"6,634.50",,"4,088.15","21,338.10",,"10,244.40","4,078.20","5,553.35","8,403.40","13,587.75",4.246,
2020-06-22,,"1,774.20",5.877,"6,729.10",,"4,167.85","21,708.35",,"10,311.20","4,114.69","5,639.55","8,486.45","13,870.75",4.23,
2020-06-23,,"1,789.80",5.903,"6,789.20",,"4,209.50","22,264.90",,"10,471.00","4,179.39","5,730.25","8,621.10","14,213.45",4.22,
2020-06-24,,"1,784.00",5.918,"6,742.80",,"4,132.10","21,426.80",,"10,305.30","4,118.62","5,667.95","8,496.25","13,910.35",4.24,
2020-06-25,,"1,779.70",5.891,"6,737.85",,"4,168.95","21,506.15",,"10,288.90","4,121.12","5,721.95","8,499.90","13,918.40",4.215,
2020-06-26,,"1,789.80",5.913,"6,731.45",,"4,171.75","21,592.05",,"10,383.00","4,151.66","5,726.45","8,559.00","13,845.15",4.199,
2020-06-29,,"1,790.60",5.903,"6,645.85",,"4,095.95","21,359.00",,"10,312.40","4,118.68","5,642.60","8,488.05","13,692.10",4.158,
2020-06-30,,"1,810.00",5.888,"6,719.15",,"4,094.25","21,370.15",,"10,302.10","4,111.33","5,626.20","8,474.80","13,701.05",4.173,
2020-07-01,,"1,790.80",5.838,"6,718.60",,"4,115.80","21,977.60",,"10,430.05","4,152.23","5,640.35","8,554.75","13,676.10",4.194,
2020-07-02,,"1,801.00",5.841,"6,907.10",,"4,170.85","21,953.20",,"10,551.70","4,199.15","5,701.25","8,647.85","13,795.20",4.171,
2020-07-03,,"1,793.50",5.845,"6,971.05",,"4,208.75","21,852.40",,"10,607.35","4,223.46","5,739.35","8,696.25","13,940.55",4.229,
2020-07-06,,"1,804.90",5.836,"7,171.75",,"4,289.55","22,198.95",,"10,763.65","4,274.78","5,829.95","8,815.70","14,102.90",4.151,
2020-07-07,,"1,821.70",5.792,"7,199.55",,"4,312.65","22,628.00",,"10,799.65","4,291.24","5,859.55","8,850.30","14,186.20",4.111,
2020-07-08,,"1,834.00",5.778,"7,059.35",,"4,285.05","22,584.65",,"10,705.75","4,257.29","5,826.05","8,785.00","14,087.00",4.124,
2020-07-09,,"1,817.60",5.772,"7,085.60",,"4,308.10","22,907.20",,"10,813.45","4,291.21","5,835.75","8,851.50","14,146.70",4.117,
2020-07-10,,"1,815.60",5.76,"7,041.10",,"4,266.05","22,398.45",,"10,768.05","4,273.17","5,796.75","8,813.95","14,178.30",4.113,
2020-07-13,,"1,827.80",5.786,"7,084.45",,"4,256.30","22,089.25",,"10,802.70","4,284.29","5,785.25","8,834.20","14,217.20",4.152,
2020-07-14,,"1,825.50",5.825,"6,916.00",,"4,180.15","21,392.20",,"10,607.35","4,215.61","5,721.95","8,693.35","14,119.85",4.174,
2020-07-15,,"1,826.10",5.815,"6,931.05",,"4,141.40","21,340.75",,"10,618.20","4,216.01","5,702.30","8,689.85","14,162.40",4.159,
2020-07-16,,"1,811.70",5.813,"7,015.90",,"4,172.15","21,597.15",,"10,739.95","4,256.45","5,724.85","8,766.60","14,204.75",4.164,
2020-07-17,,"1,820.90",5.805,"7,137.30",,"4,248.15","21,966.80",,"10,901.70","4,320.84","5,791.25","8,895.30","14,350.70",4.156,
2020-07-20,,"1,827.40",5.799,"7,175.85",,"4,282.65","22,321.85",,"11,022.20","4,364.16","5,845.10","8,985.10","14,497.60",4.174,
2020-07-21,,"1,853.80",5.829,"7,295.75",,"4,283.10","22,782.00",,"11,162.25","4,407.73","5,853.40","9,070.60","14,559.20",4.188,
2020-07-22,,"1,876.70",5.814,"7,203.95",,"4,288.80","22,882.60",,"11,132.60","4,396.60","5,851.60","9,046.60","14,596.35",4.185,
2020-07-23,,"1,902.20",5.805,"7,301.05",,"4,319.65","23,083.90",,"11,215.45","4,428.50","5,892.50","9,114.05","14,682.70",4.178,
2020-07-24,,"1,910.10",5.817,"7,218.65",,"4,286.20","22,662.05",,"11,194.15","4,414.73","5,879.35","9,085.95","14,736.80",4.17,
2020-07-27,,"1,941.40",5.859,"7,186.45",,"4,224.95","21,848.75",,"11,131.80","4,386.31","5,812.80","9,024.90","14,652.35",4.227,
2020-07-28,,"1,952.80",5.85,"7,416.90",,"4,280.65","22,105.20",,"11,300.55","4,444.27","5,855.45","9,141.75","14,714.60",4.241,
2020-07-29,,"1,965.30",5.835,"7,330.25",,"4,305.85","22,076.60",,"11,202.85","4,421.43","5,881.05","9,096.10","14,690.05",4.221,
2020-07-30,,"1,966.80",5.825,"7,287.85",,"4,256.95","21,646.85",,"11,102.15","4,390.89","5,837.00","9,031.70","14,633.25",4.199,
2020-07-31,,"1,985.90",5.837,"7,279.75",,"4,249.05","21,640.05",,"11,073.45","4,391.67","5,866.70","9,035.75","14,805.65",4.191,
2020-08-03,,"1,986.30",5.837,"7,240.25",,"4,231.30","21,072.10",,"10,891.60","4,336.02","5,870.40","8,932.05","14,879.60",4.209,
2020-08-04,,"2,021.00",5.833,"7,353.95",,"4,288.65","21,490.50",,"11,095.25","4,406.50","5,929.50","9,074.95","15,064.20",4.194,
2020-08-05,,"2,049.30",5.826,"7,489.10",,"4,318.55","21,509.95",,"11,101.65","4,411.29","5,960.15","9,088.75","15,160.85",4.191,
2020-08-06,,"2,069.40",5.862,"7,498.25",,"4,356.40","21,642.60",,"11,200.15","4,451.14","6,026.65","9,169.10","15,265.50",4.201,
2020-08-07,,"2,028.00",5.886,"7,554.45",,"4,437.75","21,754.00",,"11,214.05","4,464.08","6,102.65","9,198.65","15,411.60",4.222,
2020-08-10,,"2,039.70",5.893,"7,621.30",,"4,478.50","21,900.25",,"11,270.15","4,495.22","6,176.55","9,268.55","15,665.80",4.246,
2020-08-11,,"1,946.30",5.903,"7,630.35",,"4,480.15","22,227.20",,"11,322.50","4,507.18","6,154.30","9,291.00","15,438.45",4.26,
2020-08-12,,"1,949.00",5.884,"7,785.05",,"4,505.65","22,264.00",,"11,308.40","4,502.85","6,156.65","9,284.80","15,395.90",4.253,
2020-08-13,,"1,970.40",5.895,"7,879.75",,"4,604.60","22,196.35",,"11,300.45","4,512.70","6,246.25","9,307.85","15,436.85",4.237,
2020-08-14,,"1,949.80",5.965,"7,677.65",,"4,537.80","21,679.40",,"11,178.40","4,466.87","6,199.30","9,214.40","15,270.90",4.251,
2020-08-17,,"1,998.70",5.975,"7,865.55",,"4,568.20","21,700.85",,"11,247.10","4,492.01","6,225.70","9,267.90","15,300.35",4.274,
2020-08-18,,"2,013.10",5.986,"7,941.85",,"4,633.65","22,170.60",,"11,385.35","4,545.45","6,305.30","9,382.05","15,460.00",4.267,
2020-08-19,,"1,970.30",6.008,"7,941.35",,"4,660.00","22,285.90",119.81,"11,408.40","4,559.04","6,348.90","9,412.55","15,519.40",4.255,
2020-08-20,,"1,946.50",6.0,"7,911.60",,"4,703.00","21,999.45",118.87,"11,312.20","4,533.33","6,399.40","9,368.75","15,531.30",4.235,
2020-08-21,,"1,947.00",6.14,"7,934.70",,"4,711.05","22,299.60",119.87,"11,371.60","4,557.42","6,446.75","9,423.55","15,616.10",4.297,
2020-08-24,,"1,939.20",6.221,"7,948.40",,"4,741.10","22,833.00",120.21,"11,466.45","4,590.68","6,504.45","9,498.35","15,899.10",4.369,
2020-08-25,,"1,923.10",6.157,"7,983.60",,"4,756.40","23,092.15",119.14,"11,472.25","4,596.70","6,526.45","9,509.25","15,965.05",4.38,
2020-08-26,,"1,952.50",6.203,"8,100.50",,"4,787.70","23,414.20",119.55,"11,549.60","4,622.14","6,559.80","9,567.15","15,979.20",4.484,
2020-08-27,,"1,932.60",6.147,"8,183.00",,"4,788.10","23,600.35",119.53,"11,559.25","4,629.88","6,570.40","9,580.70","15,974.95",4.481,
2020-08-28,,"1,974.90",6.097,"8,111.85",,"4,829.55","24,523.80",119.21,"11,647.60","4,660.45","6,609.40","9,641.05","16,019.30",4.485,
2020-08-31,,"1,978.60",6.078,"7,840.35",,"4,636.95","23,754.35",116.0,"11,387.50","4,538.35","6,362.05","9,372.05","15,442.25",4.464,
2020-09-01,,"1,978.90",5.943,"7,885.95",,"4,683.30","23,812.00",116.05,"11,470.25","4,575.12","6,410.50","9,442.25","15,680.55",4.363,
2020-09-02,,"1,944.70",5.92,"7,976.95",,"4,753.90","23,874.55",117.5,"11,535.00","4,609.34","6,506.70","9,518.40","16,022.30",4.369,
2020-09-03,,"1,937.80",5.896,"8,049.55",,"4,816.05","23,530.85",118.62,"11,527.45","4,614.92","6,562.15","9,534.65","16,194.05",4.348,
2020-09-04,,"1,934.30",5.93,"7,996.55",,"4,720.10","23,011.50",118.48,"11,333.85","4,537.67","6,459.85","9,377.95","15,989.50",4.34,
2020-09-07,,"1,943.20",5.993,"7,957.85",,"4,665.85","22,945.05",116.54,"11,355.05","4,538.44","6,414.65","9,379.10","15,990.40",4.414,
2020-09-08,,"1,943.20",6.056,"7,888.00",,"4,587.00","22,744.40",117.0,"11,317.35","4,515.98","6,336.80","9,329.85","15,954.50",4.501,
2020-09-09,,"1,954.90",5.989,"7,903.10",,"4,567.50","22,267.00",116.71,"11,278.00","4,501.17","6,298.40","9,290.20","15,974.85",4.485,
2020-09-10,,"1,964.30",6.053,"7,945.00",,"4,603.05","22,466.20",118.0,"11,449.25","4,564.93","6,370.00","9,420.25","16,088.70",4.487,
2020-09-11,,"1,947.90",6.041,"7,956.80",,"4,644.85","22,479.95",118.6,"11,464.45","4,576.68","6,408.05","9,446.40","16,199.20",4.479,
2020-09-14,,"1,963.70",6.031,"8,035.35",,"4,740.10","22,101.25",119.5,"11,440.05","4,587.15","6,582.85","9,493.30","16,677.80",4.485,
2020-09-15,,"1,966.20",6.029,"8,033.50",,"4,770.05","22,465.65",120.54,"11,521.80","4,625.53","6,662.10","9,573.35","16,952.85",4.474,
2020-09-16,,"1,970.50",5.992,"8,156.20",,"4,783.75","22,573.55",121.19,"11,604.55","4,655.67","6,683.25","9,632.50","17,019.85",4.448,
2020-09-17,,"1,949.90",6.033,"8,128.65",,"4,788.70","22,320.35",121.6,"11,516.10","4,624.39","6,656.40","9,566.75","16,942.00",4.436,
2020-09-18,,"1,962.10",6.014,"8,161.70",,"4,767.75","22,031.05",122.79,"11,504.95","4,622.42","6,646.20","9,559.50","16,903.55",4.437,
2020-09-21,,"1,910.60",6.016,"7,832.20",,"4,572.85","21,366.80",119.9,"11,250.55","4,504.70","6,419.75","9,313.00","16,359.80",4.439,
2020-09-22,,"1,907.60",6.01,"7,695.25",,"4,496.55","21,139.10",119.34,"11,153.65","4,460.77","6,312.75","9,213.90","16,124.25",4.437,
2020-09-23,,"1,868.40",5.99,"7,690.90",,"4,486.45","21,178.50",119.2,"11,131.85","4,449.64","6,289.35","9,194.35","16,080.15",4.434,
2020-09-24,,"1,876.90",5.992,"7,418.85",,"4,355.30","20,456.85",117.33,"10,805.55","4,328.29","6,156.70","8,944.75","15,935.25",4.431,
2020-09-25,,"1,866.30",6.038,"7,669.50",,"4,534.95","20,982.35",119.45,"11,050.25","4,430.22","6,309.85","9,156.10","16,411.20",4.446,
2020-09-28,,"1,882.30",6.056,"7,902.55",,"4,699.70","21,665.50",120.02,"11,227.55","4,511.68","6,481.50","9,330.25","16,940.75",4.443,
2020-09-29,,"1,910.40",6.037,"7,925.20",,"4,678.70","21,411.30",120.4,"11,222.40","4,507.39","6,473.95","9,319.70","16,918.30",4.431,
2020-09-30,,"1,902.60",6.015,"7,908.10",,"4,666.55","21,451.80",120.85,"11,247.55","4,517.60","6,481.45","9,341.75","16,926.65",4.428,
2020-10-01,,"1,923.40",5.996,"7,966.10",,"4,722.15","22,246.00",121.7,"11,416.95","4,576.12","6,530.10","9,461.70","16,957.45",4.366,
2020-10-02,,"1,914.70",,,,,,,,,,,,,
2020-10-05,,"1,927.00",6.004,"7,957.95",,"4,707.85","22,370.95",122.1,"11,503.35","4,602.88","6,525.00","9,516.30","16,984.95",4.358,
2020-10-06,,"1,915.80",6.026,"8,058.10",,"4,738.65","22,853.70",122.82,"11,662.40","4,656.28","6,560.70","9,622.35","16,990.40",4.388,
2020-10-07,,"1,897.70",6.014,"8,170.05",,"4,717.20","22,964.80",122.64,"11,738.85","4,673.08","6,525.10","9,654.50","16,917.20",4.353,
2020-10-08,,"1,902.70",6.015,"8,183.70",,"4,735.05","23,191.35",123.8,"11,834.60","4,703.66","6,517.95","9,711.80","16,824.25",4.345,
2020-10-09,,"1,933.60",5.937,"8,163.50",,"4,731.10","23,846.80",124.45,"11,914.20","4,724.77","6,502.45","9,750.15","16,691.40",4.271,
2020-10-12,,"1,936.30",5.899,"8,102.50",,"4,688.65","23,712.80",124.0,"11,930.95","4,720.75","6,469.65","9,745.35","16,748.75",4.263,
2020-10-13,,"1,902.20",5.904,"8,052.85",,"4,643.80","23,492.20",124.36,"11,934.50","4,716.96","6,439.25","9,736.45","16,831.55",4.265,
2020-10-14,,"1,915.10",5.9,"8,031.05",,"4,649.45","23,874.65",123.11,"11,971.05","4,729.82","6,429.15","9,763.40","16,860.25",4.266,
2020-10-15,,"1,916.60",5.898,"7,935.35",,"4,550.10","23,072.40",121.98,"11,680.35","4,623.83","6,331.65","9,550.05","16,548.95",4.254,
2020-10-16,,"1,914.00",5.935,"7,959.45",,"4,613.55","23,533.25",122.73,"11,762.45","4,659.58","6,396.00","9,626.25","16,688.60",4.25,
2020-10-19,,"1,919.30",5.94,"7,870.35",,"4,656.80","24,266.75",122.98,"11,873.05","4,702.03","6,434.55","9,709.30","16,724.60",4.247,
2020-10-20,,"1,922.90",5.931,"7,896.70",,"4,690.50","24,311.80",122.86,"11,896.80","4,713.65","6,468.10","9,733.00","16,757.70",4.239,
2020-10-21,,"1,936.90",5.912,"7,878.05",,"4,701.15","24,635.05",122.5,"11,937.65","4,725.32","6,480.15","9,756.60","16,758.85",4.188,
2020-10-22,,"1,912.00",5.915,"7,864.15",,"4,725.15","24,484.15",122.08,"11,896.45","4,718.56","6,524.60","9,745.05","16,872.85",4.19,
2020-10-23,,"1,912.70",5.844,"8,094.60",,"4,757.40","24,478.30",123.05,"11,930.35","4,733.37","6,568.75","9,780.35","16,908.45",4.157,
2020-10-26,,"1,913.20",5.834,"7,833.65",,"4,650.50","24,075.45",121.5,"11,767.75","4,668.68","6,473.55","9,647.65","16,671.00",4.149,
2020-10-27,,"1,919.30",5.846,"7,930.65",,"4,713.15","24,769.50",123.9,"11,889.40","4,717.79","6,546.65","9,748.30","16,954.25",4.194,
2020-10-28,,"1,886.60",5.859,"7,922.75",,"4,648.80","24,232.50",123.11,"11,729.60","4,657.59","6,493.25","9,632.35","16,954.10",4.209,
2020-10-29,,"1,875.20",5.881,"7,846.75",,"4,625.20","24,092.00",123.15,"11,670.80","4,641.54","6,469.30","9,593.40","17,056.95",4.19,
2020-10-30,,"1,887.20",,"7,758.40",,"4,666.05","23,900.90",123.07,"11,642.40","4,634.99","6,494.70","9,581.65","17,165.85",,
2020-11-02,,"1,899.70",5.89,"7,732.25",,"4,716.90","24,892.50",121.9,"11,669.15","4,645.61","6,507.25","9,595.95","16,985.65",4.187,
2020-11-03,,"1,917.40",5.898,"7,848.85",,"4,748.45","25,682.80",122.81,"11,813.50","4,695.95","6,555.70","9,696.30","16,980.10",4.179,
2020-11-04,,"1,903.10",5.886,"7,901.75",,"4,773.15","25,771.60",123.6,"11,908.50","4,732.24","6,588.35","9,764.60","17,099.60",4.171,
2020-11-05,,"1,953.80",5.86,"7,995.50",,"4,882.45","26,313.10",124.33,"12,120.30","4,814.26","6,703.75","9,935.35","17,384.40",4.144,
2020-11-06,,"1,959.10",5.871,"8,006.10",,"4,926.50","26,798.95",125.0,"12,263.55","4,861.79","6,748.45","10,033.50","17,481.45",4.115,
2020-11-09,,"1,860.60",5.876,"8,067.65",,"4,979.35","27,534.10",126.75,"12,461.05","4,934.48","6,803.85","10,176.35","17,643.00",4.112,
2020-11-10,,"1,883.00",5.916,"8,127.25",,"5,020.05","28,606.00",123.3,"12,631.10","4,982.63","6,817.10","10,269.00","17,237.80",4.147,
2020-11-11,,"1,868.10",5.903,"8,255.20",,"5,048.55","28,845.00",124.75,"12,749.15","5,025.64","6,834.60","10,356.50","17,470.15",4.144,
2020-11-12,,"1,880.20",5.903,"8,284.05",,"5,069.20","28,278.80",125.52,"12,690.80","5,015.40","6,870.65","10,342.70","17,705.05",4.102,
2020-11-13,,"1,893.00",5.878,"8,308.90",,"5,105.70","28,465.70",126.34,"12,719.95","5,035.47","6,935.20","10,387.20","17,958.25",4.103,
2020-11-14,,,,,,,"28,594.30",,"12,780.25","5,060.23",,,"18,080.00",,
2020-11-16,,"1,894.10",,,,,,,,,,,,,
2020-11-17,,"1,891.30",5.877,"8,425.55",,"5,188.05","29,181.30",126.1,"12,874.20","5,099.48","7,062.35","10,524.00","18,242.15",4.071,
2020-11-18,,"1,879.20",5.878,"8,686.60",,"5,275.95","29,749.85",125.88,"12,938.25","5,130.23","7,163.65","10,588.35","18,305.10",4.063,
2020-11-19,,"1,866.90",5.876,"8,628.30",,"5,245.80","28,903.05",126.64,"12,771.70","5,071.61","7,131.70","10,477.50","18,157.30",4.015,
2020-11-20,,"1,878.20",5.877,"8,684.75",,"5,291.45","29,236.00",127.05,"12,859.05","5,109.79","7,194.85","10,560.55","18,466.65",3.971,
2020-11-23,,"1,844.10",5.9,"8,738.60",,"5,365.55","29,024.20",128.48,"12,926.45","5,143.89","7,279.50","10,635.95","18,875.05",3.943,
2020-11-24,,"1,810.90",5.88,"8,887.95",,"5,410.55","29,737.25",129.17,"13,055.15","5,191.29","7,340.00","10,733.60","19,019.50",3.895,
2020-11-25,,"1,811.20",5.885,"8,738.45",,"5,334.45","29,196.40",127.96,"12,858.40","5,113.67","7,227.55","10,574.95","18,610.55",3.891,
2020-11-26,,"1,788.10",5.872,"8,767.75",,"5,411.60","29,549.75",127.39,"12,987.00","5,164.56","7,278.15","10,674.05","18,660.40",3.902,
2020-11-27,,"1,792.10",5.911,"8,891.60",,"5,557.90","29,609.05",129.48,"12,968.95","5,173.42","7,455.60","10,719.05","19,075.85",3.918,
2020-11-30,,"1,784.80",,,,,,,,,,,,,
2020-12-01,,"1,822.80",5.93,"8,987.15",,"5,590.80","29,817.85",130.0,"13,109.05","5,231.99","7,521.30","10,835.15","19,159.55",3.924,
2020-12-02,,"1,833.90",5.92,"9,093.70",,"5,613.60","29,463.15",130.81,"13,113.75","5,245.03","7,566.80","10,858.15","19,205.30",3.925,
2020-12-03,,"1,844.70",5.932,"9,245.30",,"5,665.70","29,448.75",131.96,"13,133.90","5,262.19","7,597.80","10,893.60","19,220.05",3.952,
2020-12-04,,"1,844.00",5.897,"9,302.20",,"5,696.00","30,052.40",131.8,"13,258.55","5,304.93","7,625.90","10,978.85","19,268.10",3.861,
2020-12-07,,"1,870.10",5.924,"9,311.10",,"5,755.65","30,211.55",133.4,"13,355.75","5,348.29","7,706.60","11,070.25","19,236.20",3.922,
2020-12-08,,"1,879.10",5.939,"9,297.85",,"5,758.30","30,261.90",133.1,"13,392.95","5,358.64","7,701.55","11,088.65","19,214.10",3.939,
2020-12-09,,"1,842.60",5.917,"9,293.30",,"5,783.80","30,709.40",133.79,"13,529.10","5,401.67","7,745.05","11,181.20","19,230.50",3.95,
2020-12-10,,"1,841.50",5.916,"9,200.85",,"5,724.45","30,510.35",134.13,"13,478.30","5,383.36","7,688.15","11,141.35","19,211.35",3.931,
2020-12-11,,"1,847.60",5.956,"9,188.95",,"5,742.75","30,604.85",134.0,"13,513.85","5,397.33","7,705.05","11,171.40","19,255.45",3.921,
2020-12-14,,"1,836.10",5.946,"9,093.10",,"5,789.90","30,745.90",135.1,"13,558.15","5,417.78","7,749.10","11,215.25","19,257.10",3.912,
2020-12-15,,"1,859.40",5.941,"9,149.75",,"5,834.75","30,691.05",134.7,"13,567.85","5,421.56","7,771.35","11,223.90","19,300.30",3.903,
2020-12-16,,"1,863.00",5.944,"9,239.10",,"5,905.90","30,698.40",135.82,"13,682.70","5,467.84","7,858.70","11,320.10","19,495.80",3.874,
2020-12-17,,"1,894.50",5.952,"9,185.20",,"5,883.20","30,847.05",135.9,"13,740.70","5,479.96","7,843.30","11,346.35","19,617.05",3.881,
2020-12-18,,"1,893.00",5.959,"9,168.65",,"5,861.50","30,714.65",136.83,"13,760.55","5,486.70","7,831.75","11,355.00","19,577.80",3.879,
2020-12-21,,"1,887.00",5.957,"8,745.00",,"5,536.65","29,456.45",132.66,"13,328.40","5,299.59","7,492.05","10,964.25","18,873.05",3.962,
2020-12-22,,"1,874.50",5.951,"8,818.60",,"5,598.50","29,625.95",134.63,"13,466.30","5,358.15","7,538.50","11,075.75","19,111.25",3.886,
2020-12-23,,"1,882.30",5.95,"8,935.95",,"5,757.45","29,883.30",136.8,"13,601.10","5,427.00","7,711.85","11,225.55","19,413.85",3.872,
2020-12-24,,"1,887.40",5.929,"8,978.05",,"5,741.45","30,402.20",137.29,"13,749.25","5,476.83","7,733.60","11,325.25","19,521.20",3.887,
2020-12-28,,"1,884.80",5.925,"9,066.85",,"5,822.80","30,880.95",137.92,"13,873.20","5,526.81","7,813.85","11,434.70","19,733.90",3.878,
2020-12-29,,"1,887.30",5.927,"9,043.90",,"5,814.15","31,322.50",137.37,"13,932.60","5,543.81","7,806.95","11,467.00","19,705.00",3.9,
2020-12-30,,"1,897.80",5.899,"9,164.80",,"5,830.55","31,303.05",138.3,"13,981.95","5,563.18","7,833.20","11,509.65","19,770.70",3.885,
2020-12-31,,"1,899.60",5.894,"9,193.50",,"5,872.60","31,264.05",138.2,"13,981.75","5,567.94","7,862.90","11,518.30","19,836.80",3.865,
2021-01-01,,,5.898,"9,272.50",,"5,965.70","31,225.85",138.98,"14,018.50","5,593.45","7,953.30","11,574.85","20,096.30",3.869,
2021-01-04,,"1,951.10",5.858,"9,417.95",,"6,086.25","31,212.45",140.47,"14,132.90","5,651.94","8,068.05","11,691.80","20,326.15",3.865,
2021-01-05,,"1,958.80",5.85,"9,416.05",,"6,141.40","31,722.25",140.94,"14,199.50","5,687.76","8,131.15","11,767.00","20,497.40",3.861,
2021-01-06,,"1,913.00",5.894,"9,379.55",,"6,191.70","31,797.90",140.65,"14,146.25","5,674.94","8,160.60","11,737.90","20,531.30",3.888,
2021-01-07,,"1,918.00",5.892,"9,429.65",,"6,320.70","31,956.00",141.23,"14,137.35","5,687.37","8,264.00","11,766.10","20,666.55",3.889,
2021-01-08,,"1,839.70",5.892,"9,741.25",,"6,389.70","32,084.20",143.51,"14,347.25","5,764.27","8,349.10","11,925.60","20,718.50",3.903,
2021-01-11,,"1,854.90",5.924,"9,995.60",,"6,359.75","31,998.90",145.6,"14,484.75","5,805.65","8,332.70","12,006.50","20,606.40",4.046,
2021-01-12,,"1,848.20",5.931,"10,119.85",,"6,427.70","32,339.00",145.56,"14,563.45","5,833.50","8,371.95","12,058.35","20,560.95",4.2,
2021-01-13,,"1,858.80",5.947,"10,208.55",,"6,385.15","32,574.65",144.54,"14,564.85","5,825.19","8,328.30","12,041.10","20,389.75",4.196,
2021-01-14,,"1,855.40",5.924,"10,238.30",,"6,390.90","32,519.75",145.44,"14,595.60","5,838.09","8,335.15","12,069.50","20,502.30",4.193,
2021-01-15,,"1,833.70",5.988,"10,178.30",,"6,328.30","32,246.80",142.38,"14,433.70","5,771.26","8,246.85","11,931.20","20,265.05",4.181,
2021-01-18,,"1,840.20",5.957,"9,961.10",,"6,164.40","31,811.75",140.37,"14,281.30","5,695.66","8,091.95","11,776.20","19,894.60",4.194,
2021-01-19,,"1,844.00",5.936,"10,136.80",,"6,347.30","32,424.85",141.79,"14,521.15","5,797.67","8,266.15","11,981.85","20,149.95",4.212,
2021-01-20,,"1,870.20",5.942,"10,369.25",,"6,437.15","32,543.70",143.38,"14,644.70","5,845.46","8,341.65","12,078.35","20,292.05",4.208,
2021-01-21,,"1,869.30",5.956,"10,367.75",,"6,331.75","32,186.90",143.82,"14,590.35","5,814.60","8,255.00","12,015.95","20,188.10",4.22,
2021-01-22,,"1,859.90",5.939,"10,515.85",,"6,244.00","31,167.25",141.55,"14,371.90","5,734.47","8,151.20","11,854.50","19,951.00",4.215,
2021-01-25,,"1,859.00",5.954,"10,433.50",,"6,183.60","31,198.40",140.76,"14,238.90","5,680.70","8,064.30","11,743.70","19,835.45",4.213,
2021-01-26,,"1,854.80",,,,,,,,,,,,,
2021-01-27,,"1,848.90",5.954,"10,210.25",,"6,069.15","30,284.55",139.05,"13,967.50","5,581.67","7,948.90","11,546.35","19,737.85",4.214,
2021-01-28,,"1,843.70",5.933,"10,105.60",,"6,046.30","30,358.30",137.93,"13,817.55","5,532.33","7,900.75","11,442.55","19,571.60",4.195,
2021-01-29,,"1,852.70",5.949,"9,813.15",,"6,002.65","30,565.50",135.2,"13,634.60","5,460.65","7,883.40","11,302.40","19,275.45",4.187,
2021-02-01,,"1,866.00",6.06,"10,227.95",,"6,279.45","33,089.05",136.61,"14,281.20","5,695.11","8,118.05","11,770.15","19,560.30",4.706,
2021-02-02,,"1,835.80",6.127,"10,638.60",,"6,468.70","34,267.90",139.44,"14,647.85","5,833.28","8,305.10","12,053.25","19,832.55",4.661,
2021-02-03,,"1,837.60",6.084,"10,749.15",,"6,584.60","34,758.45",141.09,"14,789.95","5,892.07","8,420.20","12,174.05","20,196.80",4.588,
2021-02-04,,"1,793.80",6.074,"10,867.10",,"6,698.35","35,344.80",141.29,"14,895.65","5,944.32","8,525.95","12,285.85","20,489.25",4.584,
2021-02-05,,"1,815.60",6.071,"10,723.95",,"6,581.40","35,654.50",141.0,"14,924.25","5,939.27","8,448.35","12,279.85","20,500.05",4.556,
2021-02-08,,"1,836.80",6.04,"11,061.15",,"6,695.90","35,983.65",142.61,"15,115.80","6,017.96","8,576.10","12,441.30","20,671.80",4.553,
2021-02-09,,"1,840.20",6.074,"10,907.60",,"6,674.15","36,056.50",142.71,"15,109.30","6,013.42","8,579.85","12,434.20","20,716.90",4.639,
2021-02-10,,"1,845.60",6.01,"11,010.85",,"6,749.95","35,783.10",142.81,"15,106.50","6,024.39","8,639.85","12,452.45","20,921.20",4.635,
2021-02-11,,"1,829.80",5.962,"10,965.25",,"6,758.45","35,752.10",143.14,"15,173.30","6,050.35","8,655.30","12,514.10","21,215.45",4.538,
2021-02-12,,"1,826.00",5.99,"10,912.25",,"6,739.10","36,108.90",142.84,"15,163.30","6,048.42","8,646.00","12,508.55","21,163.70",4.519,
2021-02-15,,"1,799.00",6.022,"10,956.05",,"6,859.65","37,306.25",143.07,"15,314.70","6,110.87","8,748.80","12,632.05","21,342.00",4.52,
2021-02-16,,"1,801.90",6.022,"10,944.90",,"6,885.50","37,098.40",142.9,"15,313.45","6,117.53","8,794.30","12,647.20","21,498.90",4.517,
2021-02-17,,"1,775.80",6.03,"10,975.45",,"6,907.60","36,910.95",142.5,"15,208.90","6,092.39","8,819.95","12,597.45","21,484.75",4.533,
2021-02-18,,"1,778.00",6.132,"10,827.00",,"6,927.15","36,587.00",142.46,"15,118.95","6,074.82","8,856.65","12,565.70","21,733.65",4.529,
2021-02-19,,"1,780.30",,"10,540.35",,"6,767.75","35,841.60",140.16,"14,981.75","6,009.83","8,737.65","12,438.80","21,423.85",,
2021-02-22,,"1,811.20",6.202,"10,300.00",,"6,665.85","35,257.20",138.1,"14,675.70","5,897.22","8,632.05","12,212.55","21,219.55",4.669,
2021-02-23,,"1,808.60",6.172,"10,379.55",,"6,762.95","35,116.95",137.73,"14,707.80","5,921.67","8,715.85","12,263.70","21,447.70",4.551,
2021-02-24,,"1,800.80",6.147,"10,405.50",,"6,815.40","36,452.30",137.9,"14,982.00","6,015.89","8,800.25","12,455.20","21,560.25",4.552,
2021-02-25,,"1,778.40",6.182,"10,497.95",,"6,959.60","36,549.00",139.97,"15,097.35","6,066.39","8,925.25","12,567.85","21,643.70",4.683,
2021-02-26,,"1,731.60",6.229,"10,169.90",,"6,796.50","34,803.60",135.93,"14,529.15","5,870.35","8,816.05","12,181.40","21,475.10",4.715,
2021-03-01,,"1,725.80",6.209,"10,411.80",,"6,914.00","35,296.00",137.4,"14,761.55","5,961.35","8,950.15","12,368.30","21,856.70",4.738,
2021-03-02,,"1,736.50",6.236,"10,744.05",,"7,033.05","35,419.70",139.11,"14,919.10","6,033.43","9,091.00","12,519.40","22,119.20",4.726,
2021-03-03,,"1,718.70",6.238,"10,673.10",,"7,151.05","36,368.05",142.02,"15,245.60","6,155.19","9,235.70","12,764.80","22,552.95",4.756,
2021-03-04,,"1,703.70",6.212,"10,625.75",,"7,165.00","35,802.50",142.02,"15,080.75","6,112.67","9,281.25","12,688.85","22,669.25",4.744,
2021-03-05,,"1,701.60",6.232,"10,524.40",,"6,964.85","35,228.15",140.29,"14,938.10","6,042.56","9,100.75","12,539.00","22,305.55",4.735,
2021-03-08,,"1,680.80",6.223,"10,507.35",,"6,977.60","35,275.75",140.74,"14,956.20","6,051.99","9,134.40","12,558.95","22,289.10",4.742,
2021-03-09,,"1,719.70",6.206,"10,464.25",,"6,931.65","35,865.65",139.91,"15,098.40","6,084.62","9,100.55","12,617.20","22,215.10",4.786,
2021-03-10,,"1,724.50",6.247,"10,559.30",,"6,996.95","35,938.30",141.67,"15,174.80","6,120.49","9,169.25","12,691.35","22,599.15",4.795,
2021-03-11,,"1,725.20",,,,,,,,,,,,,
2021-03-12,,"1,722.40",6.232,"10,383.90",,"6,964.75","35,496.65",140.68,"15,030.95","6,069.19","9,144.40","12,593.90","22,517.80",4.791,
2021-03-15,,"1,731.80",6.201,"10,335.10",,"6,926.95","35,182.55",139.97,"14,929.50","6,029.75","9,081.95","12,510.15","22,460.35",4.817,
2021-03-16,,"1,733.20",6.18,"10,350.80",,"6,937.05","34,804.60",140.24,"14,910.45","6,030.68","9,109.30","12,512.70","22,616.05",4.805,
2021-03-17,,"1,729.20",6.185,"10,159.10",,"6,741.85","34,229.25",138.65,"14,721.30","5,941.30","8,907.45","12,319.90","22,131.20",4.802,
2021-03-18,,"1,734.60",6.202,"10,143.95",,"6,650.50","33,856.80",136.13,"14,557.85","5,872.86","8,783.10","12,174.45","21,834.75",4.752,
2021-03-19,,"1,743.90",6.193,"10,186.50",,"6,753.25","34,161.60",136.87,"14,744.00","5,945.22","8,857.30","12,314.50","22,161.70",4.695,
2021-03-22,,"1,740.40",6.18,"10,140.45",,"6,797.10","33,603.45",138.79,"14,736.40","5,954.64","8,929.00","12,338.60","22,476.45",4.635,
2021-03-23,,"1,727.50",6.144,"10,187.65",,"6,862.70","34,184.40",140.4,"14,814.75","5,991.36","8,991.30","12,417.30","22,819.95",4.585,
2021-03-24,,"1,735.50",6.152,"9,925.25",,"6,694.65","33,293.25",139.97,"14,549.40","5,887.15","8,828.45","12,197.20","22,517.65",4.582,
2021-03-25,,"1,727.30",6.131,"9,651.35",,"6,550.95","33,006.45",137.68,"14,324.90","5,790.44","8,669.85","11,993.30","22,007.80",4.588,
2021-03-26,,"1,734.70",6.123,"9,771.50",,"6,681.20","33,318.20",138.48,"14,507.30","5,865.06","8,802.25","12,148.90","22,233.80",4.581,
2021-03-29,,"1,714.60",,,,,,,,,,,,,
2021-03-30,,"1,687.90",6.143,"9,865.00",,"6,761.80","33,875.10",141.91,"14,845.10","5,981.82","8,954.05","12,387.90","22,563.85",4.624,
2021-03-31,,"1,717.50",6.177,"9,862.45",,"6,772.10","33,303.90",141.63,"14,690.70","5,942.18","8,988.90","12,313.70","22,648.20",4.537,
2021-04-01,,"1,730.30",,"10,022.60",,"6,917.35","33,858.00",143.35,"14,867.35","6,020.12","9,129.65","12,479.00","23,287.50",,
2021-04-05,,"1,730.70",6.123,"9,768.05",,"6,767.70","32,678.85",142.83,"14,637.80","5,933.71","9,004.60","12,298.60","23,512.40",4.485,
2021-04-06,,"1,745.00",6.122,"9,781.35",,"6,816.40","32,501.35",143.68,"14,683.50","5,960.18","9,062.00","12,358.10","23,993.60",4.415,
2021-04-07,,"1,743.60",6.082,"9,937.00",,"6,908.60","32,991.20",145.2,"14,819.05","6,018.20","9,171.85","12,481.30","24,165.70",4.552,
2021-04-08,,"1,760.30",6.031,"9,959.35",,"6,941.80","32,782.85",146.7,"14,873.80","6,045.26","9,226.95","12,541.65","24,304.60",4.631,
2021-04-09,,"1,746.80",6.017,"9,922.95",,"6,906.70","32,448.05",148.23,"14,834.85","6,035.67","9,240.75","12,527.40","24,657.50",4.622,
2021-04-12,,"1,734.60",6.011,"9,415.65",,"6,417.65","30,792.00",145.79,"14,310.80","5,797.42","8,762.30","12,024.10","23,387.55",4.652,
2021-04-13,,"1,749.50",,"9,818.30",,"6,597.55","31,771.60",144.11,"14,504.80","5,877.04","8,887.35","12,186.70","23,601.40",,
2021-04-14,,"1,738.20",,,,,,,,,,,,,
2021-04-15,,"1,768.80",6.126,"9,691.45",,"6,562.60","32,112.85",143.95,"14,581.45","5,904.22","8,890.30","12,237.60","23,702.65",4.639,
2021-04-16,,"1,782.20",6.088,"9,808.95",,"6,613.55","31,977.45",146.55,"14,617.85","5,932.30","8,982.10","12,298.05","24,108.90",4.63,
2021-04-19,,"1,772.70",6.081,"9,532.15",,"6,441.70","31,208.40",144.98,"14,359.45","5,825.83","8,808.85","12,076.45","23,778.20",4.602,
2021-04-20,,"1,780.40",6.074,"9,630.70",,"6,469.25","31,112.70",143.88,"14,296.40","5,812.12","8,828.40","12,055.40","23,834.30",4.601,
2021-04-21,,"1,795.20",,,,,,,,,,,,,
2021-04-22,,"1,784.00",6.05,"9,644.55",,"6,506.95","31,782.60",144.13,"14,406.15","5,849.31","8,863.70","12,132.05","24,055.55",4.529,
2021-04-23,,"1,779.90",6.035,"9,596.95",,"6,512.90","31,722.30",142.94,"14,341.35","5,833.71","8,892.85","12,105.60","24,120.20",4.445,
2021-04-26,,"1,782.30",6.038,"9,641.45",,"6,565.05","32,275.15",143.16,"14,485.00","5,886.81","8,963.15","12,216.85","24,217.25",4.432,
2021-04-27,,"1,781.00",6.055,"9,708.20",,"6,659.90","32,735.35",144.09,"14,653.05","5,955.21","9,092.85","12,362.55","24,565.95",4.648,
2021-04-28,,"1,776.10",6.053,"9,871.50",,"6,773.55","33,722.80",144.01,"14,864.55","6,030.52","9,189.30","12,517.95","24,697.75",4.4,
2021-04-29,,"1,770.50",6.059,"9,773.70",,"6,765.50","33,714.50",143.48,"14,894.90","6,037.84","9,168.30","12,532.80","24,681.25",4.457,
2021-04-30,,"1,769.80",6.03,"9,640.85",,"6,725.20","32,781.80",144.46,"14,631.10","5,954.90","9,128.70","12,364.35","24,547.70",4.462,
2021-05-03,,"1,794.00",6.001,"9,662.95",,"6,687.55","32,465.75",145.18,"14,634.15","5,964.28","9,165.90","12,395.25","25,016.05",4.373,
2021-05-04,,"1,778.20",6.015,"9,577.70",,"6,685.85","32,270.35",144.03,"14,496.50","5,918.44","9,137.85","12,300.45","24,859.50",4.401,
2021-05-05,,"1,786.50",5.978,"9,643.05",,"6,745.20","32,783.70",145.5,"14,617.85","5,973.49","9,214.80","12,413.00","25,032.90",4.57,
2021-05-06,,"1,817.90",5.974,"9,815.10",,"6,830.70","32,827.80",146.88,"14,724.80","6,017.17","9,280.05","12,501.90","25,257.25",4.555,
2021-05-07,,"1,833.50",6.015,"9,819.45",,"6,818.65","32,904.50",146.8,"14,823.15","6,046.20","9,249.65","12,563.10","25,207.30",4.56,
2021-05-10,,"1,839.80",6.014,"9,973.05",,"6,918.10","33,142.40",147.57,"14,942.35","6,096.74","9,308.20","12,669.90","25,269.95",4.535,
2021-05-11,,"1,838.10",6.008,"9,995.10",,"6,982.70","32,872.20",147.55,"14,850.75","6,079.79","9,384.05","12,642.25","25,220.75",4.425,
2021-05-12,,"1,824.80",6.01,"10,013.65",,"6,905.10","32,452.30",147.26,"14,696.50","6,028.99","9,323.95","12,537.95","24,986.60",4.301,
2021-05-13,,"1,826.10",,,,,,,,,,,,,
2021-05-14,,"1,840.00",5.986,"9,810.45",,"6,785.10","32,169.55",147.6,"14,677.80","5,998.77","9,188.35","12,472.15","24,543.50",4.501,
2021-05-17,,"1,869.60",5.972,"10,001.70",,"6,911.70","33,459.25",148.38,"14,923.15","6,095.71","9,340.60","12,672.10","25,122.35",4.337,
2021-05-18,,"1,870.10",5.976,"10,324.00",,"7,050.00","33,922.40",149.08,"15,108.10","6,176.35","9,494.85","12,839.10","25,521.70",4.349,
2021-05-19,,"1,883.40",5.975,"10,249.10",,"7,046.60","33,685.20",149.79,"15,030.15","6,158.67","9,495.00","12,809.00","25,588.35",4.387,
2021-05-20,,"1,883.90",5.968,"10,226.40",,"7,026.50","33,334.55",149.96,"14,906.05","6,120.60","9,482.00","12,736.45","25,527.75",4.244,
2021-05-21,,"1,878.90",5.977,"10,312.40",,"7,093.00","34,606.90",150.19,"15,175.30","6,209.51","9,551.50","12,917.85","25,686.60",4.296,
2021-05-24,,"1,886.70",5.972,"10,315.75",,"7,151.65","34,943.60",150.36,"15,197.70","6,229.08","9,621.35","12,962.45","25,975.60",4.308,
2021-05-25,,"1,900.50",5.972,"10,384.30",,"7,132.50","34,662.00",150.95,"15,208.45","6,229.23","9,616.00","12,963.00","25,878.65",4.294,
2021-05-26,,"1,903.80",,"10,437.80",,"7,124.35","34,684.20",150.93,"15,301.45","6,257.55","9,631.25","13,022.20","25,885.95",,
2021-05-27,,"1,900.10",5.987,"10,486.00",,"7,174.60","35,095.05",150.75,"15,337.85","6,277.05","9,683.05","13,066.25","26,167.15",4.295,
2021-05-28,,"1,906.90",6.003,"10,510.25",,"7,200.00","35,141.45",151.98,"15,435.65","6,303.90","9,675.45","13,117.05","26,096.00",4.259,
2021-05-31,,"1,905.00",6.022,"10,491.85",,"7,205.85","35,526.65",152.99,"15,582.80","6,359.30","9,714.95","13,226.35","26,292.35",4.379,
2021-06-01,,"1,906.90",6.025,"10,457.85",,"7,164.00","35,337.20",153.3,"15,574.85","6,354.78","9,696.50","13,210.40","26,309.20",4.475,
2021-06-02,,"1,911.70",6.005,"10,647.75",,"7,280.40","35,373.75",153.79,"15,576.20","6,383.25","9,822.00","13,274.25","26,784.35",4.331,
2021-06-03,,"1,875.20",5.997,"10,647.65",,"7,347.35","35,649.00",154.29,"15,690.35","6,432.65","9,907.55","13,380.50","27,018.20",4.327,
2021-06-04,,"1,893.80",6.028,"10,735.75",,"7,414.50","35,291.65",154.48,"15,670.25","6,436.85","9,974.00","13,393.90","27,226.50",4.336,
2021-06-07,,"1,900.60",6.022,"10,806.55",,"7,513.55","35,443.65",155.2,"15,751.65","6,474.38","10,097.95","13,479.65","27,381.50",4.306,
2021-06-08,,"1,896.40",6.006,"10,873.90",,"7,521.70","35,085.30",156.35,"15,740.10","6,481.80","10,162.60","13,496.55","27,765.05",4.287,
2021-06-09,,"1,897.50",6.016,"10,734.40",,"7,469.70","34,800.50",155.78,"15,635.35","6,435.65","10,088.95","13,396.40","27,406.55",4.283,
2021-06-10,,"1,898.30",6.019,"10,722.70",,"7,589.30","35,131.20",157.47,"15,737.75","6,490.16","10,236.95","13,517.20","27,771.20",4.321,
2021-06-11,,"1,881.70",6.006,"10,765.50",,"7,604.75","35,047.40",157.48,"15,799.35","6,512.69","10,262.40","13,563.85","27,843.40",4.241,
2021-06-14,,"1,867.90",6.004,"10,753.10",,"7,572.00","34,950.60",157.56,"15,811.85","6,509.72","10,233.45","13,554.15","27,557.30",4.427,
2021-06-15,,"1,858.40",6.04,"10,754.40",,"7,623.80","35,247.75",159.04,"15,869.25","6,534.22","10,292.10","13,607.80","27,537.15",4.28,
2021-06-16,,"1,863.40",6.045,"10,669.45",,"7,538.75","35,003.50",158.39,"15,767.55","6,486.77","10,200.75","13,510.60","27,143.60",4.478,
2021-06-17,,"1,776.70",6.019,"10,523.00",,"7,432.40","34,605.40",157.38,"15,691.40","6,445.05","10,096.00","13,425.15","26,737.90",4.416,
2021-06-18,,"1,770.90",6.006,"10,443.75",,"7,347.60","34,558.00",156.31,"15,683.35","6,428.13","10,004.40","13,386.55","26,596.40",4.378,
2021-06-21,,"1,784.80",6.029,"10,401.15",,"7,410.15","34,871.30",157.08,"15,746.50","6,460.76","10,067.80","13,456.10","26,968.55",4.427,
2021-06-22,,"1,779.30",6.025,"10,540.45",,"7,393.85","34,745.00",157.88,"15,772.75","6,475.72","10,084.45","13,491.10","27,204.00",4.493,
2021-06-23,,"1,785.30",6.018,"10,588.50",,"7,384.40","34,574.00",156.81,"15,686.95","6,442.28","10,071.65","13,423.35","26,953.30",4.5,
2021-06-24,,"1,778.70",6.012,"10,618.45",,"7,352.50","34,827.00",156.6,"15,790.45","6,465.54","10,047.15","13,468.25","26,905.50",4.523,
2021-06-25,,"1,779.80",6.028,"10,706.80",,"7,477.30","35,364.65",156.92,"15,860.35","6,501.20","10,137.30","13,539.40","27,106.20",4.55,
2021-06-28,,"1,782.70",6.056,"10,709.90",,"7,520.25","35,359.45",157.95,"15,814.70","6,497.06","10,187.75","13,533.05","27,098.15",4.449,
2021-06-29,,"1,765.40",6.036,"10,612.25",,"7,474.20","35,010.30",157.37,"15,748.45","6,470.06","10,144.60","13,481.95","27,075.30",4.586,
2021-06-30,,"1,773.50",6.051,"10,600.35",,"7,474.80","34,772.20",158.25,"15,721.50","6,463.77","10,182.05","13,473.55","27,135.00",4.593,
2021-07-01,,"1,778.50",6.039,"10,687.70",,"7,439.55","34,684.00",158.84,"15,680.00","6,450.49","10,160.45","13,454.10","27,096.40",4.342,
2021-07-02,,"1,785.20",6.065,"10,685.50",,"7,438.80","34,809.90",158.66,"15,722.20","6,468.00","10,224.15","13,494.45","27,112.05",4.348,
2021-07-05,,"1,794.20",6.088,"10,746.45",,"7,517.40","35,212.00",159.5,"15,834.35","6,510.00","10,266.55","13,585.75","27,039.45",4.365,
2021-07-06,,"1,795.90",6.175,"10,559.70",,"7,511.50","35,579.15",159.01,"15,818.25","6,504.80","10,275.45","13,574.15","26,977.45",4.393,
2021-07-07,,"1,803.90",6.164,"10,552.50",,"7,578.65","35,771.30",159.9,"15,879.65","6,530.08","10,323.60","13,631.00","27,007.70",4.376,
2021-07-08,,"1,801.90",6.124,"10,456.00",,"7,523.60","35,274.10",159.2,"15,727.90","6,477.77","10,281.80","13,532.70","26,989.60",4.32,
2021-07-09,,"1,812.10",6.186,"10,420.30",,"7,583.80","35,071.95",159.49,"15,689.80","6,474.55","10,329.35","13,527.95","27,146.20",4.314,
2021-07-12,,"1,807.60",6.22,"10,438.20",,"7,623.00","35,198.90",159.9,"15,692.60","6,480.58","10,371.65","13,549.00","27,264.15",4.337,
2021-07-13,,"1,811.70",6.103,"10,497.80",,"7,641.10","35,673.40",160.0,"15,812.35","6,517.65","10,401.20","13,628.85","27,407.45",4.314,
2021-07-14,,"1,826.70",6.109,"10,467.90",,"7,654.50","35,668.25",160.79,"15,853.95","6,532.26","10,435.85","13,661.10","27,522.80",4.297,
2021-07-15,,"1,830.80",6.117,"10,426.00",,"7,672.20","35,907.65",161.17,"15,924.20","6,558.02","10,472.30","13,720.35","28,137.90",4.286,
2021-07-16,,"1,816.70",6.13,"10,428.45",,"7,707.95","35,751.80",161.79,"15,923.40","6,565.20","10,501.05","13,742.35","28,361.35",4.286,
2021-07-19,,"1,810.90",6.127,"10,310.90",,"7,630.55","35,079.20",161.32,"15,752.40","6,503.33","10,434.45","13,619.85","28,055.70",4.395,
2021-07-20,,"1,813.10",6.119,"10,222.20",,"7,503.40","34,415.45",161.74,"15,632.10","6,447.70","10,292.80","13,495.60","27,691.55",4.257,
2021-07-21,,"1,805.10",,,,,,,,,,,,,
2021-07-22,,"1,807.10",6.138,"10,235.80",,"7,588.25","34,677.30",163.86,"15,824.05","6,529.73","10,404.70","13,670.20","28,359.25",4.119,
2021-07-23,,"1,803.60",6.165,"10,201.35",,"7,574.35","35,034.40",163.41,"15,856.05","6,539.30","10,418.50","13,687.00","28,522.80",4.245,
2021-07-26,,"1,801.10",6.169,"10,137.95",,"7,549.05","34,949.70",165.76,"15,824.45","6,530.79","10,423.15","13,675.10","28,502.15",4.228,
2021-07-27,,"1,801.70",6.178,"10,094.35",,"7,495.95","34,797.45",162.98,"15,746.45","6,497.40","10,376.15","13,610.30","28,468.90",4.234,
2021-07-28,,"1,801.80",6.188,"10,000.40",,"7,470.90","34,532.90",161.19,"15,709.40","6,484.65","10,335.35","13,579.15","28,289.35",4.239,
2021-07-29,,"1,835.80",6.198,"9,956.65",,"7,553.85","34,691.50",161.57,"15,778.45","6,515.09","10,411.35","13,643.75","28,418.85",4.245,
2021-07-30,,"1,817.20",6.204,"10,048.50",,"7,658.40","34,584.35",163.51,"15,763.05","6,522.86","10,506.15","13,664.25","28,513.05",4.228,
2021-08-02,,"1,822.20",6.197,"10,183.45",,"7,778.85","34,710.00",163.96,"15,885.15","6,579.31","10,644.90","13,783.70","28,778.80",4.608,
2021-08-03,,"1,814.10",6.2,"10,342.60",,"7,778.55","35,207.45",165.0,"16,130.75","6,661.67","10,666.15","13,939.20","28,862.50",4.577,
2021-08-04,,"1,814.50",6.199,"10,246.80",,"7,686.05","36,028.05",163.73,"16,258.80","6,683.59","10,561.70","13,969.35","28,762.00",4.57,
2021-08-05,,"1,808.90",6.207,"10,224.90",,"7,694.10","35,834.75",164.88,"16,294.60","6,693.47","10,564.40","13,981.55","28,791.10",4.558,
2021-08-06,,"1,763.10",6.234,"10,249.50",,"7,683.00","35,809.25",164.25,"16,238.20","6,679.14","10,567.40","13,954.65","28,932.85",4.57,
2021-08-09,,"1,726.50",6.221,"10,239.00",,"7,584.05","36,028.95",164.15,"16,258.25","6,671.12","10,498.40","13,935.05","28,596.70",4.568,
2021-08-10,,"1,731.70",6.233,"10,158.75",,"7,458.40","36,034.10",163.86,"16,280.10","6,660.83","10,379.65","13,892.75","28,003.40",4.544,
2021-08-11,,"1,753.30",6.236,"10,140.40",,"7,478.10","35,806.40",163.37,"16,282.25","6,656.44","10,336.30","13,876.55","27,892.60",4.541,
2021-08-12,,"1,751.80",6.226,"10,180.55",,"7,560.65","35,937.05",164.59,"16,364.40","6,695.85","10,443.10","13,971.95","28,388.10",4.55,
2021-08-13,,"1,778.20",6.241,"10,178.30",,"7,514.65","36,169.35",165.85,"16,529.10","6,742.07","10,430.15","14,065.30","28,437.05",4.539,
2021-08-16,,"1,789.80",,"10,088.80",,"7,485.65","36,094.50",165.44,"16,563.05","6,750.29","10,394.75","14,070.80","28,463.60",,
2021-08-17,,"1,787.80",6.234,"10,088.30",,"7,462.60","35,867.45",168.48,"16,614.60","6,773.19","10,432.15","14,113.10","28,731.80",4.502,
2021-08-18,,"1,784.40",6.228,"10,067.95",,"7,465.10","35,554.50",168.2,"16,568.85","6,764.86","10,451.65","14,095.55","28,745.85",4.463,
2021-08-19,,"1,783.10",,,,,,,,,,,,,
2021-08-20,,"1,784.00",6.234,"9,904.70",,"7,238.40","35,033.85",170.13,"16,450.50","6,696.90","10,256.75","13,943.95","28,187.75",4.458,
2021-08-23,,"1,806.30",6.243,"9,759.15",,"7,186.80","35,124.40",170.38,"16,496.45","6,699.82","10,179.00","13,930.55","27,903.35",4.476,
2021-08-24,,"1,808.50",6.25,"9,832.80",,"7,315.45","35,712.10",169.37,"16,624.60","6,760.47","10,304.40","14,063.25","28,371.00",4.477,
2021-08-25,,"1,791.00",6.241,"9,808.65",,"7,309.85","35,586.25",169.81,"16,634.65","6,772.23","10,346.75","14,093.60","28,721.35",4.487,
2021-08-26,,"1,795.20",6.251,"9,763.10",,"7,291.55","35,617.55",169.81,"16,636.90","6,777.02","10,365.15","14,106.95","28,977.10",4.479,
2021-08-27,,"1,819.50",6.254,"9,793.85",,"7,357.95","35,627.80",171.86,"16,705.20","6,817.65","10,463.60","14,192.50","29,314.70",4.47,
2021-08-30,,"1,812.20",6.225,"9,957.90",,"7,501.10","36,347.65",173.59,"16,931.05","6,917.05","10,655.60","14,397.90","29,808.30",4.445,
2021-08-31,,"1,818.10",6.215,"10,034.45",,"7,502.95","36,424.60",174.73,"17,132.20","6,995.56","10,726.00","14,555.90","30,213.40",4.442,
2021-09-01,,"1,816.00",6.199,"10,043.90",,"7,585.15","36,574.30",176.15,"17,076.25","6,991.86","10,790.80","14,551.35","30,292.65",4.451,
2021-09-02,,"1,811.50",6.171,"10,022.45",,"7,690.00","36,831.30",178.68,"17,234.15","7,055.14","10,877.95","14,684.35","30,646.30",4.448,
2021-09-03,,"1,833.70",6.156,"10,124.75",,"7,733.80","36,761.15",178.91,"17,323.60","7,090.36","10,920.75","14,759.30","30,836.45",4.426,
2021-09-06,,"1,798.50",6.173,"10,167.25",,"7,757.75","36,592.35",179.69,"17,377.80","7,109.66","10,971.10","14,805.85","30,906.85",4.453,
2021-09-07,,"1,798.50",6.195,"10,152.70",,"7,774.70","36,468.80",180.09,"17,362.10","7,098.97","10,948.75","14,784.25","30,794.40",4.501,
2021-09-08,,"1,793.50",6.188,"10,100.40",,"7,808.05","36,768.20",178.91,"17,353.50","7,104.52","10,990.15","14,803.60","30,937.60",4.481,
2021-09-09,,"1,800.00",6.178,"10,112.60",,"7,829.00","36,683.20",179.53,"17,369.25","7,117.79","11,027.00","14,836.45","31,199.55",4.846,
2021-09-10,,"1,792.10",,,,,,,,,,,,,
2021-09-13,,"1,794.40",6.192,"10,120.15",,"7,864.15","36,471.80",184.46,"17,355.30","7,120.80","11,082.75","14,852.20","31,478.20",4.856,
2021-09-14,,"1,807.10",6.198,"10,209.60",,"8,017.20","36,613.05",181.69,"17,380.00","7,144.69","11,219.15","14,904.35","31,524.00",4.875,
2021-09-15,,"1,794.80",6.163,"10,297.00",,"8,124.15","36,852.25",183.74,"17,519.45","7,202.20","11,328.95","15,020.55","31,722.80",4.833,
2021-09-16,,"1,756.70",6.169,"10,351.45",,"8,189.00","37,668.60",182.4,"17,629.50","7,242.17","11,372.75","15,104.90","31,797.10",4.7,
2021-09-17,,"1,751.40",6.167,"10,351.45",,"8,091.60","37,811.95",183.77,"17,585.15","7,206.66","11,223.50","15,027.25","31,627.35",4.469,
2021-09-20,,"1,763.80",6.138,"10,202.65",,"7,886.90","37,145.70",181.87,"17,396.90","7,112.21","11,011.80","14,826.75","30,922.15",4.71,
2021-09-21,,"1,778.20",6.122,"10,155.95",,"7,949.45","37,235.85",181.89,"17,562.00","7,172.66","11,067.15","14,946.30","31,036.60",4.725,
2021-09-22,,"1,778.80",6.138,"10,284.60",,"8,167.35","36,944.65",182.85,"17,546.65","7,190.87","11,225.30","14,990.55","31,378.60",4.731,
2021-09-23,,"1,749.80",6.14,"10,372.95",,"8,271.65","37,771.70",183.52,"17,822.95","7,295.75","11,370.60","15,205.45","31,768.50",4.522,
2021-09-24,,"1,751.70",6.181,"10,429.05",,"8,184.10","37,830.30",184.35,"17,853.20","7,288.47","11,293.15","15,191.95","31,750.85",4.556,
2021-09-27,,"1,752.00",6.209,"10,765.15",,"8,211.35","38,171.25",181.38,"17,855.10","7,289.43","11,282.30","15,189.05","31,567.40",4.947,
2021-09-28,,"1,737.50",6.228,"10,695.95",,"8,165.70","37,945.00",179.39,"17,748.60","7,242.65","11,209.05","15,095.60","31,331.20",4.962,
2021-09-29,,"1,724.90",6.206,"10,655.50",,"8,257.95","37,743.00",179.67,"17,711.30","7,236.65","11,304.60","15,086.95","31,556.90",4.635,
2021-09-30,,"1,758.50",6.223,"10,598.45",,"8,278.55","37,425.10",178.82,"17,618.15","7,213.46","11,361.35","15,052.65","31,641.80",4.699,
2021-10-01,,"1,760.10",6.244,"10,596.95",,"8,261.75","37,225.90",178.19,"17,532.05","7,191.08","11,372.25","15,013.95","31,624.55",4.69,
2021-10-04,,"1,769.40",6.248,"10,641.15",,"8,413.45","37,579.65",180.23,"17,691.25","7,269.46","11,547.25","15,181.15","32,296.15",4.701,
2021-10-05,,"1,762.80",6.26,"10,692.00",,"8,470.80","37,741.00",180.8,"17,822.30","7,318.95","11,599.15","15,280.10","32,497.80",4.966,
2021-10-06,,"1,763.70",6.276,"10,567.55",,"8,358.05","37,521.55",179.03,"17,646.00","7,248.99","11,501.05","15,134.55","32,336.50",4.981,
2021-10-07,,"1,761.10",6.267,"11,031.80",,"8,553.45","37,753.20",180.35,"17,790.35","7,322.64","11,712.45","15,290.15","32,748.55",4.853,
2021-10-08,,"1,759.40",6.318,"11,079.35",,"8,592.15","37,775.25",181.19,"17,895.20","7,355.03","11,770.30","15,365.20","33,071.55",4.71,
2021-10-11,,"1,757.70",6.34,"11,375.55",,"8,655.50","38,293.80",181.07,"17,945.95","7,381.87","11,835.95","15,428.00","33,080.40",4.703,
2021-10-12,,"1,761.20",6.326,"11,476.10",,"8,729.25","38,521.50",180.55,"17,991.95","7,407.48","11,875.00","15,481.90","32,933.95",4.898,
2021-10-13,,"1,796.70",6.314,"11,870.00",,"8,851.20","38,635.75",181.96,"18,161.75","7,483.57","12,021.60","15,631.40","33,436.65",4.638,
2021-10-14,,"1,799.80",6.328,"11,800.30",,"8,936.15","39,340.90",183.94,"18,338.55","7,550.49","12,096.40","15,769.25","33,913.70",4.957,
2021-10-15,,"1,770.20",,,,,,,,,,,,,
2021-10-18,,"1,767.60",6.387,"11,814.80",,"9,079.80","39,684.80",183.74,"18,477.05","7,606.31","12,218.85","15,886.15","34,172.35",4.711,
2021-10-19,,"1,772.40",,"11,626.85",,"8,878.40","39,540.50",182.28,"18,418.75","7,549.98","11,979.90","15,757.85","33,850.65",,
2021-10-20,,"1,786.80",6.373,"11,493.30",,"8,709.15","39,518.20",179.36,"18,266.60","7,464.65","11,735.80","15,568.65","32,964.95",4.731,
2021-10-21,,"1,783.80",6.338,"11,557.40",,"8,683.75","40,030.20",176.11,"18,178.10","7,427.82","11,668.30","15,487.65","32,529.05",4.755,
2021-10-22,,"1,798.30",6.364,"11,433.95",,"8,635.05","40,323.65",175.12,"18,114.90","7,386.85","11,579.90","15,399.70","31,998.25",5.067,
2021-10-25,,"1,808.80",6.35,"11,228.20",,"8,458.55","41,192.40",172.98,"18,125.40","7,363.80","11,393.65","15,334.35","31,477.00",4.798,
2021-10-26,,"1,795.40",6.362,"11,452.25",,"8,641.65","41,238.30",174.52,"18,268.40","7,436.02","11,586.05","15,499.65","32,196.80",4.823,
2021-10-27,,"1,800.80",6.336,"11,395.15",,"8,660.25","40,874.35",175.48,"18,210.95","7,423.71","11,598.80","15,484.35","32,372.40",4.82,
2021-10-28,,"1,804.70",6.367,"11,260.90",,"8,514.45","39,508.95",173.63,"17,857.25","7,281.69","11,407.35","15,190.85","31,568.20",4.826,
2021-10-29,,"1,785.90",6.388,"11,297.45",,"8,513.50","39,115.60",174.32,"17,671.65","7,229.69","11,390.85","15,086.90","31,388.80",4.83,
2021-11-01,,"1,797.90",6.387,"11,421.00",,"8,680.25","39,763.75",176.35,"17,929.65","7,333.04","11,579.45","15,302.70","31,994.35",5.146,
2021-11-02,,"1,791.50",6.36,"11,521.25",,"8,763.60","39,938.45",175.79,"17,888.95","7,332.54","11,683.65","15,314.65","32,079.05",4.81,
2021-11-03,,"1,766.00",6.357,"11,401.20",,"8,726.15","39,402.05",175.68,"17,829.20","7,318.18","11,654.30","15,282.75","32,140.75",4.819,
2021-11-04,,"1,795.60",,"11,569.80",,"8,789.25","39,573.70",176.33,"17,916.80","7,360.11","11,759.45","15,376.90","32,359.30",,
2021-11-05,,"1,819.00",,,,,,,,,,,,,
2021-11-08,,"1,830.20",6.301,"11,645.75",,"8,929.05","39,438.25",177.84,"18,068.55","7,428.14","11,891.35","15,520.15","32,586.90",4.951,
2021-11-09,,"1,832.90",6.293,"11,766.25",,"9,017.80","39,368.80",178.71,"18,044.25","7,436.59","12,010.80","15,541.95","33,057.90",4.758,
2021-11-10,,"1,850.60",6.336,"11,829.15",,"8,968.70","39,023.25",178.37,"18,017.20","7,427.57","11,965.00","15,521.10","33,153.55",4.746,
2021-11-11,,"1,866.30",6.367,"11,690.15",,"8,883.45","38,560.20",176.84,"17,873.60","7,374.75","11,887.30","15,411.10","33,143.20",5.098,
2021-11-12,,"1,870.80",6.368,"11,706.50",,"8,926.55","38,733.35",178.83,"18,102.75","7,459.61","11,944.30","15,579.00","33,549.35",5.119,
2021-11-15,,"1,869.20",6.342,"11,687.65",,"8,965.00","38,702.35",179.94,"18,109.45","7,464.93","11,985.45","15,592.60","33,705.10",4.759,
2021-11-16,,"1,856.70",6.364,"11,977.30",,"8,940.75","38,307.10",179.17,"17,999.20","7,428.60","11,960.80","15,525.40","33,799.85",4.77,
2021-11-17,,"1,872.80",6.361,"12,061.80",,"8,884.80","38,041.55",178.37,"17,898.65","7,393.97","11,908.55","15,454.95","33,876.95",4.767,
2021-11-18,,"1,864.00",6.345,"11,747.45",,"8,735.00","37,976.25",176.9,"17,764.80","7,324.43","11,733.35","15,302.55","33,312.75",4.779,
2021-11-19,,"1,854.30",,,,,,,,,,,,,
2021-11-22,,"1,809.10",6.351,"11,379.75",,"8,476.45","37,128.80",173.36,"17,416.55","7,171.46","11,406.60","14,976.70","32,401.25",4.757,
2021-11-23,,"1,786.30",6.364,"11,455.70",,"8,636.95","37,272.80",174.76,"17,503.35","7,227.65","11,580.95","15,107.80","33,129.30",4.778,
2021-11-24,,"1,786.90",6.367,"11,308.85",,"8,591.80","37,441.95",173.39,"17,415.05","7,193.36","11,547.60","15,046.50","33,190.25",4.784,
2021-11-25,,"1,785.50",6.367,"11,247.75",,"8,630.50","37,364.75",172.91,"17,536.25","7,242.68","11,600.75","15,150.60","33,517.75",5.143,
2021-11-26,,"1,788.10",6.33,"10,759.60",,"8,302.75","36,025.50",171.56,"17,026.45","7,028.51","11,257.50","14,707.20","32,483.30",5.107,
2021-11-29,,"1,787.10",6.335,"10,704.15",,"8,176.25","35,976.45",171.08,"17,053.95","7,016.18","11,138.65","14,656.45","31,978.40",4.994,
2021-11-30,,"1,778.30",6.326,"10,603.55",,"8,186.30","35,695.30",172.13,"16,983.20","7,004.19","11,223.55","14,648.35","32,234.85",4.728,
2021-12-01,,"1,786.30",6.353,"10,758.15",,"8,302.85","36,364.90",170.36,"17,166.90","7,071.54","11,315.60","14,784.70","32,582.80",5.012,
2021-12-02,,"1,764.70",6.352,"10,873.15",,"8,401.95","36,508.25",173.39,"17,401.65","7,163.12","11,447.95","14,973.95","33,167.35",5.024,
2021-12-03,,"1,785.80",6.369,"10,788.75",,"8,402.15","36,197.15",172.75,"17,196.70","7,099.07","11,426.85","14,856.30","33,049.45",5.094,
2021-12-06,,"1,781.50",6.359,"10,589.80",,"8,300.45","35,735.90",170.12,"16,912.25","6,982.34","11,279.65","14,618.35","32,458.85",4.792,
2021-12-07,,"1,786.80",6.391,"10,759.00",,"8,409.35","36,618.40",170.7,"17,176.70","7,087.66","11,414.80","14,834.50","32,918.05",4.818,
2021-12-08,,"1,787.60",6.347,"11,007.70",,"8,554.70","37,284.70",172.89,"17,469.75","7,201.91","11,585.65","15,073.25","33,552.90",4.752,
2021-12-09,,"1,778.90",6.348,"11,058.75",,"8,592.70","37,082.45",173.61,"17,516.85","7,223.70","11,651.90","15,126.60","33,757.95",5.0,
2021-12-10,,"1,787.00",6.37,"11,080.05",,"8,650.50","37,105.65",174.45,"17,511.30","7,233.48","11,729.10","15,155.00","34,036.70",4.783,
2021-12-13,,"1,790.60",6.37,"11,047.15",,"8,629.40","36,925.25",174.27,"17,368.25","7,187.28","11,725.35","15,064.25","34,090.85",4.78,
2021-12-14,,"1,774.70",6.356,"10,972.15",,"8,593.15","36,893.95",173.97,"17,324.90","7,173.16","11,694.00","15,043.25","34,190.45",4.811,
2021-12-15,,"1,766.90",6.364,"11,026.00",,"8,520.50","36,789.55",173.79,"17,221.40","7,129.35","11,630.40","14,953.10","34,024.55",4.799,
2021-12-16,,"1,800.70",6.374,"10,945.75",,"8,486.15","36,548.65",173.79,"17,248.40","7,126.95","11,558.80","14,936.45","33,956.40",5.138,
2021-12-17,,"1,807.30",6.411,"10,678.65",,"8,267.55","35,618.65",172.42,"16,985.20","7,003.22","11,325.65","14,673.15","33,258.45",4.816,
2021-12-20,,"1,796.90",6.435,"10,405.30",,"7,950.10","34,439.85",169.51,"16,614.20","6,830.40","10,941.55","14,300.70","31,905.20",5.197,
2021-12-21,,"1,791.10",6.468,"10,483.90",,"8,064.60","34,607.85",171.71,"16,770.85","6,905.37","11,083.10","14,461.40","32,483.75",4.943,
2021-12-22,,"1,804.60",6.464,"10,652.55",,"8,202.10","35,029.50",173.51,"16,955.45","6,990.05","11,247.20","14,639.75","33,027.50",4.965,
2021-12-23,,"1,814.00",6.46,"10,731.05",,"8,280.85","35,191.15",175.05,"17,072.60","7,041.23","11,342.65","14,751.45","33,376.35",4.972,
2021-12-24,,,6.462,"10,620.75",,"8,189.55","34,857.05",175.24,"17,003.75","7,002.34","11,232.25","14,664.80","33,255.20",5.302,
2021-12-27,,"1,811.10",6.465,"10,641.65",,"8,204.40","35,057.90",175.42,"17,086.25","7,033.61","11,269.05","14,727.60","33,601.30",5.279,
2021-12-28,,"1,813.30",6.478,"10,783.85",,"8,300.85","35,183.80",177.37,"17,233.25","7,097.24","11,396.50","14,867.85","34,029.10",5.022,
2021-12-29,,"1,808.20",6.461,"10,829.55",,"8,307.25","35,045.40",177.25,"17,213.60","7,090.35","11,412.70","14,863.40","34,118.20",4.97,
2021-12-30,,"1,816.60",6.469,"10,755.65",,"8,297.90","35,063.60",178.1,"17,203.95","7,078.41","11,395.65","14,842.05","34,183.10",5.234,
2021-12-31,,"1,831.00",6.454,"10,936.90",,"8,410.75","35,481.70",180.1,"17,354.05","7,151.17","11,543.55","14,996.20","34,605.05",4.996,
2022-01-03,,"1,802.40",6.46,"11,114.55",,"8,524.30","36,421.90",180.82,"17,625.70","7,250.56","11,673.45","15,204.60","34,945.85",4.968,
2022-01-04,,"1,817.00",6.518,"11,139.40",,"8,559.15","36,840.15",181.2,"17,805.25","7,304.50","11,702.10","15,318.75","35,021.30",4.971,
2022-01-05,,"1,827.50",6.508,"11,256.85",,"8,570.80","37,695.90",181.05,"17,925.25","7,344.67","11,705.05","15,396.40","34,912.50",4.978,
2022-01-06,,"1,791.50",6.525,"11,316.60",,"8,596.20","37,490.25",179.67,"17,745.90","7,292.20","11,698.70","15,290.10","34,947.25",5.005,
2022-01-07,,"1,799.90",6.542,"11,290.90",,"8,647.10","37,739.60",181.33,"17,812.70","7,319.85","11,741.95","15,348.55","35,148.60",4.977,
2022-01-10,,"1,801.30",6.59,"11,501.70",,"8,726.20","38,347.90",181.27,"18,003.30","7,388.73","11,820.40","15,495.55","35,391.15",4.994,
2022-01-11,"10,851.85","1,821.00",6.57,"11,479.70","8,097.05","8,735.60","38,442.20",181.98,"18,055.75","7,407.56","11,839.30","15,530.55","35,302.55",4.94,
2022-01-12,"10,885.70","1,829.80",6.593,"11,645.90","8,178.05","8,840.10","38,727.55",182.81,"18,212.35","7,472.88","11,980.05","15,667.90","35,551.15",4.973,
2022-01-13,"10,929.95","1,823.90",6.561,"11,686.15","8,272.85","8,897.05","38,469.95",182.12,"18,257.80","7,496.64","12,039.90","15,721.05","35,966.10",4.919,
2022-01-14,"11,045.70","1,819.00",6.582,"11,643.05","8,281.35","8,889.55","38,370.40",182.41,"18,255.75","7,496.98","12,036.10","15,730.40","35,989.85",4.911,
2022-01-17,"11,160.85","1,812.40",6.636,"11,881.25","8,328.05","8,900.90","38,216.15",182.98,"18,308.10","7,519.62","12,073.15","15,781.25","36,180.65",4.923,
2022-01-18,"10,961.70","1,814.90",6.627,"11,598.75","8,177.20","8,697.90","38,210.30",179.5,"18,113.05","7,426.86","11,848.70","15,573.10","35,416.25",4.971,
2022-01-19,"10,957.95","1,845.50",6.598,"11,681.40","8,192.00","8,679.50","38,041.35",177.45,"17,938.40","7,373.80","11,830.60","15,472.50","35,470.05",4.984,
2022-01-20,"11,038.25","1,844.90",6.608,"11,583.20","8,153.65","8,655.15","37,850.85",176.2,"17,757.00","7,318.52","11,801.20","15,361.10","35,675.05",4.96,
2022-01-21,"10,805.60","1,834.10",6.62,"11,561.75","8,018.25","8,436.80","37,574.30",173.61,"17,617.15","7,235.74","11,551.65","15,180.80","34,964.90",4.972,
2022-01-24,"10,252.35","1,844.20",6.652,"11,261.20","7,747.90","8,104.60","36,947.55",169.89,"17,149.10","7,021.65","11,125.05","14,712.05","33,319.90",4.99,
2022-01-25,"10,391.70","1,855.00",6.662,"11,522.75","7,843.45","8,213.45","37,706.75",169.43,"17,277.95","7,079.34","11,221.20","14,832.20","33,609.75",4.953,
2022-01-26,,"1,832.00",,,,,,,,,,,,,
2022-01-27,"10,421.10","1,795.00",6.746,"11,561.60","7,767.60","8,144.70","37,982.10",165.25,"17,110.15","7,003.64","11,095.15","14,679.70","32,965.80",5.059,
2022-01-28,"10,491.10","1,789.30",6.768,"11,493.40","7,807.80","8,257.45","37,689.40",167.99,"17,101.95","7,022.68","11,242.35","14,723.25","33,330.45",5.027,
2022-01-31,"10,530.30","1,799.20",6.684,"11,703.50","7,897.70","8,395.40","37,975.35",169.31,"17,339.85","7,120.96","11,413.65","14,921.45","33,759.45",5.008,
2022-02-01,"10,615.25","1,804.30",6.828,"11,616.10","7,997.05","8,472.30","38,505.50",171.54,"17,576.85","7,217.28","11,531.30","15,116.20","34,023.10",5.057,
2022-02-02,"10,795.70","1,813.20",6.88,"11,632.40","8,051.70","8,569.40","39,330.50",173.21,"17,780.00","7,297.00","11,661.70","15,293.35","34,465.60",5.085,
2022-02-03,"10,827.80","1,807.00",6.889,"11,683.40","8,015.25","8,469.90","39,010.00",171.34,"17,560.20","7,216.49","11,547.60","15,135.90","34,139.35",5.098,
2022-02-04,"10,823.15","1,810.80",6.879,"11,560.60","7,990.00","8,382.45","38,789.35",172.25,"17,516.30","7,194.11","11,459.35","15,085.45","34,081.15",5.1,
2022-02-07,"10,761.80","1,824.70",,"11,407.25","7,913.40","8,288.50","37,995.45",169.37,"17,213.60","7,090.34","11,357.55","14,870.60","33,683.00",,
2022-02-08,"10,578.15","1,831.00",6.81,"11,429.80","7,927.65","8,237.20","38,028.45",169.32,"17,266.75","7,090.32","11,268.15","14,857.05","33,225.35",5.115,
2022-02-09,"10,627.00","1,839.70",6.798,"11,680.15","8,038.90","8,364.60","38,610.25",171.41,"17,463.80","7,171.58","11,394.00","15,016.35","33,618.25",5.085,
2022-02-10,"10,629.45","1,840.70",6.725,"11,674.05","8,054.75","8,392.85","39,010.95",171.87,"17,605.85","7,218.87","11,419.95","15,112.20","34,005.90",4.898,
2022-02-11,"10,452.60","1,845.50",6.698,"11,552.90","7,961.95","8,202.10","38,517.25",168.75,"17,374.75","7,117.09","11,197.15","14,891.30","33,311.90",4.804,
2022-02-14,"9,975.60","1,872.80",6.667,"11,107.15","7,698.50","7,880.25","36,908.55",165.3,"16,842.80","6,889.05","10,768.50","14,400.40","31,848.05",4.837,
2022-02-15,"10,120.65","1,859.60",6.673,"11,552.30","7,881.30","8,124.10","38,170.10",169.35,"17,352.45","7,086.37","11,045.45","14,805.55","32,782.95",4.85,
2022-02-16,"10,240.55","1,874.90",6.686,"11,509.70","7,876.60","8,097.70","37,953.80",169.34,"17,322.20","7,076.20","11,027.35","14,789.90","32,776.40",4.852,
2022-02-17,"10,165.45","1,905.30",6.674,"11,492.85","7,875.40","8,069.45","37,531.65",169.25,"17,304.60","7,070.05","10,997.15","14,772.05","32,685.70",4.832,
2022-02-18,"10,084.80","1,903.10",6.663,"11,420.45","7,821.85","7,996.95","37,599.15",168.56,"17,276.30","7,044.67","10,903.35","14,710.70","32,318.45",4.774,
2022-02-21,"9,782.70","1,907.40",6.693,"11,361.60","7,738.65","7,932.60","37,685.60",168.01,"17,206.65","6,998.26","10,778.40","14,597.10","31,783.00",4.798,
2022-02-22,"9,533.45","1,910.70",6.749,"11,343.05","7,686.80","7,868.20","37,371.65",167.09,"17,092.20","6,953.41","10,676.50","14,489.05","31,569.90",4.821,
2022-02-23,"9,711.45","1,913.70",6.739,"11,318.70","7,705.50","7,894.25","37,392.05",167.51,"17,063.25","6,957.39","10,717.00","14,506.95","31,898.10",4.828,
2022-02-24,"9,058.80","1,929.40",6.759,"10,609.80","7,323.75","7,407.65","35,228.10",160.95,"16,247.95","6,608.81","10,138.40","13,775.70","29,935.85",4.851,
2022-02-25,"9,451.80","1,890.80",6.749,"10,895.30","7,582.25","7,735.95","36,430.75",164.77,"16,658.40","6,800.24","10,531.45","14,187.40","31,421.65",4.803,
2022-02-28,"9,555.35","1,904.00",6.77,"10,820.55","7,697.55","7,810.45","36,205.30",166.42,"16,793.90","6,857.93","10,621.00","14,307.95","31,885.30",4.843,
2022-03-01,,"1,947.10",,,,,,,,,,,,,
2022-03-02,"9,584.00","1,925.60",6.814,"10,500.45","7,659.90","7,793.25","35,372.80",165.34,"16,605.95","6,800.78","10,595.85","14,199.80","32,108.20",4.954,
2022-03-03,"9,633.60","1,939.30",6.826,"10,261.10","7,616.00","7,731.05","34,944.30",164.11,"16,498.05","6,766.17","10,567.80","14,135.95","32,456.90",4.961,
2022-03-04,"9,505.25","1,969.90",6.813,"9,896.65","7,452.60","7,552.25","34,407.80",161.0,"16,245.35","6,652.08","10,351.45","13,893.15","31,958.75",4.968,
2022-03-07,"9,245.35","1,999.20",6.888,"9,480.45","7,355.95","7,386.35","32,871.25",157.9,"15,863.15","6,491.94","10,124.05","13,564.25","31,363.05",5.019,
2022-03-08,"9,389.30","2,046.70",6.895,"9,560.00","7,396.05","7,503.60","33,158.10",159.97,"16,013.45","6,557.97","10,231.60","13,706.75","31,715.15",5.016,
2022-03-09,"9,646.35","1,991.70",6.845,"9,832.35","7,512.15","7,671.70","33,815.45",162.54,"16,345.35","6,690.00","10,439.35","13,979.60","32,280.80",5.023,
2022-03-10,"9,761.30","2,004.50",6.809,"10,019.35","7,632.65","7,724.45","34,475.60",165.58,"16,594.90","6,789.77","10,547.65","14,189.00","32,955.20",4.976,
2022-03-11,"9,880.70","1,989.40",6.855,"9,979.70","7,687.70","7,778.25","34,546.25",166.19,"16,630.45","6,810.70","10,604.65","14,237.15","33,122.25",4.994,
2022-03-14,"9,917.30","1,965.50",6.854,"10,074.30","7,699.45","7,806.10","35,312.15",167.3,"16,871.30","6,879.29","10,619.55","14,374.60","33,420.15",4.963,
2022-03-15,"9,780.20","1,934.70",6.821,"10,131.30","7,630.85","7,740.10","35,022.65",166.7,"16,663.00","6,802.74","10,534.25","14,215.85","32,981.70",4.96,
2022-03-16,"9,924.85","1,914.30",6.788,"10,350.10","7,775.15","7,897.10","35,748.25",169.81,"16,975.35","6,933.26","10,739.80","14,481.80","33,510.25",4.984,
2022-03-17,"10,016.50","1,948.20",6.778,"10,576.00","7,898.85","8,008.95","36,428.55",172.47,"17,287.05","7,051.60","10,870.50","14,721.70","34,007.15",4.982,
2022-03-18,,"1,933.90",,,,,,,,,,,,,
2022-03-21,"10,040.70","1,934.80",6.781,"10,448.40","7,892.65","7,953.75","36,018.50",170.09,"17,117.60","6,988.90","10,857.00","14,602.35","34,083.90",4.968,
2022-03-22,"10,067.40","1,926.70",6.831,"10,572.90","7,926.30","7,985.90","36,348.55",169.71,"17,315.50","7,050.44","10,871.50","14,724.05","34,237.60",4.992,
2022-03-23,"10,043.95","1,942.60",6.831,"10,463.45","7,939.40","8,027.55","36,147.35",169.29,"17,245.65","7,034.59","10,909.40","14,695.15","34,409.85",5.0,
2022-03-24,"10,019.50","1,967.70",6.834,"10,412.40","7,970.15","8,087.90","35,527.10",169.36,"17,222.75","7,037.33","10,966.35","14,699.35","34,713.20",5.014,
2022-03-25,"9,946.40","1,959.80",6.811,"10,354.15","7,930.90","8,056.30","35,410.10",167.73,"17,153.00","7,016.46","10,943.65","14,651.70","34,715.10",5.004,
2022-03-28,"9,811.10","1,944.70",6.836,"10,421.60","7,923.60","8,015.10","35,710.50",166.67,"17,222.00","7,031.91","10,926.00","14,675.85","34,637.40",5.006,
2022-03-29,"9,866.65","1,918.00",6.821,"10,416.25","7,978.35","8,044.95","35,847.40",168.5,"17,325.30","7,074.93","10,992.45","14,761.90","34,690.35",5.008,
2022-03-30,"10,014.50","1,944.10",6.784,"10,542.15","7,976.95","8,132.10","36,334.30",169.88,"17,498.25","7,141.35","11,091.80","14,896.90","35,108.45",4.969,
2022-03-31,"10,045.85","1,959.50",6.843,"10,552.10","7,963.05","8,183.75","36,373.60",170.63,"17,464.75","7,136.13","11,131.10","14,894.50","35,463.05",4.972,
2022-04-01,"10,321.95","1,929.20",,"10,676.85","8,028.05","8,308.70","37,148.50",171.76,"17,670.45","7,225.62","11,272.80","15,087.30","35,995.20",,
2022-04-04,"10,543.55","1,939.70",6.898,"10,803.85","8,132.85","8,424.50","38,635.20",173.4,"18,053.40","7,369.86","11,440.00","15,384.20","36,593.55",5.009,
2022-04-05,"10,719.30","1,933.50",6.899,"10,936.50","8,212.45","8,516.45","38,067.90",175.2,"17,957.40","7,368.51","11,609.05","15,390.50","37,078.25",5.005,
2022-04-06,"10,846.75","1,929.30",6.917,"10,906.80","8,228.35","8,563.95","37,632.80",174.04,"17,807.65","7,332.45","11,660.70","15,327.90","37,451.80",5.053,
2022-04-07,"10,775.00","1,944.20",6.914,"10,820.70","8,186.60","8,511.30","37,557.35",173.35,"17,639.55","7,269.88","11,558.00","15,201.25","37,060.00",5.01,
2022-04-08,"10,941.35","1,952.20",7.119,"10,894.30","8,271.40","8,587.50","37,752.05",175.29,"17,784.35","7,338.80","11,666.85","15,342.40","37,268.35",5.161,
2022-04-11,"11,019.95","1,955.00",7.149,"10,882.10","8,279.50","8,618.05","37,613.80",174.8,"17,674.95","7,328.73","11,747.90","15,325.50","37,422.20",5.186,
2022-04-12,"10,873.35","1,983.00",7.189,"10,788.80","8,155.50","8,467.55","37,747.40",173.08,"17,530.30","7,254.72","11,537.65","15,164.70","36,605.30",5.241,
2022-04-13,"10,952.80","1,991.50",7.215,"10,698.30","8,156.85","8,455.40","37,463.40",172.94,"17,475.65","7,240.00","11,527.40","15,138.55","36,352.15",5.226,
2022-04-14,,"1,981.60",,,,,,,,,,,,,
2022-04-18,"10,886.85","1,993.30",7.153,"10,745.75","8,144.70","8,352.25","36,729.00",171.72,"17,173.65","7,136.62","11,395.90","14,926.05","35,680.90",5.404,
2022-04-19,"10,768.80","1,965.80",7.151,"10,615.15","8,075.20","8,253.30","36,341.60",167.06,"16,958.65","7,043.84","11,258.15","14,726.65","34,994.50",5.424,
2022-04-20,"10,828.30","1,962.30",7.105,"10,848.70","8,159.60","8,294.05","36,314.90",169.44,"17,136.55","7,108.01","11,329.80","14,850.30","35,083.90",5.422,
2022-04-21,"10,990.60","1,955.00",7.144,"11,090.55","8,253.70","8,386.70","36,816.10",171.0,"17,392.60","7,205.43","11,447.05","15,053.95","35,782.80",5.448,
2022-04-22,"10,998.40","1,941.40",7.167,"11,028.15","8,155.80","8,299.75","36,044.75",169.91,"17,171.95","7,126.50","11,352.15","14,894.85","35,315.40",5.44,
2022-04-25,"10,778.15","1,903.00",7.043,"10,916.50","7,987.75","8,121.35","36,082.35",167.67,"16,953.95","7,026.67","11,146.25","14,673.00","34,318.15",5.449,
2022-04-26,"10,837.05","1,911.10",7.053,"11,221.75","8,113.65","8,271.75","36,404.80",168.94,"17,200.80","7,136.98","11,307.30","14,898.35","34,687.60",5.44,
2022-04-27,"10,752.75","1,895.60",7.083,"11,158.85","8,061.90","8,194.90","36,028.85",168.52,"17,038.40","7,068.61","11,213.40","14,756.00","34,368.75",5.473,
2022-04-28,"10,731.95","1,898.30",7.155,"11,192.05","8,120.45","8,244.95","36,422.20",170.23,"17,245.05","7,149.19","11,279.45","14,913.90","34,510.50",5.494,
2022-04-29,"10,652.85","1,918.60",7.139,"11,078.10","8,070.50","8,168.85","36,088.15",169.45,"17,102.55","7,087.84","11,201.95","14,783.35","34,333.15",5.492,
2022-05-02,"10,595.80","1,870.60",7.119,"10,938.30","8,036.25","8,120.15","36,163.75",167.96,"17,069.10","7,067.77","11,144.90","14,736.30","33,491.75",5.511,
2022-05-03,,"1,877.80",,,,,,,,,,,,,
2022-05-04,"10,379.80","1,876.20",7.378,"10,661.00","7,828.80","7,933.70","35,264.55",164.19,"16,677.60","6,903.43","10,916.35","14,393.35","32,528.00",5.52,
2022-05-05,"10,363.90","1,883.00",7.403,"10,705.70","7,842.80","7,972.10","35,232.85",163.85,"16,682.65","6,909.95","10,918.90","14,395.50","32,428.95",5.656,
2022-05-06,"10,143.40","1,890.20",7.451,"10,518.45","7,691.00","7,822.05","34,591.20",159.99,"16,411.25","6,791.23","10,731.30","14,145.75","31,866.40",5.855,
2022-05-09,"9,979.45","1,865.90",7.465,"10,483.50","7,592.55","7,668.95","34,275.40",158.73,"16,301.85","6,720.69","10,546.30","13,991.75","31,135.35",6.313,
2022-05-10,"9,709.15","1,848.40",7.301,"10,472.45","7,461.10","7,533.65","34,482.65",158.08,"16,240.05","6,659.46","10,353.80","13,855.95","30,359.50",6.281,
2022-05-11,"9,437.65","1,861.00",7.215,"10,377.40","7,436.45","7,499.50","34,693.15",157.45,"16,167.10","6,630.15","10,283.10","13,771.80","29,484.20",6.218,
2022-05-12,"9,203.30","1,831.60",7.244,"10,164.35","7,275.45","7,317.05","33,532.15",155.33,"15,808.00","6,479.56","10,062.45","13,465.25","28,655.65",5.859,
2022-05-13,"9,350.25","1,814.80",7.318,"10,412.35","7,331.85","7,351.95","33,121.35",156.18,"15,782.15","6,475.21","10,161.85","13,471.50","28,931.75",6.097,
2022-05-16,"9,461.50","1,820.40",,"10,649.10","7,389.85","7,468.95","33,597.60",155.43,"15,842.30","6,520.11","10,291.30","13,571.20","29,340.10",,
2022-05-17,"9,764.00","1,825.40",7.366,"10,911.15","7,606.15","7,662.15","34,301.90",158.19,"16,259.30","6,689.61","10,551.05","13,926.05","30,569.10",6.345,
2022-05-18,"9,790.20","1,822.40",7.355,"10,909.45","7,614.75","7,647.65","34,163.70",159.02,"16,240.30","6,683.46","10,538.20","13,918.20","30,699.20",6.356,
2022-05-19,"9,583.15","1,847.80",7.32,"10,618.00","7,421.50","7,422.75","33,315.65",154.7,"15,809.40","6,506.76","10,251.80","13,550.90","29,591.65",6.323,
2022-05-20,"9,841.05","1,848.40",7.359,"10,914.60","7,626.95","7,591.60","34,276.40",157.85,"16,266.15","6,673.67","10,460.55","13,895.05","29,946.80",6.356,
2022-05-23,"9,766.50","1,853.90",7.386,"11,115.20","7,537.00","7,569.20","34,247.60",158.34,"16,214.70","6,646.68","10,418.75","13,835.80","29,743.80",6.323,
2022-05-24,"9,625.95","1,871.40",7.359,"11,116.30","7,497.60","7,533.60","34,290.15",155.8,"16,125.15","6,606.46","10,354.25","13,747.25","29,507.65",6.29,
2022-05-25,"9,307.85","1,852.50",7.305,"11,011.50","7,380.80","7,395.70","34,339.50",153.46,"16,025.80","6,540.01","10,118.65","13,587.75","28,449.90",6.32,
2022-05-26,"9,345.85","1,853.90",7.294,"11,097.15","7,432.25","7,488.55","35,094.90",154.94,"16,170.15","6,607.37","10,238.75","13,722.55","28,684.95",6.287,
2022-05-27,"9,444.55","1,865.00",7.35,"11,270.25","7,510.00","7,594.15","35,613.30",156.51,"16,352.45","6,679.59","10,367.20","13,873.15","29,145.30",6.321,
2022-05-30,"9,626.15","1,848.40",7.409,"11,491.40","7,638.15","7,757.45","35,826.95",160.28,"16,661.40","6,813.56","10,611.75","14,154.80","30,064.95",6.359,
2022-05-31,"9,714.75","1,856.30",7.415,"11,586.60","7,673.95","7,783.40","35,487.40",160.61,"16,584.55","6,789.83","10,616.30","14,119.60","30,173.50",6.377,
2022-06-01,"9,834.40","1,856.70",7.414,"11,563.00","7,673.95","7,797.75","35,620.80",159.39,"16,522.75","6,765.21","10,655.20","14,082.90","29,897.45",6.407,
2022-06-02,"9,988.65","1,879.40",7.434,"11,491.40","7,687.30","7,837.60","35,613.65",160.01,"16,628.00","6,805.60","10,710.75","14,167.95","30,006.05",6.566,
2022-06-03,"9,880.35","1,858.30",7.456,"11,282.15","7,598.45","7,711.90","35,275.05",158.39,"16,584.30","6,763.24","10,548.85","14,077.90","29,623.40",6.479,
2022-06-06,"9,839.55","1,851.90",7.5,"11,303.15","7,598.50","7,676.00","35,310.20",157.55,"16,569.55","6,754.53","10,527.90","14,054.10","29,456.05",6.562,
2022-06-07,"9,792.70","1,860.50",7.518,"11,362.20","7,552.05","7,620.60","34,996.00",155.14,"16,416.35","6,697.66","10,455.35","13,935.60","29,366.65",6.561,
2022-06-08,"9,755.05","1,865.00",7.494,"11,382.35","7,530.25","7,604.75","34,946.15",154.71,"16,356.25","6,673.46","10,412.10","13,886.90","29,235.80",6.495,
2022-06-09,"9,784.20","1,861.20",7.496,"11,419.25","7,555.30","7,639.70","35,085.45",155.71,"16,478.10","6,719.49","10,455.10","13,977.10","29,409.35",6.494,
2022-06-10,"9,700.50","1,883.90",7.519,"11,394.00","7,503.10","7,585.65","34,483.80",155.23,"16,201.80","6,621.99","10,381.05","13,781.75","29,334.25",6.36,
2022-06-13,"9,376.65","1,840.20",7.604,"11,165.65","7,339.95","7,355.30","33,405.85",152.61,"15,774.40","6,451.42","10,100.10","13,416.90","28,152.10",6.554,
2022-06-14,"9,341.40","1,822.40",7.581,"11,104.15","7,312.40","7,345.10","33,311.35",152.75,"15,732.10","6,436.70","10,075.75","13,388.30","27,831.90",6.553,
2022-06-15,"9,374.35","1,828.60",7.592,"11,206.75","7,331.20","7,376.65","33,339.00",153.31,"15,692.15","6,432.32","10,109.65","13,380.85","27,773.30",6.565,
2022-06-16,"9,061.45","1,858.90",7.617,"10,956.60","7,145.35","7,196.15","32,617.10",150.8,"15,360.60","6,296.40","9,884.55","13,089.20","26,842.35",6.676,
2022-06-17,"8,971.35","1,849.60",7.546,"10,830.90","7,068.85","7,158.10","32,743.05",148.18,"15,293.50","6,254.07","9,772.25","12,994.75","26,275.75",6.607,
2022-06-20,"8,639.25","1,838.80",7.427,"10,754.70","6,975.80","7,032.30","32,684.80",149.16,"15,350.15","6,241.62","9,580.35","12,950.75","25,193.00",6.546,
2022-06-21,"8,945.40","1,847.80",7.482,"10,974.20","7,139.05","7,231.55","33,191.75",152.61,"15,638.80","6,379.70","9,876.30","13,241.90","26,232.85",6.552,
2022-06-22,"8,856.60","1,847.40",7.396,"10,881.40","7,008.00","7,119.70","32,845.30",150.54,"15,413.30","6,283.04","9,732.95","13,047.75","25,691.55",6.544,
2022-06-23,"8,938.60","1,838.60",7.419,"11,359.50","7,139.85","7,212.95","33,135.00",152.18,"15,556.65","6,346.81","9,845.05","13,178.80","25,914.35",6.576,
2022-06-24,"9,105.60","1,839.30",7.444,"11,583.25","7,237.70","7,314.40","33,627.45",153.25,"15,699.25","6,412.51","9,980.80","13,322.50","26,226.10",6.553,
2022-06-27,"9,233.80","1,833.90",7.407,"11,686.05","7,302.25","7,391.00","33,811.25",154.49,"15,832.05","6,467.52","10,083.75","13,444.55","26,637.35",6.558,
2022-06-28,"9,296.35","1,830.30",7.466,"11,832.55","7,339.60","7,399.45","33,642.45",153.53,"15,850.20","6,479.25","10,123.15","13,464.25","26,623.50",6.544,
2022-06-29,"9,289.95","1,826.50",7.459,"11,850.50","7,350.10","7,359.95","33,269.90",152.4,"15,799.10","6,457.85","10,100.65","13,417.85","26,511.20",6.375,
2022-06-30,"9,226.15","1,816.30",7.45,"11,701.15","7,286.05","7,297.65","33,425.10",151.84,"15,780.25","6,441.52","10,042.80","13,387.55","26,214.10",6.528,
2022-07-01,"9,240.70","1,810.40",7.424,"11,711.95","7,284.95","7,355.55","33,539.45",151.73,"15,752.05","6,445.21","10,077.75","13,394.45","25,991.55",6.464,
2022-07-04,"9,321.85","1,763.90",7.374,"11,692.10","7,297.80","7,422.00","33,940.90",154.65,"15,835.35","6,482.89","10,143.45","13,472.65","26,137.40",6.462,
2022-07-05,"9,343.25","1,772.80",7.391,"11,649.80","7,299.65","7,400.30","33,815.90",154.59,"15,810.85","6,475.48","10,131.35","13,461.85","26,068.20",6.461,
2022-07-06,"9,401.45","1,745.10",7.294,"11,952.20","7,397.00","7,561.30","34,324.25",156.33,"15,989.80","6,560.99","10,312.65","13,631.30","26,297.60",6.358,
2022-07-07,"9,538.10","1,748.30",7.354,"12,114.10","7,504.60","7,651.00","34,920.30",157.67,"16,132.90","6,623.50","10,450.20","13,765.60","26,759.10",6.404,
2022-07-08,"9,597.50","1,750.90",7.415,"12,124.60","7,505.35","7,667.35","35,124.05",158.67,"16,220.60","6,654.05","10,472.40","13,828.25","26,813.55",6.42,
2022-07-11,"9,720.80","1,740.30",7.427,"12,252.50","7,574.60","7,691.40","35,469.65",158.8,"16,216.00","6,679.48","10,577.65","13,886.85","27,085.70",6.392,
2022-07-12,"9,696.35","1,733.40",7.391,"12,107.35","7,500.85","7,625.75","35,132.25",157.35,"16,058.30","6,627.51","10,520.35","13,779.00","27,070.80",6.431,
2022-07-13,"9,640.95","1,744.00",7.337,"12,099.35","7,537.35","7,660.85","34,827.80",157.89,"15,966.65","6,598.75","10,531.00","13,726.95","26,900.55",6.417,
2022-07-14,"9,593.55","1,714.50",7.384,"12,115.30","7,547.60","7,649.95","34,651.20",157.94,"15,938.65","6,588.82","10,522.90","13,702.65","26,678.95",6.463,
2022-07-15,"9,630.05","1,711.60",7.438,"12,361.65","7,604.00","7,716.75","34,682.65",159.19,"16,049.20","6,631.38","10,593.65","13,790.20","26,856.20",6.411,
2022-07-18,"9,768.70","1,717.70",7.437,"12,408.70","7,675.50","7,843.50","35,358.70",160.25,"16,278.50","6,723.93","10,737.40","13,984.40","27,410.05",6.41,
2022-07-19,"9,863.80","1,718.00",7.434,"12,538.90","7,714.15","7,891.85","35,720.35",160.38,"16,340.55","6,754.70","10,817.10","14,051.65","27,713.40",6.422,
2022-07-20,"9,882.75","1,707.70",7.449,"12,511.30","7,740.15","7,906.65","35,972.10",161.2,"16,520.85","6,808.88","10,831.00","14,164.40","27,917.90",6.414,
2022-07-21,"9,952.40","1,721.10",7.44,"12,581.35","7,813.80","8,025.05","36,201.00",163.36,"16,605.25","6,862.06","10,972.00","14,271.80","28,148.15",6.454,
2022-07-22,"9,966.25","1,735.00",7.414,"12,634.20","7,817.15","8,038.25","36,738.95",163.62,"16,719.45","6,891.39","10,991.60","14,336.60","28,073.95",6.402,
2022-07-25,"9,932.25","1,727.10",7.391,"12,423.70","7,785.95","8,039.40","36,726.40",163.06,"16,631.00","6,864.02","10,983.70","14,279.50","28,007.15",6.442,
2022-07-26,"9,811.90","1,726.00",7.367,"12,276.50","7,720.30","7,940.05","36,408.50",161.29,"16,483.85","6,795.77","10,866.20","14,141.45","27,640.20",6.511,
2022-07-27,"9,858.05","1,728.00",7.338,"12,326.35","7,809.50","8,004.15","36,783.75",162.28,"16,641.80","6,860.01","10,959.60","14,262.55","27,656.30",6.538,
2022-07-28,"9,892.05","1,769.20",7.332,"12,383.70","7,867.35","8,068.50","37,378.15",163.92,"16,929.60","6,963.30","11,040.55","14,469.10","27,819.75",6.473,
2022-07-29,"9,978.15","1,781.80",7.32,"12,543.20","8,012.50","8,170.80","37,491.40",166.17,"17,158.25","7,058.04","11,194.70","14,665.65","28,286.15",6.406,
2022-08-01,"10,131.95","1,787.70",7.24,"12,953.65","8,142.60","8,300.50","37,903.20",167.97,"17,340.05","7,143.32","11,364.15","14,846.85","28,925.40",6.566,
2022-08-02,"10,198.30","1,789.70",7.196,"13,023.65","8,139.35","8,319.35","38,024.00",168.32,"17,345.45","7,151.99","11,416.65","14,876.60","28,994.50",6.532,
2022-08-03,"10,152.95","1,776.40",7.242,"12,919.40","8,081.45","8,219.05","37,989.25",167.99,"17,388.15","7,157.11","11,356.90","14,878.05","28,856.40",6.531,
2022-08-04,"10,136.35","1,806.90",7.157,"12,945.70","8,161.15","8,218.60","37,755.55",168.02,"17,382.00","7,165.97","11,417.95","14,892.45","28,837.50",6.429,
2022-08-05,"10,156.95","1,791.20",7.3,"12,804.35","8,128.15","8,225.90","37,920.60",168.74,"17,397.50","7,169.58","11,453.70","14,900.40","28,954.10",6.622,
2022-08-08,"10,189.20","1,805.20",7.348,"12,927.95","8,184.90","8,258.35","38,237.40",169.39,"17,525.10","7,218.20","11,482.30","14,993.35","29,160.40",6.621,
2022-08-09,,"1,812.30",,,,,,,,,,,,,
2022-08-10,"10,183.35","1,813.70",7.31,"12,951.65","8,239.25","8,247.85","38,287.85",169.36,"17,534.75","7,217.86","11,458.05","14,985.80","28,901.05",6.569,
2022-08-11,"10,177.10","1,807.20",7.267,"12,923.55","8,269.90","8,322.85","38,879.85",169.63,"17,659.00","7,272.54","11,549.80","15,095.15","29,183.05",6.512,
2022-08-12,"10,218.90","1,815.50",7.289,"12,923.75","8,308.80","8,358.45","39,042.30",169.26,"17,698.15","7,295.46","11,624.60","15,140.55","29,433.65",6.516,
2022-08-15,,"1,798.10",,,,,,,,,,,,,
2022-08-16,"10,283.35","1,789.70",,"13,250.00","8,408.75","8,456.15","39,239.65",170.88,"17,825.25","7,362.83","11,782.30","15,280.50","29,710.90",,
2022-08-17,"10,369.15","1,776.70",7.182,"13,194.25","8,426.20","8,506.80","39,461.70",171.53,"17,944.25","7,412.68","11,830.60","15,379.05","29,856.35",6.452,
2022-08-18,"10,428.95","1,771.20",7.242,"13,131.90","8,407.30","8,532.30","39,656.15",172.62,"17,956.50","7,424.26","11,849.45","15,404.60","29,983.25",6.492,
2022-08-19,"10,379.60","1,762.90",7.264,"12,946.45","8,297.00","8,429.80","38,985.95",171.43,"17,758.45","7,345.40","11,701.35","15,236.65","29,549.00",6.567,
2022-08-22,"10,269.05","1,748.40",7.27,"12,695.75","8,151.70","8,259.40","38,297.75",169.38,"17,490.70","7,229.18","11,489.80","15,001.75","28,965.90",6.561,
2022-08-23,"10,379.30","1,761.20",7.281,"12,925.75","8,254.95","8,358.60","38,697.65",169.86,"17,577.50","7,269.01","11,598.85","15,090.50","29,135.45",6.566,
2022-08-24,"10,479.50","1,761.50",7.286,"12,913.35","8,251.25","8,419.95","39,038.50",170.67,"17,604.95","7,287.09","11,675.05","15,140.40","29,372.50",6.578,
2022-08-25,"10,514.75","1,771.40",7.292,"12,877.90","8,251.05","8,431.70","38,950.75",169.69,"17,522.45","7,264.79","11,685.85","15,100.65","29,244.60",6.595,
2022-08-26,"10,587.70","1,749.80",7.217,"12,929.15","8,293.10","8,478.30","38,987.15",170.19,"17,558.90","7,283.30","11,730.60","15,147.55","29,343.55",6.553,
2022-08-29,"10,539.40","1,749.70",7.253,"12,886.40","8,241.55","8,394.60","38,276.70",169.31,"17,312.90","7,199.25","11,633.90","14,972.75","28,982.50",6.594,
2022-08-30,"10,688.20","1,736.30",7.188,"13,217.35","8,393.55","8,556.00","39,536.75",172.86,"17,759.30","7,375.80","11,867.00","15,325.05","29,957.60",6.594,
2022-08-31,,"1,726.20",,,,,,,,,,,,,
2022-09-01,"10,837.50","1,709.30",7.215,"13,266.15","8,392.40","8,599.10","39,301.25",172.23,"17,542.80","7,313.75","11,896.95","15,211.20","30,479.50",6.606,
2022-09-02,"10,851.35","1,722.60",7.232,"13,220.65","8,355.75","8,587.70","39,421.00",171.92,"17,539.45","7,306.89","11,865.55","15,201.60","30,708.45",6.688,
2022-09-05,"10,995.10","1,712.90",7.218,"13,246.10","8,403.70","8,630.60","39,805.75",172.87,"17,665.80","7,348.62","11,930.35","15,294.40","30,939.90",6.664,
2022-09-06,"10,964.85","1,712.90",7.179,"13,225.30","8,420.05","8,651.95","39,666.50",173.17,"17,655.60","7,358.15","11,974.95","15,313.05","30,947.20",6.652,
2022-09-07,"11,063.10","1,727.80",7.185,"13,072.65","8,421.65","8,700.05","39,455.90",173.46,"17,624.40","7,356.43","12,038.85","15,319.40","31,040.90",6.658,
2022-09-08,"11,134.95","1,720.20",7.135,"13,151.40","8,438.60","8,714.10","40,208.95",173.79,"17,798.75","7,413.98","12,080.80","15,440.70","31,194.55",6.61,
2022-09-09,"11,089.45","1,728.60",7.167,"13,219.60","8,458.95","8,735.60","40,415.70",173.8,"17,833.35","7,429.22","12,129.45","15,467.40","31,208.55",6.604,
2022-09-12,"11,204.50","1,740.60",7.181,"13,256.10","8,531.65","8,821.05","40,574.00",175.04,"17,936.35","7,480.94","12,228.05","15,577.40","31,596.90",6.61,
2022-09-13,"11,247.20","1,717.40",7.108,"13,264.15","8,555.75","8,829.00","40,873.10",176.38,"18,070.05","7,527.90","12,245.65","15,669.85","31,540.55",6.616,
2022-09-14,"11,262.20","1,709.10",7.155,"13,222.25","8,549.55","8,795.70","41,405.40",176.5,"18,003.75","7,506.33","12,203.55","15,630.70","31,486.25",6.664,
2022-09-15,"11,309.00","1,677.30",7.238,"13,315.50","8,522.20","8,833.25","41,209.20",176.05,"17,877.40","7,481.84","12,242.85","15,580.35","31,626.10",6.652,
2022-09-16,"11,062.50","1,683.50",7.266,"12,954.45","8,307.90","8,573.45","40,776.80",172.11,"17,530.85","7,323.73","11,933.30","15,243.95","30,886.20",6.828,
2022-09-19,"11,101.25","1,678.20",7.277,"13,074.00","8,310.10","8,572.90","40,904.40",173.41,"17,622.25","7,349.42","11,936.55","15,293.55","30,633.45",6.84,
2022-09-20,"11,153.50","1,671.10",7.294,"13,291.35","8,452.50","8,680.60","41,468.30",175.55,"17,816.25","7,433.40","12,111.30","15,470.35","30,926.15",6.889,
2022-09-21,"11,048.65","1,675.70",7.233,"13,223.45","8,387.20","8,627.95","41,203.45",174.53,"17,718.35","7,382.42","12,027.50","15,361.25","30,620.90",6.889,
2022-09-22,"11,115.15","1,681.10",7.312,"13,320.75","8,408.00","8,661.15","40,630.60",174.72,"17,629.80","7,366.97","12,067.40","15,335.30","31,079.05",7.0,
2022-09-23,"10,893.15","1,655.60",7.393,"13,093.50","8,296.80","8,428.75","39,546.25",172.9,"17,327.35","7,233.90","11,811.90","15,057.65","30,499.20",7.039,
2022-09-26,"10,478.30","1,633.40",7.359,"12,594.35","8,052.10","8,174.45","38,616.25",170.75,"17,016.30","7,078.90","11,461.70","14,725.70","29,352.30",7.051,
2022-09-27,"10,532.40","1,636.20",7.292,"12,529.80","8,041.45","8,182.15","38,359.15",170.97,"17,007.40","7,077.29","11,469.75","14,727.30","29,202.80",6.959,
2022-09-28,"10,450.60","1,670.00",7.333,"12,537.35","7,998.00","8,140.70","37,759.85",170.83,"16,858.60","7,023.17","11,439.40","14,620.60","28,962.45",6.966,
2022-09-29,"10,510.95","1,681.60",7.34,"12,497.35","8,039.20","8,179.60","37,647.75",171.32,"16,818.10","7,011.90","11,488.60","14,602.50","29,071.60",6.979,
2022-09-30,"10,670.70","1,684.90",7.398,"12,699.30","8,158.00","8,332.70","38,631.95",172.15,"17,094.35","7,121.62","11,654.45","14,829.35","29,586.20",7.086,
2022-10-03,"10,593.55","1,714.90",7.468,"12,441.05","8,083.95","8,225.90","38,029.65",170.9,"16,887.35","7,024.53","11,533.35","14,638.50","28,983.70",7.08,
2022-10-04,"10,799.80","1,743.70",7.362,"12,690.55","8,238.25","8,481.15","39,110.05",172.52,"17,274.30","7,185.82","11,794.35","14,965.80","29,800.65",7.031,
2022-10-05,,"1,734.20",,,,,,,,,,,,,
2022-10-06,"10,982.95","1,734.30",7.454,"12,784.55","8,329.55","8,579.50","39,282.85",173.46,"17,331.80","7,224.84","11,933.35","15,053.05","30,255.05",7.114,
2022-10-07,"11,078.10","1,722.80",7.46,"12,761.95","8,324.30","8,558.80","39,178.05",173.85,"17,314.65","7,214.05","11,903.05","15,036.70","30,288.70",7.154,
2022-10-10,"11,053.20","1,688.80",7.476,"12,693.60","8,257.80","8,483.15","39,093.10",172.2,"17,241.00","7,174.12","11,796.05","14,951.65","30,037.85",7.212,
2022-10-11,"10,887.25","1,699.50",7.426,"12,488.35","8,104.30","8,340.85","38,712.45",169.42,"16,983.55","7,062.78","11,607.00","14,721.90","29,560.00",7.174,
2022-10-12,"10,843.05","1,691.10",7.435,"12,598.30","8,154.65","8,406.10","39,118.55",171.19,"17,123.60","7,116.95","11,672.45","14,829.95","29,720.20",7.175,
2022-10-13,"10,816.35","1,690.80",7.422,"12,562.75","8,127.35","8,328.15","38,624.00",170.12,"17,014.35","7,068.97","11,599.70","14,730.30","29,573.65",7.176,
2022-10-14,"10,807.20","1,662.80",7.47,"12,478.25","8,116.35","8,326.35","39,305.60",170.87,"17,185.70","7,113.53","11,591.65","14,815.10","29,597.40",7.223,
2022-10-17,"10,802.75","1,677.80",7.407,"12,562.55","8,138.65","8,385.05","39,920.45",171.64,"17,311.80","7,159.70","11,611.65","14,906.15","29,749.60",7.032,
2022-10-18,"10,904.80","1,669.60",7.426,"12,732.65","8,225.20","8,518.80","40,318.75",173.66,"17,486.95","7,231.65","11,727.75","15,056.55","30,179.95",7.084,
2022-10-19,"10,907.65","1,648.00",7.451,"12,721.05","8,212.15","8,520.05","40,373.20",173.61,"17,512.25","7,236.97","11,737.90","15,068.60","30,159.05",7.11,
2022-10-20,"10,897.85","1,650.70",7.476,"12,729.60","8,239.30","8,484.35","40,099.55",174.1,"17,563.95","7,259.37","11,706.15","15,112.10","30,196.30",7.111,
2022-10-21,"10,771.20","1,670.20",7.511,"12,695.65","8,159.35","8,457.90","40,784.05",173.59,"17,576.30","7,248.33","11,637.60","15,081.10","30,069.40",7.133,
2022-10-24,"10,907.35","1,668.10",,"12,794.65","8,213.95","8,496.70","41,304.90",176.75,"17,730.75","7,303.22","11,703.00","15,198.75","30,270.65",,
2022-10-25,"10,894.75","1,672.20",7.442,"12,952.80","8,231.45","8,537.05","41,122.75",174.94,"17,656.35","7,283.44","11,718.90","15,158.10","30,347.50",7.005,
2022-10-26,,"1,683.40",,,,,,,,,,,,,
2022-10-27,"10,928.90","1,680.00",7.412,"12,979.40","8,309.35","8,603.45","41,299.30",175.47,"17,736.95","7,324.88","11,791.80","15,244.25","30,517.95",6.973,
2022-10-28,"10,867.40","1,659.10",7.416,"13,190.90","8,290.00","8,581.25","40,990.85",175.27,"17,786.80","7,327.49","11,715.55","15,241.60","30,251.70",6.974,
2022-10-31,"10,908.20","1,654.90",7.445,"13,381.65","8,390.85","8,690.35","41,307.90",177.81,"18,012.20","7,419.16","11,868.15","15,424.00","30,520.50",7.007,
2022-11-01,"10,938.75","1,663.80",7.396,"13,416.90","8,472.30","8,762.45","41,289.55",179.58,"18,145.40","7,479.47","11,967.90","15,537.40","30,842.60",7.014,
2022-11-02,"10,997.45","1,664.10",7.404,"13,318.25","8,466.25","8,742.95","41,146.65",178.37,"18,082.85","7,458.11","11,965.65","15,497.55","30,722.80",7.074,
2022-11-03,"11,045.80","1,644.90",7.482,"13,262.65","8,449.10","8,775.10","41,298.35",178.27,"18,052.70","7,452.88","11,984.75","15,484.70","30,795.75",7.14,
2022-11-04,"11,164.20","1,690.60",7.469,"13,271.70","8,484.95","8,747.00","41,258.45",178.07,"18,117.15","7,473.10","11,978.15","15,530.85","30,855.60",7.175,
2022-11-07,"11,229.20","1,694.50",7.434,"13,443.90","8,509.95","8,824.80","41,686.70",178.95,"18,202.80","7,512.26","12,066.05","15,615.15","31,112.60",7.144,
2022-11-08,,"1,730.00",,,,,,,,,,,,,
2022-11-09,"11,175.20","1,727.80",7.387,"13,341.40","8,446.05","8,760.30","41,783.20",178.01,"18,157.00","7,490.07","11,991.25","15,567.25","31,105.80",7.085,
2022-11-10,"11,064.55","1,767.80",7.346,"13,080.75","8,361.40","8,675.05","41,603.75",176.38,"18,028.20","7,432.07","11,881.95","15,440.00","30,716.75",7.04,
2022-11-11,"11,099.00","1,783.50",7.307,"13,040.90","8,409.90","8,680.60","42,137.05",177.57,"18,349.70","7,536.74","11,898.55","15,649.10","30,693.90",6.949,
2022-11-14,"11,115.70","1,790.80",7.287,"13,071.40","8,423.05","8,678.55","42,076.75",177.13,"18,329.15","7,533.29","11,893.60","15,650.20","30,619.55",6.949,
2022-11-15,"11,152.75","1,791.60",7.261,"13,155.55","8,440.30","8,675.45","42,372.70",177.38,"18,403.40","7,553.78","11,888.25","15,693.90","30,645.55",6.896,
2022-11-16,"11,144.60","1,791.00",7.274,"13,105.95","8,402.95","8,597.40","42,535.30",176.88,"18,409.65","7,537.98","11,816.55","15,663.30","30,462.15",6.897,
2022-11-17,"11,122.60","1,777.80",7.281,"12,927.40","8,352.65","8,583.35","42,458.05",176.5,"18,343.90","7,504.23","11,767.05","15,597.25","30,385.35",6.884,
2022-11-18,"11,078.25","1,769.00",7.307,"12,774.90","8,289.05","8,539.85","42,437.45",175.84,"18,307.65","7,483.63","11,719.95","15,550.85","30,164.95",6.892,
2022-11-21,"11,033.35","1,754.60",7.32,"12,696.10","8,256.10","8,536.45","42,346.55",174.67,"18,159.95","7,430.50","11,719.55","15,453.80","30,064.95",6.899,
2022-11-22,"11,010.35","1,754.80",7.285,"12,745.50","8,296.80","8,583.75","42,457.05",176.16,"18,244.20","7,459.43","11,762.55","15,509.20","30,176.05",6.886,
2022-11-23,"11,092.15","1,760.40",7.291,"12,774.75","8,318.65","8,628.40","42,729.10",175.54,"18,267.25","7,470.42","11,790.20","15,538.15","30,336.40",6.9,
2022-11-24,"11,126.90","1,754.00",7.255,"12,845.60","8,352.05","8,673.45","43,075.40",177.18,"18,484.10","7,542.79","11,837.60","15,680.80","30,378.75",6.86,
2022-11-25,"11,214.50","1,768.80",7.301,"12,958.00","8,405.10","8,758.50","42,983.95",176.92,"18,512.75","7,559.28","11,943.55","15,727.25","30,465.90",6.861,
2022-11-28,"11,263.85","1,755.30",7.274,"13,036.40","8,442.45","8,808.00","43,020.45",177.78,"18,562.75","7,584.96","12,025.95","15,784.45","30,549.65",6.862,
2022-11-29,"11,236.65","1,778.70",7.279,"13,007.65","8,453.05","8,764.35","43,053.45",180.02,"18,618.05","7,600.35","11,983.10","15,812.45","30,378.00",6.869,
2022-11-30,"11,337.15","1,775.10",7.28,"13,231.85","8,542.75","8,855.60","43,231.00",181.01,"18,758.35","7,666.93","12,093.50","15,946.15","30,688.10",6.863,
2022-12-01,"11,415.05","1,830.30",7.21,"13,191.75","8,571.00","8,932.15","43,260.65",181.66,"18,812.50","7,693.86","12,185.25","16,003.95","30,746.95",6.836,
2022-12-02,"11,520.55","1,824.70",7.221,"13,046.35","8,574.65","8,994.15","43,103.75",180.82,"18,696.10","7,668.39","12,289.60","15,963.50","30,833.05",6.802,
2022-12-05,"11,599.55","1,796.50",7.226,"13,007.55","8,601.00","9,014.70","43,332.95",180.07,"18,701.05","7,667.57","12,298.50","15,967.20","30,811.40",6.81,
2022-12-06,"11,566.95","1,797.60",7.249,"12,973.80","8,529.00","8,968.40","43,138.55",179.93,"18,642.75","7,645.96","12,239.30","15,922.85","30,776.70",6.851,
2022-12-07,"11,500.60","1,813.20",7.269,"12,870.65","8,478.25","8,920.00","43,098.70",180.42,"18,560.50","7,617.92","12,178.85","15,862.00","30,650.65",6.859,
2022-12-08,"11,540.20","1,816.70",7.288,"12,908.15","8,488.05","8,976.05","43,596.85",180.25,"18,609.35","7,639.73","12,237.05","15,911.10","30,786.85",6.859,
2022-12-09,"11,400.85","1,825.90",7.299,"12,869.40","8,453.85","8,917.30","43,633.45",179.27,"18,496.60","7,594.06","12,181.60","15,812.75","30,706.70",6.895,
2022-12-12,"11,499.00","1,807.40",7.294,"12,874.35","8,463.45","8,960.60","43,708.75",179.13,"18,497.15","7,595.90","12,218.95","15,828.00","30,851.80",6.889,
2022-12-13,"11,548.70","1,840.50",7.265,"12,931.00","8,479.20","8,996.30","43,946.55",180.1,"18,608.00","7,631.75","12,270.45","15,904.50","30,944.50",6.876,
2022-12-14,"11,625.90","1,833.80",7.221,"13,004.10","8,545.75","9,070.10","44,049.10",179.66,"18,660.30","7,659.98","12,349.70","15,963.80","30,982.45",6.848,
2022-12-15,"11,536.70","1,803.10",7.268,"12,912.90","8,453.45","8,982.10","43,498.20",177.84,"18,414.90","7,569.62","12,237.90","15,783.80","30,710.60",6.863,
2022-12-16,"11,410.80","1,815.60",7.281,"12,775.25","8,342.25","8,831.40","43,219.50",176.36,"18,269.00","7,498.93","12,061.25","15,636.35","30,390.10",6.942,
2022-12-19,"11,488.05","1,813.00",7.297,"12,978.80","8,407.05","8,890.70","43,413.75",177.71,"18,420.45","7,558.82","12,118.95","15,755.20","30,590.50",6.942,
2022-12-20,"11,499.20","1,840.80",7.299,"12,879.40","8,382.30","8,859.90","43,359.50",177.36,"18,385.30","7,543.99","12,098.55","15,726.20","30,486.50",6.943,
2022-12-21,"11,131.75","1,840.90",7.287,"12,695.45","8,320.30","8,738.60","42,617.95",176.06,"18,199.10","7,454.34","11,908.15","15,527.55","29,634.05",6.922,
2022-12-22,"10,859.25","1,810.80",7.316,"12,554.70","8,245.25","8,691.90","42,408.80",175.58,"18,127.35","7,413.16","11,797.05","15,431.50","29,241.55",6.937,
2022-12-23,"10,390.45","1,819.80",7.318,"12,236.00","8,029.90","8,400.35","41,668.05",172.35,"17,806.80","7,239.17","11,383.05","15,046.00","27,860.05",6.939,
2022-12-26,"10,772.15",,7.319,"12,415.40","8,128.25","8,595.20","42,630.15",173.73,"18,014.60","7,350.69","11,665.30","15,298.55","28,823.35",6.983,
2022-12-27,"10,990.35","1,838.80",7.308,"12,522.75","8,225.40","8,678.30","42,859.50",174.44,"18,132.30","7,407.05","11,774.15","15,418.35","29,133.25",6.976,
2022-12-28,"11,057.50","1,831.50",7.314,"12,605.45","8,229.95","8,698.40","42,827.70",174.71,"18,122.50","7,415.11","11,812.20","15,432.80","29,498.80",6.947,
2022-12-29,"11,099.60","1,841.90",7.311,"12,634.60","8,238.35","8,697.50","43,252.35",173.49,"18,191.00","7,441.71","11,829.25","15,485.20","29,637.70",6.955,
2022-12-30,"11,209.15","1,842.20",7.327,"12,611.70","8,241.75","8,751.75","42,986.45",174.3,"18,105.30","7,419.01","11,885.75","15,448.85","29,685.50",6.955,
2023-01-02,"11,356.85",,7.34,"12,667.75","8,302.00","8,821.80","43,203.10",173.32,"18,197.45","7,452.53","11,970.30","15,523.65","29,670.15",7.038,
2023-01-03,"11,417.55","1,862.10",7.321,"12,614.75","8,305.65","8,843.35","43,425.25",174.26,"18,232.55","7,469.11","11,994.40","15,557.80","29,649.25",7.026,
2023-01-04,"11,308.35","1,875.00",7.321,"12,512.05","8,227.70","8,745.70","42,958.80",173.01,"18,042.95","7,388.01","11,886.95","15,393.00","29,292.90",6.972,
2023-01-05,"11,320.10","1,856.70",7.327,"12,656.65","8,299.75","8,808.60","42,608.70",174.44,"17,992.15","7,383.17","11,932.85","15,386.20","29,395.70",6.992,
2023-01-06,"11,225.90","1,885.90",7.373,"12,627.80","8,268.40","8,752.30","42,188.80",173.62,"17,859.45","7,329.48","11,850.60","15,272.00","29,170.85",7.054,
2023-01-09,"11,271.75","1,894.20",7.342,"12,783.00","8,364.40","8,826.95","42,582.75",175.1,"18,101.20","7,419.06","11,948.90","15,450.10","29,444.55",7.004,
2023-01-10,"11,221.00","1,893.00",7.313,"12,819.10","8,360.95","8,786.30","42,014.75",173.82,"17,914.15","7,356.85","11,899.55","15,325.25","29,143.35",6.987,
2023-01-11,"11,244.45","1,895.50",7.291,"12,753.05","8,349.00","8,785.40","42,232.70",173.19,"17,895.70","7,345.93","11,862.85","15,301.35","29,012.70",6.943,
2023-01-12,"11,203.70","1,915.50",7.286,"12,769.40","8,336.10","8,748.90","42,082.25",172.82,"17,858.20","7,333.30","11,836.40","15,279.60","29,030.35",6.893,
2023-01-13,"11,255.95","1,938.50",7.299,"12,832.40","8,358.30","8,747.40","42,371.25",173.76,"17,956.60","7,365.68","11,830.40","15,346.10","29,166.10",6.875,
2023-01-16,"11,238.35","1,909.90",7.327,"12,748.80","8,313.15","8,707.35","42,167.55",172.94,"17,894.85","7,345.38","11,800.30","15,305.45","29,240.10",6.919,
2023-01-17,"11,203.75","1,926.70",7.333,"12,821.85","8,338.65","8,695.65","42,235.05",173.94,"18,053.30","7,393.57","11,793.60","15,396.15","29,430.50",6.911,
2023-01-18,"11,247.15","1,923.80",7.325,"12,817.60","8,394.05","8,754.10","42,458.00",175.25,"18,165.35","7,429.97","11,843.70","15,466.35","29,280.90",6.941,
2023-01-19,"11,219.30","1,940.60",7.313,"12,763.00","8,388.15","8,755.35","42,328.85",174.74,"18,107.85","7,408.73","11,832.35","15,419.70","29,182.55",6.905,
2023-01-20,"11,166.95","1,944.90",7.347,"12,691.70","8,313.55","8,687.15","42,506.80",173.72,"18,027.65","7,373.66","11,748.95","15,347.90","29,114.10",6.901,
2023-01-23,"11,094.55","1,945.40",7.352,"12,797.05","8,333.95","8,788.50","42,821.25",174.59,"18,118.55","7,403.64","11,771.05","15,403.20","29,035.65",6.936,
2023-01-24,"11,031.15","1,952.20",7.346,"12,960.85","8,313.05","8,733.45","42,733.45",174.1,"18,118.30","7,396.89","11,729.90","15,388.55","29,020.75",6.999,
2023-01-25,"10,917.70","1,959.40",7.347,"12,957.15","8,248.95","8,604.10","41,647.65",172.02,"17,891.95","7,291.06","11,583.20","15,171.95","28,484.90",6.993,
2023-01-26,,"1,946.70",,,,,,,,,,,,,
2023-01-27,"10,616.75","1,945.60",7.387,"13,089.70","8,214.90","8,463.00","40,345.30",172.58,"17,604.35","7,146.76","11,439.60","14,874.75","27,228.55",7.004,
2023-01-30,"10,595.15","1,956.00",7.401,"13,076.85","8,194.40","8,476.95","40,387.45",169.98,"17,648.95","7,133.91","11,422.30","14,854.20","26,825.00",7.099,
2023-01-31,"10,862.95","1,962.20",7.343,"13,323.90","8,286.30","8,638.00","40,655.05",171.02,"17,662.15","7,162.73","11,596.65","14,935.50","27,358.05",7.063,
2023-02-01,"10,682.60","1,959.70",7.277,"13,206.85","8,256.45","8,554.70","40,513.00",168.45,"17,616.30","7,120.28","11,497.65","14,847.65","26,516.90",7.012,
2023-02-02,"10,711.75","1,947.60",7.296,"13,213.25","8,238.80","8,580.65","40,669.30",171.1,"17,610.40","7,114.12","11,518.05","14,839.40","26,266.70",6.995,
2023-02-03,"10,628.00","1,893.30",7.277,"13,377.95","8,244.15","8,604.05","41,499.70",172.3,"17,854.05","7,178.73","11,504.70","14,962.35","26,202.50",6.991,
2023-02-04,,,7.277,,,,,,,,,,,6.991,
2023-02-06,"10,671.85","1,896.10",7.32,"13,360.15","8,235.90","8,667.30","41,374.65",172.5,"17,764.60","7,161.32","11,602.95","14,934.15","26,309.55",7.032,
2023-02-07,"10,687.40","1,901.50",7.309,"13,226.05","8,185.45","8,659.50","41,490.95",171.9,"17,721.50","7,145.21","11,601.60","14,902.20","26,271.15",7.043,
2023-02-08,"10,748.40","1,907.70",7.344,"13,257.35","8,252.65","8,740.45","41,537.65",173.02,"17,871.70","7,204.86","11,699.35","15,028.30","26,531.15",7.117,
2023-02-09,"10,757.40","1,895.30",7.344,"13,187.85","8,234.35","8,758.55","41,554.30",172.69,"17,893.45","7,206.84","11,709.45","15,030.10","26,336.05",7.12,
2023-02-10,"10,811.50","1,891.20",7.363,"13,235.05","8,237.90","8,771.75","41,559.40",172.99,"17,856.50","7,194.84","11,738.30","15,015.85","26,307.10",7.16,
2023-02-13,"10,700.15","1,880.10",7.366,"13,154.35","8,193.25","8,629.50","41,282.20",172.31,"17,770.90","7,142.81","11,584.95","14,900.50","25,952.25",7.186,
2023-02-14,"10,622.00","1,882.10",7.371,"13,106.55","8,199.35","8,627.35","41,648.35",172.85,"17,929.85","7,180.86","11,535.00","14,968.90","25,895.10",7.206,
2023-02-15,"10,659.60","1,862.00",7.347,"13,235.20","8,244.75","8,688.85","41,731.05",173.86,"18,015.85","7,213.80","11,590.35","15,039.65","25,874.65",7.186,
2023-02-16,"10,747.70","1,868.60",7.342,"13,206.05","8,312.50","8,749.70","41,631.35",174.27,"18,035.85","7,234.11","11,679.20","15,083.75","26,213.80",7.137,
2023-02-17,"10,739.55","1,866.90",7.388,"13,140.00","8,270.15","8,658.85","41,131.75",173.2,"17,944.20","7,194.07","11,605.65","15,003.95","26,091.50",7.209,
2023-02-20,"10,674.25","1,842.50",7.37,"13,177.40","8,233.05","8,647.30","40,701.70",172.25,"17,844.60","7,162.32","11,606.15","14,938.65","26,049.60",7.187,
2023-02-21,"10,638.70","1,859.20",7.391,"13,148.75","8,230.30","8,609.95","40,673.60",172.79,"17,826.70","7,151.70","11,575.10","14,913.95","25,953.90",7.222,
2023-02-22,"10,465.95","1,858.30",7.429,"12,989.95","8,137.35","8,519.75","39,995.90",171.13,"17,554.30","7,046.42","11,459.20","14,701.90","25,452.65",7.238,
2023-02-23,"10,491.10","1,843.60",7.391,"12,982.25","8,126.75","8,507.45","40,001.55",170.64,"17,511.25","7,028.91","11,431.25","14,666.75","25,413.85",7.247,
2023-02-24,"10,482.75","1,833.90",7.419,"12,869.10","8,079.40","8,476.95","39,909.40",170.3,"17,465.80","7,008.67","11,403.35","14,630.45","25,231.05",7.27,
2023-02-27,"10,286.95","1,841.60",7.448,"12,675.30","7,986.80","8,418.00","40,307.10",169.08,"17,392.70","6,972.05","11,339.85","14,548.70","24,982.70",7.312,
2023-02-28,"10,327.25","1,853.20",7.457,"12,731.80","7,943.60","8,456.70","40,269.05",168.78,"17,303.95","6,953.61","11,411.25","14,518.75","25,277.20",7.315,
2023-03-01,"10,487.35","1,862.10",7.434,"12,849.30","8,044.35","8,567.70","40,698.15",169.77,"17,450.90","7,021.86","11,572.20","14,664.85","25,856.25",7.31,
2023-03-02,"10,455.75","1,857.30",7.43,"12,738.80","8,001.85","8,549.00","40,389.80",168.83,"17,321.90","6,983.54","11,547.05","14,587.25","25,872.45",7.314,
2023-03-03,"10,580.95","1,871.40",7.416,"12,787.05","8,046.90","8,623.75","41,251.35",171.15,"17,594.35","7,077.38","11,605.20","14,774.75","26,250.80",7.327,
2023-03-06,"10,673.00","1,871.40",7.418,"12,909.50","8,081.75","8,680.65","41,350.40",171.33,"17,711.45","7,126.35","11,686.90","14,881.00","26,530.50",7.31,
2023-03-07,,"1,836.80",,,,,,,,,,,,,
2023-03-08,"10,779.80","1,835.60",7.459,"13,019.50","8,106.75","8,745.10","41,577.10",172.31,"17,754.40","7,147.00","11,724.60","14,921.95","26,772.10",7.391,
2023-03-09,"10,804.60","1,851.50",7.441,"12,781.20","8,046.35","8,690.95","41,256.75",171.57,"17,589.60","7,090.32","11,660.00","14,803.95","26,661.80",7.386,
2023-03-10,"10,749.00","1,884.00",7.429,"12,741.60","8,018.70","8,627.95","40,485.45",170.68,"17,412.90","7,029.05","11,582.15","14,679.85","26,526.95",7.337,
2023-03-13,"10,453.10","1,933.00",7.365,"12,456.00","7,904.40","8,455.55","39,564.70",168.96,"17,154.30","6,925.10","11,375.20","14,454.45","26,105.85",7.174,
2023-03-14,"10,377.65","1,927.40",7.378,"12,345.55","7,870.25","8,423.50","39,411.40",168.45,"17,043.30","6,880.76","11,304.70","14,358.55","25,746.25",7.126,
2023-03-15,"10,371.05","1,948.10",7.363,"12,282.00","7,881.75","8,411.40","39,051.50",168.1,"16,972.15","6,858.28","11,308.80","14,320.30","25,821.30",7.143,
2023-03-16,"10,286.15","1,939.70",7.352,"12,304.90","7,856.50","8,455.05","39,132.60",169.04,"16,985.60","6,869.79","11,305.20","14,330.35","25,657.75",7.09,
2023-03-17,"10,355.00","1,990.20",7.354,"12,245.95","7,894.00","8,487.70","39,598.10",169.9,"17,100.05","6,911.23","11,354.25","14,420.85","25,863.00",7.106,
2023-03-20,"10,229.25","1,999.70",7.334,"12,131.70","7,824.10","8,392.20","39,361.95",168.12,"16,988.40","6,861.36","11,245.60","14,317.10","25,421.75",7.045,
2023-03-21,"10,302.05","1,958.30",7.354,"12,141.95","7,851.00","8,433.60","39,894.70",169.07,"17,107.50","6,907.38","11,308.10","14,411.30","25,725.45",7.087,
2023-03-22,"10,372.85","1,966.60",,"12,201.35","7,879.75","8,451.70","39,999.05",169.37,"17,151.90","6,929.35","11,339.20","14,460.00","25,946.75",,
2023-03-23,"10,358.50","2,013.30",7.345,"12,205.70","7,868.55","8,399.90","39,616.90",169.65,"17,076.90","6,901.54","11,295.80","14,403.60","25,832.45",7.069,
2023-03-24,"10,195.10","2,001.70",7.318,"12,113.40","7,803.85","8,283.75","39,395.35",168.44,"16,945.05","6,845.66","11,164.65","14,279.00","25,550.20",7.034,
2023-03-27,"10,004.05","1,971.50",7.312,"12,035.10","7,796.90","8,255.85","39,431.30",168.44,"16,985.70","6,843.69","11,102.10","14,262.70","25,280.15",7.039,
2023-03-28,"9,922.20","1,990.40",7.321,"11,917.95","7,778.20","8,231.10","39,567.90",167.83,"16,951.70","6,821.96","11,065.65","14,211.80","25,170.55",7.062,
2023-03-29,"10,133.65","1,984.50",7.296,"12,121.30","7,862.60","8,373.50","39,910.15",169.31,"17,080.70","6,882.97","11,250.70","14,345.60","25,805.20",7.063,
2023-03-30,,"2,015.60",,,,,,,,,,,,,
2023-03-31,"10,241.55","2,004.10",7.315,"12,243.80","7,948.10","8,466.80","40,608.65",170.81,"17,359.75","6,984.88","11,352.25","14,557.85","25,993.55",7.048,
2023-04-03,"10,475.30","2,018.50",7.315,"12,425.85","7,966.10","8,497.75","40,813.05",171.56,"17,398.05","7,002.29","11,404.35","14,601.95","25,987.65",7.069,
2023-04-04,,"2,056.20",,,,,,,,,,,,,
2023-04-05,"10,620.10","2,053.60",7.273,"12,357.65","7,977.80","8,495.55","40,999.15",172.33,"17,557.05","7,053.36","11,415.75","14,709.40","25,979.95",7.039,
2023-04-06,"10,733.80","2,044.40",7.219,"12,469.35","8,022.85","8,550.65","41,041.00",172.44,"17,599.15","7,075.04","11,491.20","14,759.20","26,108.85",6.919,
2023-04-10,"10,715.80","2,021.80",7.227,"12,616.75","8,065.15","8,581.95","40,834.65",173.27,"17,624.05","7,090.38","11,532.85","14,790.55","26,146.75",6.88,
2023-04-11,"10,803.10","2,037.30",7.224,"12,742.05","8,122.00","8,607.85","41,366.50",173.74,"17,722.30","7,129.23","11,582.80","14,867.25","26,326.10",6.936,
2023-04-12,"10,836.70","2,043.30",7.213,"12,862.20","8,188.05","8,646.40","41,557.95",173.86,"17,812.40","7,164.91","11,652.30","14,941.55","26,383.20",6.901,
2023-04-13,"10,903.75","2,073.80",7.229,"12,918.65","8,189.75","8,677.35","42,132.55",173.69,"17,828.00","7,170.29","11,671.20","14,954.25","26,480.20",6.889,
2023-04-14,,"2,034.40",,,,,,,,,,,,,
2023-04-17,"10,910.50","2,025.70",7.247,"12,996.15","8,209.15","8,699.20","42,262.55",173.69,"17,706.85","7,142.53","11,714.45","14,904.30","26,827.40",6.912,
2023-04-18,"10,931.45","2,038.50",7.221,"13,005.10","8,245.65","8,771.70","42,265.20",174.08,"17,660.15","7,137.84","11,783.35","14,897.00","26,937.40",6.91,
2023-04-19,"10,967.75","2,025.90",7.227,"13,002.55","8,236.90","8,753.45","42,154.00",173.24,"17,618.75","7,117.25","11,763.95","14,856.90","26,888.75",6.888,
2023-04-20,"10,985.25","2,037.90",7.22,"13,032.35","8,228.80","8,767.10","42,269.50",173.24,"17,624.45","7,118.56","11,755.95","14,861.75","26,743.30",6.878,
2023-04-21,"10,931.90","2,009.20",7.185,"12,898.75","8,207.55","8,731.30","42,118.00",173.17,"17,624.05","7,110.84","11,707.55","14,847.10","26,603.80",6.878,
2023-04-24,"10,981.85","2,018.60",7.111,"12,893.35","8,199.50","8,790.30","42,635.75",174.32,"17,743.40","7,151.76","11,738.60","14,930.15","26,853.95",6.867,
2023-04-25,"11,010.15","2,023.50",7.11,"12,904.55","8,205.20","8,815.10","42,678.50",175.24,"17,769.25","7,163.43","11,730.60","14,955.70","26,919.75",6.887,
2023-04-26,"11,046.00","2,014.90",7.116,"12,972.75","8,217.80","8,834.20","42,829.90",176.34,"17,813.60","7,180.95","11,743.10","14,994.40","27,143.70",6.893,
2023-04-27,"11,143.60","2,017.90",7.097,"13,071.80","8,259.90","8,865.15","43,000.85",177.03,"17,915.05","7,220.69","11,811.50","15,075.05","27,311.10",6.887,
2023-04-28,"11,222.10","2,018.30",7.116,"13,189.25","8,340.65","8,962.85","43,233.90",179.39,"18,065.00","7,287.93","11,943.55","15,219.55","27,659.40",6.887,
2023-05-01,,"2,011.40",,,,,,,,,,,,,
2023-05-02,"11,321.95","2,042.50",7.106,"13,283.15","8,396.30","9,062.20","43,352.10",180.09,"18,147.65","7,327.36","12,037.15","15,300.75","27,841.50",6.881,
2023-05-03,"11,353.80","2,056.20",7.011,"13,278.60","8,405.20","9,065.85","43,312.70",179.29,"18,089.85","7,313.44","12,066.75","15,276.40","28,008.90",6.875,
2023-05-04,"11,482.25","2,075.00",7.014,"13,292.55","8,451.35","9,122.90","43,685.45",180.22,"18,255.80","7,374.76","12,145.50","15,405.50","28,300.80",6.893,
2023-05-05,"11,428.20","2,044.20",,"13,345.80","8,414.30","9,036.80","42,661.20",180.58,"18,069.00","7,312.08","12,066.05","15,278.60","28,180.70",,
2023-05-08,"11,496.75","2,052.80",7.047,"13,584.25","8,486.40","9,149.15","43,284.00",182.45,"18,264.40","7,385.07","12,177.70","15,427.10","28,259.80",6.897,
2023-05-09,"11,422.95","2,062.40",7.046,"13,648.50","8,496.75","9,152.80","43,198.15",181.7,"18,265.95","7,382.51","12,184.95","15,420.60","28,117.70",6.901,
2023-05-10,"11,478.30","2,056.50",7.036,"13,750.85","8,516.85","9,158.00","43,331.05",182.62,"18,315.10","7,404.06","12,195.20","15,466.05","28,093.00",6.899,
2023-05-11,"11,577.35","2,039.90",7.023,"13,803.75","8,502.25","9,194.65","43,475.30",182.97,"18,297.00","7,408.91","12,232.85","15,484.05","28,157.85",6.897,
2023-05-12,"11,616.95","2,039.10",6.995,"13,910.50","8,492.40","9,149.60","43,793.55",182.87,"18,314.80","7,408.58","12,196.10","15,477.35","28,132.10",6.875,
2023-05-15,"11,639.05","2,042.10",7.001,"14,007.85","8,509.70","9,239.25","44,072.10",183.78,"18,398.85","7,440.72","12,264.65","15,549.70","28,206.50",6.87,
2023-05-16,"11,661.45","2,012.20",6.963,"13,877.70","8,507.60","9,269.70","43,903.70",182.53,"18,286.50","7,409.95","12,293.05","15,492.40","28,336.30",6.868,
2023-05-17,"11,690.30","2,003.70",6.972,"13,889.90","8,490.80","9,244.65","43,698.70",182.2,"18,181.75","7,374.10","12,284.35","15,426.35","28,454.75",6.857,
2023-05-18,"11,700.45","1,978.30",6.983,"13,767.70","8,424.05","9,176.55","43,752.30",180.76,"18,129.95","7,341.41","12,213.80","15,361.60","28,257.00",6.858,
2023-05-19,"11,698.70","2,000.30",7.004,"13,863.55","8,420.20","9,176.10","43,969.40",181.02,"18,203.40","7,365.95","12,198.45","15,407.55","28,206.60",6.831,
2023-05-22,"11,726.10","1,995.70",6.985,"13,890.50","8,470.70","9,235.90","43,885.10",180.95,"18,314.40","7,413.15","12,264.65","15,504.00","28,340.50",6.78,
2023-05-23,"11,742.20","1,992.80",7.016,"13,982.60","8,509.00","9,286.15","43,954.45",181.38,"18,348.00","7,432.36","12,335.65","15,544.75","28,343.70",6.811,
2023-05-24,"11,769.50","1,983.10",6.99,"13,989.60","8,528.80","9,267.60","43,677.85",181.08,"18,285.40","7,417.81","12,353.90","15,515.95","28,392.70",6.816,
2023-05-25,"11,811.65","1,962.30",7.007,"14,029.50","8,544.50","9,332.00","43,681.40",182.12,"18,321.15","7,437.48","12,392.15","15,555.25","28,560.05",6.821,
2023-05-26,"11,861.35","1,963.10",7.003,"14,130.45","8,630.90","9,428.60","44,018.00",183.92,"18,499.35","7,507.60","12,486.85","15,696.75","28,844.55",6.827,
2023-05-29,"11,913.70","1,977.10",7.024,"14,219.60","8,677.75","9,470.35","44,311.90",184.95,"18,598.65","7,544.60","12,530.70","15,772.35","29,033.90",6.843,
2023-05-30,"11,965.75","1,996.70",7.011,"14,177.85","8,674.75","9,506.40","44,436.35",185.75,"18,633.85","7,553.26","12,576.60","15,799.45","29,106.85",6.843,
2023-05-31,"12,085.00","2,001.70",6.989,"14,199.00","8,680.40","9,539.90","44,128.15",185.8,"18,534.40","7,532.99","12,623.35","15,766.40","29,305.70",6.802,
2023-06-01,"12,160.85","2,015.10",6.979,"14,257.00","8,698.15","9,559.50","43,790.20",186.23,"18,487.75","7,522.49","12,647.95","15,760.35","29,360.15",6.79,
2023-06-02,"12,265.60","1,989.10",6.984,"14,388.60","8,756.60","9,629.65","43,937.85",187.1,"18,534.10","7,545.15","12,705.40","15,811.20","29,600.70",6.809,
2023-06-05,"12,336.30","1,993.90",6.997,"14,570.25","8,829.30","9,638.15","44,101.65",187.07,"18,593.85","7,569.37","12,743.35","15,859.50","29,716.15",6.815,
2023-06-06,"12,427.00","2,001.00",6.977,"14,729.50","8,864.80","9,628.15","44,164.55",187.74,"18,599.00","7,576.56","12,757.40","15,878.40","29,852.75",6.809,
2023-06-07,"12,576.80","1,977.90",6.982,"14,819.45","8,946.00","9,704.75","44,275.30",189.96,"18,726.40","7,634.07","12,900.80","16,006.70","30,060.10",6.816,
2023-06-08,"12,494.40","1,998.10",7.021,"14,692.00","8,906.80","9,609.60","43,995.25",189.92,"18,634.55","7,594.30","12,831.40","15,921.05","29,905.30",6.892,
2023-06-09,"12,510.10","1,996.80",7.039,"14,626.00","8,874.40","9,598.85","43,989.00",188.58,"18,563.40","7,571.09","12,814.80","15,877.40","29,987.65",6.893,
2023-06-12,"12,642.20","1,989.30",7.016,"14,673.85","8,899.80","9,675.65","43,944.20",188.54,"18,601.50","7,592.80","12,890.60","15,929.10","30,138.05",6.862,
2023-06-13,"12,747.55","1,978.10",7.002,"14,658.30","8,984.65","9,795.50","44,079.85",190.18,"18,716.15","7,651.48","13,042.20","16,048.20","30,366.70",6.869,
2023-06-14,"12,807.85","1,988.30",7.011,"14,682.70","9,035.75","9,819.65","43,988.00",190.58,"18,755.90","7,666.73","13,078.75","16,084.05","30,385.95",6.897,
2023-06-15,"12,801.75","1,990.20",7.036,"14,707.85","9,055.95","9,803.35","43,443.60",190.82,"18,688.10","7,649.96","13,100.90","16,058.25","30,463.55",6.851,
2023-06-16,"12,884.75","1,990.70",7.034,"14,768.45","9,117.95","9,884.20","43,938.15",192.24,"18,826.00","7,708.30","13,192.90","16,181.45","30,951.25",6.89,
2023-06-19,"12,929.20","1,947.70",7.053,"14,676.70","9,096.65","9,891.55","43,633.75",191.84,"18,755.45","7,684.49","13,195.05","16,142.15","30,922.05",6.905,
2023-06-20,"13,030.25","1,967.20",7.059,"14,785.65","9,129.35","9,957.55","43,766.50",192.76,"18,816.70","7,708.96","13,255.90","16,199.95","30,988.10",6.937,
2023-06-21,"13,059.30","1,964.40",7.067,"14,777.70","9,109.95","10,032.40","43,859.20",192.45,"18,856.85","7,730.37","13,353.30","16,240.95","31,065.50",6.951,
2023-06-22,"13,003.70","1,943.00",7.086,"14,702.10","9,063.10","9,911.45","43,724.85",190.63,"18,771.25","7,681.55","13,241.80","16,140.80","30,659.10",6.92,
2023-06-23,"12,853.60","1,948.90",7.074,"14,550.20","8,953.00","9,807.25","43,622.90",190.33,"18,665.50","7,622.62","13,077.50","16,011.80","30,284.30",6.917,
2023-06-26,"12,945.35","1,953.10",7.066,"14,717.85","9,026.75","9,883.80","43,641.05",191.05,"18,691.20","7,646.14","13,187.55","16,066.15","30,434.60",6.925,
2023-06-27,"13,052.20","1,943.00",7.063,"14,729.90","9,033.95","9,945.10","44,121.50",191.75,"18,817.40","7,693.22","13,250.60","16,163.50","30,630.60",6.93,
2023-06-28,"13,056.60","1,941.30",7.056,"14,840.55","9,106.45","10,040.05","44,327.80",192.97,"18,972.10","7,751.14","13,316.45","16,277.20","30,947.20",6.922,
2023-06-29,,"1,936.80",,,,,,,,,,,,,
2023-06-30,"13,145.60","1,948.50",7.11,"15,147.65","9,204.15","10,126.85","44,747.35",193.84,"19,189.05","7,824.94","13,401.45","16,430.00","31,290.15",6.944,
2023-07-03,"13,248.70","1,948.60",7.117,"15,106.85","9,193.20","10,142.95","45,158.10",194.82,"19,322.55","7,869.84","13,427.60","16,527.95","31,640.20",7.003,
2023-07-04,"13,217.60","1,927.10",7.119,"15,035.05","9,169.35","10,119.60","45,301.45",194.83,"19,389.00","7,884.34","13,405.20","16,556.05","31,625.55",7.023,
2023-07-05,"13,378.80","1,946.20",7.105,"15,281.90","9,223.95","10,194.15","45,151.80",196.73,"19,398.50","7,901.56","13,481.65","16,597.20","32,009.20",7.025,
2023-07-06,"13,477.60","1,934.60",7.147,"15,453.70","9,311.65","10,267.40","45,339.90",198.18,"19,497.30","7,946.59","13,593.10","16,695.05","32,245.85",7.049,
2023-07-07,"13,461.00","1,951.60",7.159,"15,498.85","9,268.00","10,169.95","44,925.00",197.13,"19,331.80","7,882.91","13,490.70","16,564.90","32,123.30",7.047,
2023-07-10,"13,453.05","1,950.10",7.149,"15,403.20","9,270.00","10,141.85","44,860.85",195.92,"19,355.90","7,879.37","13,433.50","16,553.75","31,854.30",7.052,
2023-07-11,"13,584.00","1,956.20",7.095,"15,617.45","9,361.20","10,249.25","44,745.05",197.37,"19,439.40","7,920.48","13,534.35","16,648.00","32,352.40",7.012,
2023-07-12,"13,693.45","1,980.80",7.118,"15,614.90","9,377.20","10,286.00","44,639.45",197.45,"19,384.30","7,912.86","13,600.00","16,641.05","32,584.15",7.021,
2023-07-13,"13,551.30","1,982.90",7.071,"15,519.70","9,333.05","10,193.95","44,665.05",196.65,"19,413.75","7,911.95","13,522.40","16,623.90","32,220.25",6.991,
2023-07-14,"13,708.80","1,983.40",7.089,"15,576.10","9,382.00","10,350.95","44,819.30",196.92,"19,564.50","7,975.11","13,657.45","16,765.45","32,567.45",6.991,
2023-07-17,"13,846.05","1,975.50",7.074,"15,526.80","9,414.70","10,373.75","45,449.75",197.61,"19,711.45","8,024.43","13,709.10","16,872.05","32,671.10",6.982,
2023-07-18,"13,825.75","1,999.80",7.058,"15,513.80","9,416.10","10,368.60","45,410.85",197.1,"19,749.25","8,030.70","13,688.20","16,872.00","32,642.10",6.974,
2023-07-19,"13,941.60","1,999.90",7.072,"15,513.15","9,454.55","10,454.90","45,669.30",198.31,"19,833.15","8,066.39","13,769.80","16,953.50","33,071.10",6.988,
2023-07-20,"13,966.85","1,990.20",7.083,"15,577.00","9,493.20","10,476.25","46,186.90",199.27,"19,979.15","8,108.28","13,799.55","17,042.55","33,092.10",6.996,
2023-07-21,"13,995.45","1,985.80",7.087,"15,590.35","9,453.85","10,446.55","46,075.20",198.89,"19,745.00","8,031.37","13,772.85","16,904.30","33,010.40",7.004,
2023-07-24,"14,044.95","1,981.60",7.071,"15,617.55","9,453.30","10,461.20","45,923.05",199.88,"19,672.35","8,011.10","13,762.20","16,865.15","33,136.45",7.003,
2023-07-25,"14,109.85","1,983.10",7.1,"15,765.60","9,513.55","10,503.45","45,845.00",199.82,"19,680.60","8,026.61","13,829.15","16,896.90","33,070.05",6.998,
2023-07-26,"14,162.95","1,989.70",7.096,"15,763.25","9,548.95","10,562.15","46,062.35",201.0,"19,778.30","8,064.48","13,873.30","16,975.00","33,371.30",7.006,
2023-07-27,"14,213.50","1,965.30",7.12,"15,572.00","9,537.70","10,624.50","45,679.30",200.76,"19,659.90","8,037.20","13,898.90","16,919.20","33,330.65",7.004,
2023-07-28,"14,205.10","1,999.90",7.161,"15,537.90","9,577.10","10,686.30","45,468.10",201.83,"19,646.05","8,047.94","13,976.00","16,948.35","33,727.10",7.048,
2023-07-31,"14,443.85","2,009.20",7.172,"15,708.05","9,679.75","10,822.50","45,651.10",202.66,"19,753.80","8,098.49","14,140.00","17,059.00","33,995.70",7.076,
2023-08-01,"14,559.95","1,978.80",7.156,"15,688.70","9,684.45","10,793.95","45,592.50",202.41,"19,733.55","8,092.85","14,151.00","17,051.15","33,841.55",7.041,
2023-08-02,"14,345.15","1,975.00",7.154,"15,428.90","9,555.80","10,643.20","44,995.70",199.89,"19,526.55","8,003.76","13,975.20","16,858.95","33,402.80",7.049,
2023-08-03,"14,470.05","1,968.80",7.194,"15,379.80","9,533.05","10,657.55","44,513.45",199.36,"19,381.65","7,958.18","13,979.05","16,772.30","33,343.35",7.068,
2023-08-04,"14,564.90","1,976.10",7.193,"15,328.40","9,565.75","10,741.90","44,879.50",198.83,"19,517.00","8,014.90","14,079.30","16,890.60","33,494.25",7.085,
2023-08-07,"14,634.45","1,970.00",7.197,"15,390.90","9,616.25","10,787.80","44,837.50",200.1,"19,597.30","8,045.33","14,149.95","16,956.35","33,592.85",7.074,
2023-08-08,"14,667.15","1,959.90",7.168,"15,343.65","9,600.65","10,803.40","44,964.45",199.32,"19,570.85","8,040.41","14,186.20","16,949.25","33,807.45",7.061,
2023-08-09,"14,833.30","1,950.60",7.178,"15,486.20","9,681.20","10,855.90","44,880.70",200.52,"19,632.55","8,063.18","14,230.05","17,003.85","33,841.35",7.072,
2023-08-10,"14,847.65","1,948.90",7.154,"15,444.80","9,652.60","10,868.15","44,541.80",199.09,"19,543.10","8,033.56","14,228.50","16,939.85","33,721.50",7.083,
2023-08-11,"14,848.65","1,946.60",7.198,"15,378.10","9,623.40","10,821.85","44,199.10",197.72,"19,428.30","7,994.66","14,190.30","16,860.15","33,726.75",7.123,
2023-08-14,"14,785.30","1,944.00",7.209,"15,327.45","9,579.95","10,827.45","44,090.95",197.38,"19,434.55","7,981.06","14,153.95","16,825.55","33,534.45",7.124,
2023-08-15,,"1,935.20",,,,,,,,,,,,,
2023-08-16,"14,886.30","1,928.30",,"15,425.00","9,608.45","10,837.55","43,946.40",198.37,"19,465.00","7,993.53","14,172.60","16,853.05","33,583.85",,
2023-08-17,"14,922.65","1,915.20",7.25,"15,399.25","9,588.75","10,872.75","43,891.35",197.99,"19,365.25","7,965.63","14,215.20","16,802.25","33,627.55",7.212,
2023-08-18,"14,879.40","1,916.50",7.214,"15,391.75","9,557.35","10,824.30","43,851.05",197.32,"19,310.15","7,943.91","14,193.45","16,757.70","33,638.35",7.186,
2023-08-21,"15,004.30","1,923.00",7.22,"15,427.60","9,596.30","10,904.00","44,002.00",197.94,"19,393.60","7,988.56","14,302.15","16,852.05","33,778.50",7.029,
2023-08-22,"15,181.55","1,926.00",7.218,"15,507.90","9,646.50","11,009.20","43,993.25",198.71,"19,396.45","8,011.45","14,454.10","16,905.25","34,092.15",7.117,
2023-08-23,"15,330.00","1,948.10",7.194,"15,498.10","9,676.55","11,081.70","44,479.05",198.99,"19,444.00","8,030.22","14,508.75","16,950.25","34,383.10",7.095,
2023-08-24,"15,384.80","1,947.10",7.193,"15,459.30","9,652.95","11,131.05","44,496.20",198.73,"19,386.70","8,019.98","14,547.85","16,930.15","34,246.75",7.117,
2023-08-25,"15,354.75","1,939.90",7.206,"15,363.60","9,584.80","11,021.60","44,231.45",197.48,"19,265.80","7,966.68","14,440.65","16,820.85","33,905.50",7.1,
2023-08-28,"15,486.00","1,946.80",7.178,"15,475.25","9,631.45","11,073.05","44,494.65",198.15,"19,306.05","7,988.57","14,502.60","16,875.30","33,978.15",7.106,
2023-08-29,"15,637.65","1,965.10",7.18,"15,578.90","9,680.65","11,109.35","44,495.25",198.41,"19,342.65","8,011.56","14,559.30","16,927.30","34,115.45",7.094,
2023-08-30,"15,778.50","1,973.00",7.185,"15,678.10","9,717.70","11,205.35","44,232.60",198.76,"19,347.45","8,026.22","14,654.45","16,968.95","34,424.75",7.126,
2023-08-31,"15,890.20","1,965.90",7.166,"15,670.25","9,709.65","11,182.65","43,989.15",196.89,"19,253.80","7,995.44","14,693.85","16,924.30","34,723.85",7.109,
2023-09-01,"15,985.25","1,967.10",7.175,"15,928.30","9,801.65","11,260.60","44,436.10",197.82,"19,435.30","8,065.53","14,810.15","17,074.55","35,082.65",7.16,
2023-09-04,"16,170.50","1,952.60",7.204,"15,943.60","9,851.85","11,327.05","44,578.30",198.63,"19,528.80","8,109.62","14,935.05","17,180.95","35,491.25",7.184,
2023-09-05,"16,252.50","1,952.60",7.206,"15,942.75","9,898.10","11,437.65","44,532.15",199.53,"19,574.90","8,143.48","15,100.70","17,252.10","35,885.15",7.183,
2023-09-06,"16,220.30","1,944.20",7.21,"15,921.25","9,904.85","11,469.65","44,409.10",199.74,"19,611.05","8,159.17","15,104.05","17,284.60","35,680.75",7.216,
2023-09-07,"16,328.30","1,942.50",7.173,"15,995.85","9,933.35","11,520.80","44,878.35",201.01,"19,727.05","8,205.90","15,200.05","17,385.50","35,839.95",7.18,
2023-09-08,"16,394.15","1,942.70",7.199,"16,102.90","9,985.70","11,647.15","45,156.40",202.25,"19,819.95","8,254.47","15,341.05","17,487.45","36,197.55",7.2,
2023-09-11,,"1,947.20",7.209,"16,374.95","10,079.35","11,725.65","45,570.70",203.52,"19,996.35","8,331.04","15,504.90","17,653.35","36,799.55",7.191,
2023-09-12,"15,665.40","1,935.10",7.203,"16,070.05","9,871.00","11,386.50","45,511.35",202.5,"19,993.20","8,263.05","15,045.10","17,460.55","35,508.65",7.24,
2023-09-13,"15,873.80","1,932.50",7.172,"15,995.95","9,872.15","11,454.95","45,909.45",202.92,"20,070.00","8,289.68","15,063.55","17,526.75","35,738.20",7.18,
2023-09-14,"16,060.00","1,932.80",7.101,"16,169.65","9,942.70","11,582.80","46,000.85",203.3,"20,103.10","8,320.78","15,204.15","17,603.50","36,109.75",7.147,
2023-09-15,"16,157.15","1,946.20",7.158,"16,425.80","9,986.70","11,635.90","46,231.50",204.17,"20,192.35","8,353.38","15,222.70","17,665.80","36,010.45",7.17,
2023-09-18,"16,079.90","1,953.40",7.149,"16,563.90","9,977.35","11,595.50","45,979.85",205.47,"20,133.30","8,327.79","15,168.65","17,613.60","36,120.75",7.2,
2023-09-19,,"1,953.70",,,,,,,,,,,,,
2023-09-20,"16,017.40","1,967.10",7.153,"16,479.70","9,903.15","11,594.70","45,384.60",204.37,"19,901.40","8,247.72","15,121.10","17,449.35","35,888.90",7.196,
2023-09-21,"15,856.95","1,939.60",7.136,"16,200.40","9,808.10","11,502.50","44,623.85",202.24,"19,742.35","8,180.15","14,990.90","17,303.50","35,552.45",7.188,
2023-09-22,"15,892.50","1,945.60",7.15,"16,234.35","9,753.05","11,494.90","44,612.05",202.71,"19,674.25","8,157.22","14,975.50","17,260.80","35,667.50",7.202,
2023-09-25,"15,958.55","1,936.60",7.15,"16,221.55","9,739.45","11,600.65","44,766.10",202.32,"19,674.55","8,161.26","15,054.85","17,272.55","35,763.25",7.122,
2023-09-26,"16,012.05","1,919.80",7.146,"16,278.25","9,759.15","11,554.70","44,624.20",202.89,"19,664.70","8,159.34","15,045.60","17,276.75","35,986.00",7.214,
2023-09-27,"16,127.05","1,890.90",7.173,"16,283.40","9,797.70","11,655.00","44,588.30",203.51,"19,716.45","8,188.71","15,158.30","17,341.60","36,373.85",6.516,
2023-09-28,"16,079.35","1,898.00",7.238,"16,092.20","9,674.30","11,453.65","44,300.95",201.6,"19,523.55","8,104.91","14,985.50","17,170.45","36,093.40",7.273,
2023-09-29,"16,194.00","1,885.40",7.21,"16,184.40","9,796.80","11,611.65","44,584.55",204.17,"19,638.30","8,162.68","15,141.05","17,292.60","36,496.65",7.256,
2023-10-02,,"1,866.40",,,,,,,,,,,,,
2023-10-03,"16,232.00","1,860.70",7.235,"15,990.60","9,723.65","11,607.60","44,399.05",202.08,"19,528.75","8,135.75","15,180.45","17,254.40","36,802.70",7.279,
2023-10-04,"16,080.45","1,853.80",7.238,"15,782.60","9,607.30","11,448.90","43,964.05",199.83,"19,436.10","8,077.67","14,984.95","17,123.10","36,154.10",7.303,
2023-10-05,"16,234.05","1,850.80",7.214,"15,916.10","9,627.55","11,453.90","44,213.35",200.33,"19,545.75","8,110.59","14,975.70","17,195.80","36,124.20",7.286,
2023-10-06,"16,344.35","1,864.40",7.339,"15,990.65","9,671.45","11,543.70","44,360.60",202.48,"19,653.50","8,155.64","15,063.50","17,293.60","36,326.80",7.347,
2023-10-09,"15,964.25","1,883.50",7.386,"15,832.85","9,581.15","11,415.65","43,886.50",201.26,"19,512.35","8,081.60","14,861.50","17,127.70","35,546.25",7.371,
2023-10-10,"16,204.80","1,894.60",7.351,"16,028.70","9,678.45","11,568.45","44,360.15",202.51,"19,689.85","8,165.13","15,046.40","17,303.35","36,200.00",7.337,
2023-10-11,"16,364.15","1,906.80",7.307,"16,175.80","9,747.90","11,607.55","44,516.90",204.45,"19,811.35","8,213.19","15,121.55","17,407.35","36,398.65",7.312,
2023-10-12,"16,521.55","1,902.50",7.302,"16,301.70","9,789.05","11,646.30","44,599.20",204.71,"19,794.00","8,216.79","15,158.10","17,419.70","36,495.55",7.33,
2023-10-13,"16,531.00","1,961.10",7.32,"16,444.95","9,808.75","11,626.70","44,287.95",204.75,"19,751.05","8,203.77","15,141.35","17,390.35","36,378.60",7.296,
2023-10-16,"16,641.35","1,953.90",7.333,"16,519.35","9,843.30","11,648.90","44,225.90",204.47,"19,731.75","8,199.96","15,167.45","17,393.00","36,572.80",7.325,
2023-10-17,"16,808.70","1,955.40",7.328,"16,522.75","9,873.70","11,672.65","44,409.50",205.41,"19,811.50","8,233.89","15,234.35","17,467.70","36,994.65",7.321,
2023-10-18,"16,809.15","1,988.10",7.353,"16,535.40","9,852.75","11,542.75","43,888.70",204.27,"19,671.10","8,171.94","15,125.75","17,344.00","36,657.80",7.339,
2023-10-19,"16,816.05","2,000.20",7.369,"16,618.00","9,827.30","11,537.85","43,754.50",204.73,"19,624.70","8,152.53","15,106.95","17,310.50","36,707.20",7.341,
2023-10-20,"16,694.30","2,014.50",7.365,"16,497.85","9,724.60","11,346.45","43,723.05",203.66,"19,542.65","8,107.06","14,963.10","17,208.75","36,402.65",7.324,
2023-10-23,"15,828.85","2,007.80",7.382,"16,277.85","9,543.35","11,140.35","43,151.20",201.84,"19,281.75","7,970.42","14,557.10","16,888.70","35,060.45",7.343,
2023-10-24,,"2,006.10",,,,,,,,,,,,,
2023-10-25,"15,697.65","2,015.00",7.343,"16,210.45","9,496.35","11,066.55","42,832.00",200.5,"19,122.15","7,911.52","14,470.25","16,760.80","34,748.55",7.34,
2023-10-26,"15,738.70","2,017.60",7.366,"15,953.05","9,374.90","10,893.00","42,280.15",197.42,"18,857.25","7,808.36","14,305.25","16,555.45","34,466.75",7.343,
2023-10-27,"16,089.10","2,018.70",7.351,"16,169.15","9,474.65","11,033.10","42,782.00",199.78,"19,047.25","7,901.65","14,513.70","16,765.45","35,290.55",7.321,
2023-10-30,"16,133.70","2,026.00",7.369,"16,023.45","9,465.10","11,022.10","43,039.15",200.38,"19,140.90","7,933.26","14,533.40","16,826.10","35,259.30",7.325,
2023-10-31,"16,175.15","2,014.60",7.351,"15,916.20","9,428.75","11,068.85","42,845.95",201.04,"19,079.60","7,921.92","14,566.30","16,801.10","35,216.15",7.319,
2023-11-01,"16,157.00","2,007.80",7.358,"15,835.65","9,405.80","11,049.05","42,700.95",200.0,"18,989.15","7,887.10","14,545.10","16,732.95","35,187.05",7.342,
2023-11-02,"16,294.25","2,013.90",7.322,"15,948.65","9,503.90","11,225.60","43,017.20",202.67,"19,133.25","7,960.97","14,718.50","16,890.80","35,818.10",7.29,
2023-11-03,"16,455.20","2,019.60",7.317,"16,045.40","9,549.55","11,311.35","43,318.25",203.95,"19,230.60","8,009.71","14,819.10","17,000.95","36,058.10",7.286,
2023-11-06,"16,648.50","2,009.00",7.305,"16,172.75","9,642.00","11,380.85","43,619.40",205.89,"19,411.75","8,084.38","14,953.75","17,159.40","36,381.95",7.261,
2023-11-07,"16,742.25","1,993.80",7.28,"16,143.75","9,668.05","11,403.10","43,737.90",207.0,"19,406.70","8,094.71","14,994.10","17,187.80","36,518.70",7.252,
2023-11-08,"16,788.25","1,978.10",7.266,"16,220.80","9,743.95","11,501.05","43,658.65",208.35,"19,443.50","8,124.17","15,138.70","17,259.70","36,976.15",7.225,
2023-11-09,"16,778.70","1,989.90",7.269,"16,355.30","9,740.90","11,554.55","43,683.60",208.84,"19,395.30","8,108.37","15,142.80","17,218.90","37,023.10",7.247,
2023-11-10,"16,855.95","1,957.70",7.3,"16,286.70","9,749.75","11,613.75","43,820.10",209.52,"19,425.35","8,120.68","15,199.15","17,256.60","37,286.65",7.259,
2023-11-12,"17,072.60",,,"16,377.05","9,796.40","11,691.15","43,996.65",210.45,"19,525.55","8,165.78","15,298.95","17,361.10","37,615.85",,
2023-11-13,"17,148.60","1,970.20",7.283,"16,365.30","9,777.30","11,673.40","43,891.25",209.97,"19,443.55","8,141.82","15,292.20","17,318.60","37,896.60",7.25,
2023-11-14,,"1,986.40",,,,,,,,,,,,,
2023-11-15,"17,370.25","1,984.30",7.225,"16,648.50","9,892.65","11,774.95","44,201.70",212.16,"19,675.45","8,230.54","15,424.75","17,508.05","38,227.25",7.205,
2023-11-16,"17,413.70","2,007.50",7.232,"16,788.90","9,954.65","11,875.35","44,161.55",212.6,"19,765.20","8,270.02","15,532.80","17,593.10","38,458.55",7.191,
2023-11-17,"17,495.60","2,004.80",7.212,"16,905.50","10,011.35","11,905.45","43,583.95",213.48,"19,731.80","8,270.08","15,586.10","17,600.50","38,538.05",7.193,
2023-11-20,"17,619.15","2,000.40",7.252,"16,777.30","9,972.10","11,919.80","43,584.95",214.02,"19,694.00","8,255.21","15,589.70","17,573.65","38,762.50",7.219,
2023-11-21,"17,636.50","2,021.80",7.269,"16,860.10","10,038.40","11,954.55","43,689.15",214.32,"19,783.40","8,277.92","15,595.10","17,627.60","38,397.80",7.244,
2023-11-22,"17,562.10","2,013.20",7.247,"16,972.20","10,073.40","11,941.90","43,449.60",213.76,"19,811.85","8,284.85","15,625.85","17,627.70","38,098.10",7.252,
2023-11-23,"17,603.45","2,003.00",7.253,"17,033.55","10,078.95","11,960.35","43,577.50",215.01,"19,802.00","8,287.56","15,641.60","17,639.40","38,249.55",7.251,
2023-11-24,"17,631.70","2,023.50",7.272,"17,040.35","10,092.10","11,955.25","43,769.10",214.95,"19,794.70","8,287.04","15,673.50","17,643.50","38,316.50",7.261,
2023-11-27,,"2,033.00",,,,,,,,,,,,,
2023-11-28,"17,664.70","2,060.20",7.273,"17,202.75","10,134.65","12,031.60","43,880.95",215.91,"19,889.70","8,337.69","15,734.35","17,741.80","38,335.65",7.28,
2023-11-29,"17,684.00","2,086.60",7.252,"17,482.45","10,216.50","12,113.80","44,566.45",217.34,"20,096.60","8,413.44","15,838.85","17,904.10","38,710.20",7.251,
2023-11-30,"17,888.25","2,076.70",7.279,"17,551.85","10,305.05","12,200.60","44,481.75",219.61,"20,133.15","8,450.37","15,963.25","17,987.95","39,097.85",7.263,
2023-12-01,"17,886.70","2,109.20",7.29,"17,489.05","10,351.40","12,334.50","44,814.20",222.74,"20,267.90","8,509.55","16,104.80","18,115.35","39,649.65",7.272,
2023-12-04,"18,099.35","2,061.60",7.271,"17,687.25","10,466.50","12,464.45","46,431.40",226.65,"20,686.80","8,670.69","16,302.45","18,448.50","40,408.90",7.251,
2023-12-05,"18,086.35","2,055.70",7.262,"17,792.10","10,505.50","12,508.05","47,012.25",228.08,"20,855.10","8,742.37","16,364.10","18,588.55","40,494.45",7.236,
2023-12-06,"18,090.00","2,067.30",7.248,"17,788.40","10,532.80","12,549.40","46,834.55",228.55,"20,937.70","8,788.39","16,389.05","18,680.00","40,715.10",7.221,
2023-12-07,"18,078.80","2,065.80",7.236,"17,867.35","10,567.70","12,631.20","46,841.40",228.91,"20,901.15","8,800.19","16,479.85","18,703.85","40,776.45",7.223,
2023-12-08,"18,039.20","2,033.90",7.266,"17,769.10","10,524.65","12,624.20","47,262.00",227.73,"20,969.40","8,805.03","16,447.95","18,703.50","40,686.75",7.22,
2023-12-11,"18,248.95","2,013.00",7.281,"17,852.30","10,572.95","12,684.70","47,314.25",228.68,"20,997.10","8,834.55","16,560.50","18,770.20","41,276.15",7.223,
2023-12-12,"18,168.15","2,012.50",7.275,"17,726.50","10,507.15","12,650.35","47,097.55",228.35,"20,906.40","8,790.27","16,490.50","18,686.80","41,276.55",7.209,
2023-12-13,"18,425.40","2,016.70",7.259,"17,917.90","10,591.15","12,815.55","47,092.25",231.5,"20,926.35","8,818.75","16,629.55","18,751.45","41,759.80",7.194,
2023-12-14,"18,480.40","2,064.20",7.194,"18,045.05","10,637.35","13,000.70","47,732.30",232.82,"21,182.70","8,927.36","16,813.75","18,973.85","42,340.30",7.109,
2023-12-15,"18,522.40","2,055.20",7.163,"18,038.25","10,694.80","13,029.35","48,143.55",235.89,"21,456.65","9,008.01","16,850.05","19,145.05","42,518.90",7.058,
2023-12-18,"18,614.15","2,060.10",7.153,"18,068.25","10,756.90","13,039.10","47,867.70",233.58,"21,418.65","9,008.50","16,902.45","19,155.55","42,508.95",7.055,
2023-12-19,"18,683.90","2,071.80",7.171,"17,932.70","10,734.60","12,977.65","47,870.90",234.89,"21,453.10","9,016.08","16,836.75","19,169.25","42,490.20",7.061,
2023-12-20,"17,898.80","2,067.30",7.171,"17,523.55","10,499.35","12,560.00","47,445.30",230.24,"21,150.15","8,842.33","16,323.90","18,779.45","41,005.10",7.056,
2023-12-21,"18,279.85","2,071.00",7.184,"17,537.85","10,581.40","12,764.85","47,840.15",231.53,"21,255.05","8,915.45","16,560.65","18,941.80","41,666.65",7.022,
2023-12-22,"18,432.80","2,088.80",7.188,"17,778.90","10,702.30","12,838.20","47,491.85",232.51,"21,349.40","8,962.63","16,693.00","19,054.70","41,811.60",7.064,
2023-12-26,"18,574.70","2,089.60",7.183,"17,953.55","10,818.90","12,905.60","47,724.85",235.08,"21,441.35","9,009.21","16,787.00","19,148.85","41,962.35",7.08,
2023-12-27,"18,585.65","2,112.90",7.205,"18,224.85","10,901.90","12,946.50","48,282.20",236.57,"21,654.75","9,079.68","16,852.45","19,296.95","42,025.45",7.073,
2023-12-28,"18,517.40","2,103.50",7.207,"18,408.60","10,991.70","13,066.25","48,508.55",239.14,"21,778.70","9,130.16","16,933.75","19,399.25","42,059.40",7.094,
2023-12-29,"18,656.75","2,091.80",7.176,"18,618.20","11,037.95","13,144.95","48,292.25",239.19,"21,731.40","9,140.46","17,077.05","19,429.15","42,306.30",7.08,
2024-01-01,"18,885.40",,7.196,"18,594.35","11,033.50","13,225.40","48,234.30",239.74,"21,741.90","9,156.02","17,174.00","19,469.50","42,422.35",7.085,
2024-01-02,"18,944.20","2,093.50",7.206,"18,339.35","11,024.05","13,198.35","47,761.65",239.85,"21,665.80","9,129.10","17,148.10","19,418.40","42,330.50",7.065,
2024-01-03,"19,070.40","2,062.70",7.216,"18,317.50","10,997.30","13,226.10","47,704.95",240.84,"21,517.35","9,101.77","17,189.95","19,367.15","42,480.35",7.058,
2024-01-04,"19,321.85","2,069.90",7.22,"18,326.75","11,021.45","13,455.20","48,195.85",242.13,"21,658.60","9,181.47","17,443.75","19,541.25","43,080.20",7.06,
2024-01-05,"19,396.15","2,069.70",7.235,"18,406.95","11,031.90","13,461.55","48,159.00",242.26,"21,710.80","9,202.48","17,499.65","19,590.60","43,353.25",7.051,
2024-01-08,"19,375.70","2,053.40",7.203,"18,350.20","10,944.90","13,291.05","47,450.25",240.68,"21,513.00","9,117.99","17,350.55","19,417.70","43,343.05",7.053,
2024-01-09,"19,392.45","2,053.00",7.189,"18,519.80","10,997.10","13,253.05","47,242.65",240.96,"21,544.85","9,137.11","17,382.00","19,459.55","43,325.85",7.054,
2024-01-10,"19,484.95","2,047.80",7.178,"18,559.10","11,041.75","13,235.85","47,360.85",240.21,"21,618.70","9,167.11","17,425.35","19,517.85","43,432.00",7.035,
2024-01-11,"19,665.40","2,039.00",7.165,"18,755.10","11,089.40","13,271.65","47,438.35",241.6,"21,647.20","9,193.10","17,500.50","19,584.35","43,397.00",7.037,
2024-01-12,"19,709.10","2,071.40",7.178,"18,715.20","11,089.60","13,353.80","47,709.80",243.4,"21,894.55","9,273.59","17,563.85","19,745.60","43,748.60",7.031,
2024-01-15,"19,722.70","2,030.20",7.148,"18,765.25","11,135.85","13,477.55","48,158.30",244.97,"22,097.45","9,344.13","17,656.35","19,885.55","44,378.05",7.013,
2024-01-16,"19,647.25","2,049.90",7.146,"18,712.70","11,115.25","13,410.85","48,125.10",244.92,"22,032.30","9,316.01","17,599.80","19,827.55","44,363.60",7.005,
2024-01-17,"19,478.10","2,026.00",7.163,"18,447.25","10,969.80","13,236.95","46,064.45",242.55,"21,571.95","9,148.87","17,413.15","19,487.60","44,157.60",7.025,
2024-01-18,"19,525.90","2,041.10",7.178,"18,496.25","10,974.10","13,292.50","45,713.55",242.1,"21,462.25","9,113.72","17,409.45","19,414.80","44,251.10",7.028,
2024-01-19,"19,696.85","2,048.60",7.184,"18,694.60","11,092.60","13,477.20","45,701.15",245.87,"21,622.40","9,202.71","17,670.85","19,606.40","45,381.95",7.019,
2024-01-20,"19,854.65",,,"18,672.60","11,039.30","13,481.50","46,058.20",246.3,"21,571.80","9,195.84","17,732.10","19,611.40","45,752.40",,
2024-01-22,,"2,041.60",,,,,,,,,,,,,
2024-01-23,"19,308.90","2,045.20",7.174,"18,361.00","10,867.15","13,049.05","45,015.05",242.32,"21,238.80","9,017.16","17,204.35","19,206.45","43,958.40",7.035,
2024-01-24,"19,626.75","2,035.20",7.181,"18,593.70","11,051.90","13,356.20","45,082.40",245.86,"21,453.95","9,127.52","17,495.55","19,451.00","45,056.80",7.019,
2024-01-25,"19,852.85","2,036.80",7.171,"18,614.90","11,012.70","13,240.00","44,866.15",245.31,"21,352.60","9,095.36","17,413.75","19,393.00","45,055.70",7.018,
2024-01-26,,"2,036.10",,,,,,,,,,,,,
2024-01-29,"20,085.30","2,044.60",7.171,"18,927.25","11,179.80","13,543.80","45,442.35",249.29,"21,737.60","9,249.26","17,669.70","19,711.65","45,895.40",7.018,
2024-01-30,"20,150.75","2,070.50",7.155,"18,878.35","11,104.95","13,476.35","45,367.75",247.19,"21,522.10","9,175.00","17,607.15","19,574.20","45,991.30",7.009,
2024-01-31,"20,486.25","2,087.00",7.144,"19,227.15","11,282.45","13,620.60","45,996.80",249.22,"21,725.70","9,273.94","17,884.70","19,802.10","47,075.20",6.999,
2024-02-01,"20,412.70","2,090.60",7.064,"19,328.70","11,249.65","13,529.35","46,188.65",248.89,"21,697.45","9,261.03","17,782.80","19,777.35","46,758.50",7.0,
2024-02-02,"20,493.10","2,073.40",7.05,"19,380.50","11,365.40","13,657.70","45,970.95",252.08,"21,853.80","9,326.70","17,873.35","19,910.80","47,086.15",6.981,
2024-02-05,"20,430.40","2,062.70",7.091,"19,615.30","11,412.70","13,700.05","45,825.55",252.38,"21,771.70","9,296.41","17,871.55","19,853.50","46,752.00",7.004,
2024-02-06,"20,696.80","2,071.20",7.092,"19,903.85","11,552.75","13,862.90","45,690.80",256.24,"21,929.40","9,380.35","18,082.00","20,033.75","46,896.70",6.987,
2024-02-07,"20,814.05","2,071.50",7.074,"19,903.80","11,577.75","13,930.80","45,818.50",257.1,"21,930.50","9,415.46","18,203.35","20,109.55","47,499.10",7.014,
2024-02-08,"20,775.30","2,067.80",7.082,"19,649.50","11,542.80","13,948.60","45,012.00",255.88,"21,717.95","9,358.41","18,161.85","19,987.55","47,460.25",7.011,
2024-02-09,"20,444.75","2,058.60",7.114,"19,576.00","11,483.90","13,840.90","45,634.55",256.43,"21,782.50","9,353.30","18,003.10","19,961.50","46,578.95",7.05,
2024-02-12,"19,659.30","2,053.00",7.097,"19,419.60","11,377.55","13,579.30","44,882.25",254.07,"21,616.05","9,238.54","17,572.25","19,675.20","45,018.45",7.048,
2024-02-13,"19,694.85","2,027.10",7.097,"19,433.05","11,379.25","13,638.45","45,502.40",256.22,"21,743.25","9,291.48","17,622.65","19,782.90","45,310.55",7.057,
2024-02-14,"20,023.75","2,024.00",7.114,"19,716.00","11,490.65","13,776.35","45,908.30",258.35,"21,840.05","9,354.06","17,773.85","19,922.30","45,796.60",7.08,
2024-02-15,"20,257.75","2,034.70",7.085,"19,981.70","11,574.85","13,914.40","46,218.90",260.82,"21,910.75","9,404.01","17,941.80","20,037.00","46,321.30",7.052,
2024-02-16,"20,400.15","2,043.90",7.099,"20,423.45","11,698.15","14,035.45","46,384.85",263.12,"22,040.70","9,463.24","18,081.70","20,164.90","46,543.05",7.074,
2024-02-19,"20,646.95","2,039.80",,"20,481.60","11,743.00","14,022.25","46,535.50",264.19,"22,122.25","9,495.50","18,166.65","20,241.10","46,823.45",,
2024-02-20,"20,622.00","2,059.60",7.062,"20,354.25","11,714.90","13,984.00","47,094.20",263.71,"22,196.95","9,514.67","18,137.40","20,271.90","46,681.90",7.011,
2024-02-21,"20,349.50","2,054.00",7.045,"20,252.55","11,673.50","13,813.55","47,019.70",262.59,"22,055.05","9,446.11","17,939.45","20,128.30","46,019.00",7.0,
2024-02-22,"20,430.55","2,050.50",7.062,"20,584.85","11,795.30","13,961.95","46,919.80",264.96,"22,217.45","9,522.78","18,082.90","20,283.95","46,615.05",7.02,
2024-02-23,"20,553.75","2,069.30",7.077,"20,621.35","11,845.80","14,062.20","46,811.75",264.95,"22,212.70","9,532.25","18,149.05","20,313.50","46,959.75",7.006,
2024-02-26,"20,561.40","2,058.80",7.063,"20,642.40","11,812.50","13,977.90","46,576.50",263.9,"22,122.05","9,504.24","18,093.00","20,255.80","46,919.60",7.001,
2024-02-27,"20,448.60","2,064.10",7.068,"20,788.55","11,875.25","13,931.95","46,588.05",264.15,"22,198.35","9,521.34","18,074.30","20,292.85","47,027.65",7.028,
2024-02-28,"19,971.55","2,062.70",7.065,"20,372.35","11,709.05","13,618.25","45,963.15",261.04,"21,951.15","9,395.47","17,749.00","20,020.40","46,137.90",7.02,
2024-02-29,"20,291.80","2,074.60",7.078,"20,412.40","11,748.25","13,745.85","46,120.90",262.29,"21,982.80","9,436.27","17,831.10","20,090.05","46,491.55",7.026,
2024-03-01,"20,332.15","2,116.00",7.06,"20,871.95","11,928.35","13,898.10","47,286.90",265.49,"22,338.75","9,560.48","17,974.65","20,349.80","46,864.55",7.004,
2024-03-02,"20,506.60",,,"20,941.95","11,998.55","13,976.95","47,297.50",266.19,"22,378.40","9,588.13","18,093.00","20,421.35","47,130.20",,
2024-03-04,"20,320.85","2,146.80",7.06,"20,840.20","12,002.40","14,056.75","47,456.10",267.31,"22,405.60","9,597.42","18,110.05","20,432.05","47,128.90",7.027,
2024-03-05,"20,187.70","2,162.50",7.057,"21,121.20","12,061.05","13,989.05","47,581.00",268.04,"22,356.30","9,579.05","18,065.20","20,382.00","46,755.20",7.032,
2024-03-06,"19,676.00","2,178.80",7.054,"21,181.30","12,088.95","13,915.80","47,965.40",268.89,"22,474.05","9,595.38","17,950.00","20,379.55","46,336.05",7.011,
2024-03-07,"19,749.85","2,185.90",7.031,"21,126.80","12,135.10","13,948.40","47,835.80",269.86,"22,493.55","9,617.63","17,995.70","20,434.80","46,686.00",7.008,
2024-03-08,,"2,206.30",,,,,,,,,,,,,
2024-03-11,"19,270.35","2,210.00",7.014,"21,001.15","12,093.35","13,876.40","47,327.85",269.0,"22,332.65","9,558.81","17,911.75","20,288.75","46,477.15",7.003,
2024-03-12,"18,779.85","2,187.70",7.026,"20,931.85","11,979.10","13,719.30","47,282.40",266.65,"22,335.70","9,518.68","17,685.60","20,171.40","45,774.10",7.002,
2024-03-13,"17,620.95","2,202.40",7.039,"20,338.25","11,602.55","13,189.05","46,981.30",260.01,"21,997.70","9,293.25","16,948.25","19,646.30","43,434.90",7.019,
2024-03-14,"18,333.30","2,189.10",7.041,"20,514.25","11,767.75","13,407.20","46,789.95",264.42,"22,146.65","9,411.39","17,308.75","19,916.35","44,767.95",7.027,
2024-03-15,"18,502.00","2,183.10",7.062,"20,192.30","11,658.90","13,345.55","46,594.10",263.11,"22,023.35","9,361.48","17,254.20","19,825.20","44,583.65",7.047,
2024-03-18,"18,546.40","2,185.90",7.087,"20,446.60","11,783.65","13,201.15","46,575.90",262.87,"22,055.70","9,370.80","17,215.85","19,843.10","44,274.30",7.048,
2024-03-19,"18,303.50","2,181.20",7.095,"20,354.10","11,651.30","12,981.90","46,384.80",259.45,"21,817.45","9,260.06","17,022.65","19,610.55","43,595.25",7.081,
2024-03-20,"18,268.45","2,182.40",7.097,"20,406.45","11,651.00","12,975.15","46,310.90",260.47,"21,839.10","9,270.98","17,011.75","19,632.05","43,925.30",7.073,
2024-03-21,"18,692.90","2,206.50",7.05,"20,700.25","11,892.75","13,305.40","46,684.90",263.67,"22,011.95","9,387.53","17,396.30","19,897.40","45,271.55",7.042,
2024-03-22,"18,948.50","2,181.60",7.087,"21,046.40","12,029.00","13,329.95","46,863.75",265.91,"22,096.75","9,429.29","17,502.80","19,994.60","45,591.15",7.064,
2024-03-25,,"2,198.20",,,,,,,,,,,,,
2024-03-26,"18,803.80","2,199.20",7.089,"21,038.30","12,062.00","13,474.10","46,600.20",266.75,"22,004.70","9,434.45","17,664.35","20,005.25","46,511.95",7.075,
2024-03-27,"18,925.20","2,232.40",7.072,"21,146.20","12,111.30","13,460.05","46,785.95",267.17,"22,123.65","9,470.86","17,685.85","20,087.80","46,807.35",7.079,
2024-03-28,"18,958.85","2,258.40",7.052,"21,419.10","12,240.00","13,526.50","47,124.60",270.33,"22,326.90","9,558.39","17,766.00","20,255.15","47,200.30",7.026,
2024-04-01,"19,606.85","2,277.50",,"21,385.25","12,374.65","13,772.60","47,578.25",270.76,"22,462.00","9,646.71","18,084.70","20,492.55","48,392.25",,
2024-04-02,"19,949.75","2,302.40",7.108,"21,614.25","12,517.80","13,922.60","47,545.45",271.72,"22,453.30","9,675.95","18,286.35","20,569.75","48,855.40",7.064,
2024-04-03,"20,258.75","2,335.90",7.104,"21,555.35","12,512.35","13,955.85","47,624.25",270.83,"22,434.65","9,684.42","18,378.60","20,605.70","49,245.20",7.051,
2024-04-04,"20,368.55","2,329.40",7.094,"21,651.85","12,489.90","13,941.15","48,060.80",269.89,"22,514.65","9,707.02","18,385.95","20,664.65","49,411.75",7.008,
2024-04-05,"20,454.75","2,366.60",7.117,"21,600.90","12,502.80","13,978.35","48,493.05",269.32,"22,513.70","9,724.63","18,473.25","20,715.10","49,628.85",7.058,
2024-04-08,"20,376.05","2,372.30",7.154,"22,067.95","12,625.20","13,957.10","48,581.70",270.28,"22,666.30","9,775.83","18,511.15","20,819.10","49,323.30",7.075,
2024-04-09,"20,378.35","2,383.90",,"21,999.35","12,604.95","13,941.60","48,730.55",269.34,"22,642.75","9,761.97","18,465.55","20,790.70","49,055.95",,
2024-04-10,"20,373.25","2,370.10",7.116,"21,985.15","12,662.15","14,097.95","48,986.60",270.69,"22,753.80","9,820.73","18,625.40","20,915.20","49,497.00",7.069,
2024-04-11,,"2,394.60",,,,,,,,,,,,,
2024-04-12,"20,209.90","2,396.30",7.179,"21,851.30","12,602.55","14,049.10","48,564.55",267.56,"22,519.40","9,736.20","18,534.70","20,745.50","49,075.95",7.083,
2024-04-15,"19,848.05","2,405.10",7.175,"21,680.30","12,481.35","13,841.30","47,773.25",265.35,"22,272.50","9,616.96","18,283.20","20,478.75","48,213.90",7.095,
2024-04-16,"20,051.85","2,430.00",7.193,"21,703.05","12,510.50","13,765.50","47,484.80",265.93,"22,147.90","9,580.67","18,260.60","20,423.00","48,229.85",7.117,
2024-04-17,,"2,410.50",,,,,,,,,,,,,
2024-04-18,"20,101.85","2,420.10",7.18,"21,520.75","12,462.55","13,687.05","47,069.45",263.45,"21,995.85","9,525.77","18,195.65","20,324.70","48,039.30",7.085,
2024-04-19,"20,044.50","2,436.10",7.225,"21,609.70","12,473.30","13,595.45","47,574.15",263.58,"22,147.00","9,560.57","18,111.25","20,385.20","47,743.75",7.153,
2024-04-22,"20,462.60","2,368.10",7.192,"21,812.70","12,612.65","13,681.25","47,924.90",266.65,"22,336.40","9,646.06","18,234.30","20,574.85","48,566.40",7.132,
2024-04-23,"20,626.50","2,363.70",7.167,"21,914.30","12,613.15","13,780.65","47,970.45",267.21,"22,368.00","9,669.36","18,417.95","20,652.65","49,282.55",7.119,
2024-04-24,"20,766.45","2,360.30",7.186,"21,896.90","12,723.20","13,901.80","48,189.00",267.66,"22,402.40","9,702.87","18,568.30","20,730.65","49,506.20",7.139,
2024-04-25,"20,888.05","2,364.50",7.204,"22,174.05","12,850.10","13,964.35","48,494.95",270.61,"22,570.35","9,765.05","18,643.25","20,867.90","49,881.70",7.142,
2024-04-26,"20,841.75","2,369.30",7.199,"22,111.55","12,887.35","14,083.25","48,201.05",270.89,"22,419.95","9,743.08","18,782.50","20,839.35","50,299.30",7.154,
2024-04-29,"20,951.60","2,379.80",7.196,"22,078.75","12,948.25","14,153.05","49,424.05",272.85,"22,643.40","9,829.59","18,847.00","20,992.20","50,173.95",7.138,
2024-04-30,"20,966.80","2,324.70",7.195,"22,479.90","12,970.00","14,161.90","49,396.75",272.08,"22,604.85","9,829.80","18,893.00","20,997.20","50,494.70",7.138,
2024-05-01,,"2,332.90",,,,,,,,,,,,,
2024-05-02,"21,031.90","2,331.60",7.162,"22,733.50","13,076.25","14,243.60","49,231.05",273.69,"22,648.20","9,873.52","18,975.25","21,083.60","51,158.70",7.135,
2024-05-03,"20,905.95","2,330.60",7.149,"22,541.35","13,017.15","14,189.30","48,923.55",273.5,"22,475.85","9,811.45","18,907.70","20,959.55","51,036.10",7.124,
2024-05-06,"20,608.00","2,353.40",7.108,"22,526.60","13,021.00","14,157.95","48,895.30",273.69,"22,442.70","9,776.42","18,821.30","20,864.95","50,313.65",7.074,
2024-05-07,"20,287.90","2,346.60",7.129,"22,114.00","12,796.00","13,874.70","48,285.35",270.37,"22,302.50","9,678.13","18,471.85","20,636.05","49,099.40",7.08,
2024-05-08,"20,455.10","2,344.80",7.138,"22,458.65","12,938.30","14,010.40","48,021.10",271.85,"22,302.50","9,711.02","18,568.70","20,704.90","49,712.15",7.091,
2024-05-09,"19,908.90","2,362.70",7.135,"22,633.30","12,793.90","13,755.65","47,487.90",267.09,"21,957.50","9,549.53","18,245.35","20,344.80","48,666.90",7.095,
2024-05-10,"20,125.75","2,397.70",7.127,"22,846.90","12,940.95","13,909.90","47,421.10",27.09,"22,055.20","9,608.08","18,423.30","20,469.10","48,961.00",7.079,
2024-05-13,"20,071.25","2,365.70",7.116,"22,462.65","13,003.75","14,064.80","47,754.10",27.13,"22,104.05","9,635.97","18,516.75","20,511.00","48,922.70",7.076,
2024-05-14,"20,494.15","2,382.50",7.109,"22,874.80","13,152.20","14,163.15","47,859.45",27.25,"22,217.85","9,706.20","18,690.10","20,683.80","49,974.25",7.061,
2024-05-15,"20,735.80","2,417.60",7.086,"22,759.85","13,244.55","14,262.55","47,687.45",27.27,"22,200.55","9,724.97","18,865.20","20,741.85","50,632.50",7.069,
2024-05-16,"20,857.25","2,408.30",7.076,"22,886.85","13,388.15","14,396.90","47,977.05",27.41,"22,403.85","9,814.44","19,048.80","20,929.05","51,290.00",7.048,
2024-05-17,"21,085.90","2,440.40",7.095,"23,285.65","13,565.55","14,515.20","48,115.65",27.64,"22,466.10","9,869.57","19,249.20","21,064.55","51,835.35",7.046,
2024-05-18,"21,230.00",,,"23,339.30","13,650.15","14,588.35","48,199.50",,"22,502.00","9,898.70","19,352.60","21,144.45","52,315.65",,
2024-05-20,,"2,461.70",,,,,,,,,,,,,
2024-05-21,"21,199.60","2,449.10",7.078,"23,353.75","13,792.55","14,614.50","48,048.20",27.71,"22,529.05","9,928.03","19,413.20","21,187.65","52,818.25",7.031,
2024-05-22,"21,246.45","2,415.70",6.997,"23,324.10","13,833.65","14,618.60","47,781.95",27.75,"22,597.80","9,959.00","19,469.35","21,237.75","52,848.80",7.033,
2024-05-23,"21,214.15","2,359.70",,"23,849.25","13,953.40","14,677.45","48,768.60",28.08,"22,967.65","10,086.08","19,562.55","21,489.55","53,503.15",,
2024-05-24,"21,130.05","2,356.90",6.998,"23,891.45","13,972.25","14,662.65","48,971.65",28.06,"22,957.10","10,083.65","19,553.15","21,483.75","53,550.45",6.999,
2024-05-27,"20,953.95","2,356.50",6.981,"23,877.15","13,953.30","14,783.75","49,281.80",27.95,"22,932.45","10,085.39","19,625.90","21,493.00","53,763.35",7.011,
2024-05-28,"20,704.25","2,379.30",6.995,"23,814.25","13,886.00","14,664.70","49,142.15",27.89,"22,888.15","10,041.45","19,474.95","21,387.35","53,066.60",7.003,
2024-05-29,"20,767.40","2,364.10",7.008,"23,757.95","13,892.90","14,637.80","48,501.35",27.75,"22,704.70","9,975.03","19,421.20","21,256.30","52,984.65",7.013,
2024-05-30,"20,455.15","2,389.30",7.003,"23,471.00","13,695.90","14,390.85","48,682.35",27.35,"22,488.65","9,879.18","19,196.70","21,038.55","52,446.05",6.997,
2024-05-31,"20,648.90","2,368.50",6.986,"23,419.60","13,684.95","14,443.45","48,983.95",27.29,"22,530.70","9,907.06","19,308.75","21,103.30","53,190.65",6.995,
2024-06-03,"21,022.65","2,392.00",6.947,"23,992.70","14,103.95","14,919.50","50,979.95",28.04,"23,263.90",,"19,889.85","21,797.40","55,710.25",7.026,
2024-06-04,"19,512.95","2,369.70",7.033,"23,193.30","13,243.25","13,762.25","46,928.60",27.58,"21,884.50",,"18,476.25","20,323.85","49,834.45",7.085,
2024-06-05,"20,141.95","2,398.10",7.026,"24,283.75","13,739.15","14,456.35","49,054.60",27.55,"22,620.35",,"19,189.80","21,054.40","51,844.60",7.067,
2024-06-06,"20,765.85","2,413.70",7.015,"24,396.70","13,915.60","14,724.25","49,291.90",27.73,"22,821.40",,"19,607.20","21,365.00","53,418.95",7.015,
2024-06-07,"21,254.95","2,347.60",7.018,"25,020.20","14,174.65","14,952.40","49,803.20",28.13,"23,290.15",,"19,884.25","21,764.15","54,272.40",7.003,
2024-06-10,"21,553.00","2,349.60",7.032,"25,022.65","14,214.00","14,908.00","49,780.90",28.28,"23,259.20",,"19,956.65","21,808.25","54,515.90",7.0,
2024-06-11,"21,903.95","2,349.10",7.014,"25,230.80","14,283.50","15,031.90","49,705.75",28.43,"23,264.85",,"20,119.55","21,852.00","54,748.90",6.996,
2024-06-12,"22,189.25","2,377.50",7.012,"25,217.60","14,358.55","15,243.40","49,895.10",28.55,"23,322.95",,"20,321.20","21,960.95","55,190.05",6.987,
2024-06-13,"22,338.80","2,340.60",6.986,"25,393.20","14,494.00","15,378.35","49,846.70",28.64,"23,398.90",,"20,480.05","22,074.30","55,720.25",6.975,
2024-06-14,"22,523.40","2,371.90",6.984,"25,722.10","14,683.35","15,523.60","50,002.00",28.81,"23,465.60",,"20,698.25","22,214.30","56,238.65",6.975,
2024-06-17,,"2,351.80",,,,,,,,,,,,,
2024-06-18,"22,733.30","2,369.50",6.981,"25,715.30","14,732.05","15,591.55","50,440.90",28.81,"23,557.90",,"20,809.75","22,329.60","56,537.65",6.964,
2024-06-19,"22,648.00","2,343.00",6.974,"25,381.70","14,531.45","15,442.95","51,398.05",28.46,"23,516.00",,"20,591.65","22,224.90","55,784.65",6.961,
2024-06-20,"22,969.95","2,391.80",6.976,"25,267.85","14,581.20","15,616.60","51,783.25",28.45,"23,567.00",,"20,766.70","22,305.10","56,085.25",6.949,
2024-06-21,"22,963.30","2,353.90",6.973,"25,092.30","14,528.85","15,623.80","51,661.45",28.32,"23,501.10",,"20,735.25","22,236.20","56,197.90",6.954,
2024-06-24,"23,026.85","2,367.20",6.971,"25,309.80","14,631.40","15,707.65","51,703.95",28.47,"23,537.85",,"20,784.00","22,289.10","56,430.65",6.932,
2024-06-25,"23,028.65","2,353.50",6.983,"25,250.25","14,585.50","15,659.85","52,606.00",28.47,"23,721.30",,"20,734.55","22,370.65","56,154.55",6.946,
2024-06-26,"23,153.45","2,335.90",6.997,"25,018.90","14,512.25","15,595.45","52,870.50",28.62,"23,868.80",,"20,680.70","22,436.80","55,822.80",6.951,
2024-06-27,"22,902.70","2,359.30",7.0,"25,191.40","14,591.70","15,641.80","52,811.30",28.71,"24,044.50",,"20,723.15","22,537.40","55,961.55",6.951,
2024-06-28,"23,049.90","2,362.50",7.008,"25,200.60","14,622.10","15,711.15","52,342.25",28.84,"24,010.60",,"20,831.95","22,559.70","56,314.80",6.949,
2024-07-01,"23,578.10","2,361.90",7.013,"25,323.85","14,706.25","15,840.40","52,574.75",28.9,"24,141.95",,"21,029.90","22,727.60","56,573.20",6.963,
2024-07-02,"23,625.80","2,356.40",7.009,"25,130.85","14,665.65","15,711.45","52,168.10",28.91,"24,123.85",,"20,909.90","22,677.80","56,270.35",6.942,
2024-07-03,"23,804.90","2,392.60",7.001,"25,182.80","14,757.10","15,862.30","53,089.25",28.93,"24,286.50",,"21,072.75","22,851.20","57,088.85",6.956,
2024-07-04,"23,873.60","2,364.60",6.998,"25,366.45","14,870.50","15,976.05","53,103.70",29.11,"24,302.15",,"21,215.30","22,914.20","57,792.10",6.955,
2024-07-05,"24,084.20","2,421.10",6.993,"25,398.30","14,961.30","16,097.35","52,660.35",29.35,"24,323.85",,"21,352.50","22,987.65","58,543.85",6.949,
2024-07-08,"24,001.95","2,387.00",6.989,"25,260.50","14,883.45","15,988.95","52,425.80",29.35,"24,320.55",,"21,289.35","22,971.15","58,998.50",6.94,
2024-07-09,"24,049.90","2,391.20",6.989,"25,823.55","15,017.20","16,027.45","52,568.80",29.6,"24,433.20",,"21,347.50","23,067.35","59,085.40",6.941,
2024-07-10,"23,849.75","2,403.20",6.976,"25,302.80","14,912.40","15,947.75","52,189.30",29.76,"24,324.45",,"21,266.60","22,977.65","59,007.75",6.931,
2024-07-11,"24,067.90","2,445.60",6.982,"25,257.25","14,896.75","15,966.15","52,270.65",29.71,"24,315.95",,"21,312.15","23,005.25","59,485.95",6.924,
2024-07-12,"23,967.15","2,444.50",6.986,"25,145.45","14,845.90","15,954.90","52,278.90",29.66,"24,502.15",,"21,300.25","23,095.45","59,284.05",6.915,
2024-07-15,"23,975.40","2,452.90",6.981,"25,419.80","14,923.55","16,088.45","52,455.90",29.89,"24,586.70",,"21,448.85","23,209.85","59,811.95",6.91,
2024-07-16,"24,032.15","2,492.00",6.966,"25,482.90","14,886.70","16,104.60","52,396.80",29.92,"24,613.00",,"21,456.50","23,204.25","59,564.65",6.891,
2024-07-17,,"2,484.30",,,,,,,,,,,,,
2024-07-18,"23,783.35","2,480.80",6.966,"25,576.70","14,782.75","16,002.75","52,620.70",30.02,"24,800.85",,"21,255.60","23,210.05","58,161.20",6.876,
2024-07-19,"23,246.60","2,423.00",6.965,"24,963.35","14,407.25","15,596.40","52,265.60",29.55,"24,530.90",,"20,812.25","22,853.60","56,989.75",6.873,
2024-07-22,"23,455.15","2,418.40",6.967,"25,250.75","14,540.45","15,867.10","52,280.40",29.68,"24,509.25",,"21,040.35","22,942.65","57,632.70",6.885,
2024-07-23,"23,502.25","2,431.00",6.97,"25,321.70","14,480.85","15,843.55","51,778.30",29.82,"24,479.05",,"20,947.80","22,865.20","57,016.75",6.875,
2024-07-24,"24,131.50","2,439.60",6.964,"25,309.05","14,528.25","15,981.15","51,317.00",29.81,"24,413.50",,"21,133.35","22,921.45","57,841.00",6.865,
2024-07-25,"24,180.25","2,376.60",6.952,"25,627.35","14,611.45","15,938.85","50,888.75",29.88,"24,406.10",,"21,080.45","22,917.25","57,571.90",6.839,
2024-07-26,"24,439.35","2,404.50",6.94,"26,250.70","14,927.65","16,296.30","51,295.95",30.28,"24,834.85",,"21,442.40","23,292.05","58,322.80",6.825,
2024-07-29,"24,626.45","2,401.80",6.919,"26,426.55","15,070.25","16,455.90","51,406.25",30.43,"24,836.10",,"21,644.85","23,394.20","59,570.10",6.82,
2024-07-30,"24,787.05","2,451.90",6.931,"26,580.95","15,108.50","16,546.55","51,499.30",30.47,"24,857.30",,"21,749.50","23,440.90","59,597.75",6.82,
2024-07-31,"24,818.60","2,473.00",6.924,"26,685.25","15,194.20","16,661.65","51,553.40",30.62,"24,951.15",,"21,860.95","23,530.80","60,090.65",6.817,
2024-08-01,"24,628.60","2,480.80",6.916,"26,487.45","15,107.40","16,505.95","51,564.00",30.8,"25,010.90",,"21,706.45","23,506.60","59,311.25",6.824,
2024-08-02,"24,591.00","2,469.80",6.9,"25,714.45","14,851.60","16,269.15","51,350.15",30.43,"24,717.70",,"21,492.25","23,259.45","58,809.90",6.81,
2024-08-05,"23,487.80","2,444.40",6.86,"24,706.50","14,360.75","15,735.95","50,092.10",29.89,"24,055.60",,"20,734.85","22,542.45","56,189.40",6.758,
2024-08-06,"23,274.60","2,431.60",6.872,"24,520.05","14,299.85","15,654.65","49,748.30",29.67,"23,992.55",,"20,611.15","22,443.30","55,322.80",6.767,
2024-08-07,"23,934.30","2,432.40",6.862,"24,937.60","14,638.70","16,077.70","50,119.00",30.22,"24,297.50",,"21,063.70","22,848.90","57,195.35",6.75,
2024-08-08,"23,928.45","2,463.30",6.877,"24,917.35","14,564.95","16,052.60","50,156.70",30.27,"24,117.00",,"20,991.00","22,705.70","56,957.25",6.754,
2024-08-09,"24,185.85","2,473.40",6.88,"25,346.65","14,733.55","16,176.55","50,484.50",30.34,"24,367.50",,"21,151.35","22,923.50","57,883.80",6.78,
2024-08-12,"24,305.35","2,504.00",6.879,"25,278.95","14,734.40","16,196.75","50,577.95",30.36,"24,347.00",,"21,208.70","22,915.85","58,249.80",6.8,
2024-08-13,"23,869.85","2,507.80",6.88,"25,081.85","14,615.95","16,055.35","49,831.85",30.11,"24,139.00",,"21,044.95","22,705.80","57,763.15",6.806,
2024-08-14,"23,754.35","2,479.70",6.858,"25,093.50","14,543.30","15,922.95","49,727.30",30.06,"24,143.75",,"20,917.75","22,672.65","57,470.15",6.802,"25,160.65"
2024-08-15,,"2,492.40",,,,,,,,,,,,,
2024-08-16,"24,246.95","2,537.80",6.867,"25,597.35","14,768.50","16,246.25","50,516.90",30.44,"24,541.15",,"21,298.35","23,056.50","58,611.75",6.803,"25,578.50"
2024-08-19,"24,601.05","2,541.30",6.864,"25,368.75","14,811.20","16,260.05","50,368.35",30.4,"24,572.65",,"21,351.40","23,139.75","59,087.95",6.765,"25,638.20"
2024-08-20,"24,732.15","2,550.60",6.856,"25,500.00","14,899.10","16,394.95","50,803.15",30.54,"24,698.85",,"21,529.05","23,280.35","59,335.30",6.777,"25,782.35"
2024-08-21,"25,002.85","2,547.50",6.853,"25,586.75","14,978.55","16,444.35","50,685.55",30.61,"24,770.20",,"21,617.70","23,368.65","59,284.40",6.771,"25,853.20"
2024-08-22,"25,131.30","2,516.70",6.852,"25,563.65","15,008.55","16,575.35","50,985.70",30.79,"24,811.50",,"21,760.35","23,440.70","59,508.90",6.767,"25,910.45"
2024-08-23,"25,143.85","2,546.30",6.859,"25,850.70","15,052.40","16,463.10","50,933.45",30.84,"24,823.15",,"21,645.65","23,418.65","59,484.20",6.77,"25,905.95"
2024-08-26,"25,082.10","2,555.20",6.851,"25,941.45","15,119.05","16,558.00","51,148.10",30.98,"25,010.60",,"21,758.45","23,561.75","59,587.05",6.764,"26,076.80"
2024-08-27,"25,179.55",,6.861,"25,911.90","15,095.90","16,581.00","51,278.75",30.97,"25,017.75",,"21,869.75","23,604.85","59,720.45",6.751,"26,083.15"
2024-08-28,"25,104.90",,6.861,"25,879.40","15,108.20","16,586.20","51,143.85",30.98,"25,052.35",,"21,838.70","23,615.95","60,111.15",6.741,"26,116.80"
2024-08-29,"24,831.20",,6.864,"26,020.40","15,096.60","16,514.70","51,152.75",31.06,"25,151.95",,"21,741.35","23,631.40","59,932.80",6.725,"26,188.90"
2024-08-30,"25,108.80",,6.863,"26,172.80","15,177.15","16,618.80","51,351.00",31.28,"25,235.90",,"21,925.45","23,734.55","60,274.95",6.745,"26,274.35"
2024-09-02,"24,906.25",,6.876,"26,071.40","15,109.00","16,588.75","51,439.55",31.24,"25,278.70",,"21,862.85","23,760.70","59,936.65",6.764,"26,335.00"
2024-09-03,"25,030.60",,6.87,"26,034.65","15,113.80","16,651.60","51,689.10",31.25,"25,279.85",,"21,913.80","23,788.45","60,053.05",6.765,"26,341.70"
2024-09-04,"25,097.85",,6.859,"25,934.25","15,114.65","16,627.95","51,400.25",31.28,"25,198.70",,"21,895.35","23,748.90","59,879.10",6.759,"26,275.75"
2024-09-05,"25,254.35",,6.855,"25,835.30","15,074.15","16,705.15","51,473.05",31.19,"25,145.10",,"21,976.90","23,762.80","59,721.05",6.755,"26,239.10"
2024-09-06,"24,957.35",,6.854,"25,527.15","14,906.00","16,413.95","50,576.85",30.84,"24,852.15",,"21,675.80","23,477.70","58,824.25",6.743,"25,928.55"
2024-09-09,"24,783.00",,6.854,"25,495.25","14,866.05","16,328.90","51,117.80",30.85,"24,936.40",,"21,621.40","23,502.15","58,408.40",6.755,"26,011.25"
2024-09-10,"25,209.85",,6.851,"25,556.45","14,965.10","16,562.85","51,272.30",30.98,"25,041.10",,"21,853.55","23,643.65","58,955.40",6.74,"26,115.20"
2024-09-11,"24,940.85",,6.83,"25,240.60","14,897.65","16,545.85","51,010.00",30.81,"24,918.45",,"21,798.95","23,531.25","58,857.50",6.732,"25,987.80"
2024-09-12,"25,127.00",,6.811,"25,779.80","15,147.85","16,760.15","51,772.40",31.24,"25,388.90",,"22,047.70","23,907.35","59,743.00",6.731,"26,461.10"
2024-09-13,"25,429.45",,6.792,"25,820.85","15,185.15","16,878.00","51,938.05",31.35,"25,356.50",,"22,190.35","23,928.20","60,014.20",6.704,"26,419.90"
